1077506.0258000002,-0.6931859976005674,-0.012534582957140416,0.36448063292031074,-2.816792887885067,-1.6020517978751172,0.9576320348910377
1077506.03,-0.6931865834960073,-0.0125345825410215,0.3644806329203108,-2.816792515042515,-1.602051611453841,0.9576320348910375
1077506.0339999998,-0.6931865834960073,-0.012534582749080958,0.36448077939417073,-2.816792515042515,-1.6020519842963936,0.9576325142600337
1077506.0380000002,-0.6931863837589256,-0.012534582749080958,0.3644803399725908,-2.816792515042515,-1.6020519842963936,0.9576310761530452
1077506.042,-0.6931861707060383,-0.012534425040010155,0.36448063292031074,-2.816792887885067,-1.602051611453841,0.9576320348910377
1077506.0459999999,-0.6931855981264039,-0.012534741082330141,0.36448063292031074,-2.816793047674733,-1.6020521707176698,0.9576327406287266
1077506.05,-0.6931857845476802,-0.012534582749080958,0.3644803399725908,-2.8167927280954017,-1.602051611453841,0.9576325142600337
1077506.054,-0.693179685908784,-0.012535530876040918,0.3644819911324667,-2.816791716094188,-1.602051611453841,0.9576320348910375
1077506.0582,-0.693102640658448,-0.01254935455463357,0.3645006532338055,-2.816782181977486,-1.60205366208788,0.9576320348910377
1077506.0622,-0.6928709456436112,-0.012596908624848299,0.36457729235207526,-2.8167268414900337,-1.602059121568115,0.957630596784049
1077506.0664000001,-0.6924299661145102,-0.012690989367663472,0.3647440728153414,-2.816581432894515,-1.602067883368101,0.9576298777305545
1077506.0702,-0.691829702920612,-0.012830333654096443,0.3649970930926071,-2.8163741856984856,-1.602076831589364,0.9576272412010753
1077506.0743999998,-0.6911097439515199,-0.013001591765004811,0.3653065124638579,-2.81617418230062,-1.6020925176081846,0.9576246579348181
1077506.0783999998,-0.6903004226120503,-0.013194809095517106,0.3656463384768548,-2.8159838195459015,-1.6021181372178712,0.9576187457171981
1077506.0824000002,-0.6894388234203823,-0.013394583211856955,0.3660064977247744,-2.8157500472654142,-1.6021559541053503,0.9576074006509543
1077506.0864,-0.6885265442731703,-0.013588275542116801,0.36639316874134564,-2.815485755158835,-1.6021980586821845,0.9575991182199644
1077506.0903999999,-0.6875382052452256,-0.013782440167351213,0.3668102796891767,-2.8152372822291305,-1.6022409888389568,0.9575847371500779
1077506.0946,-0.6864633933766859,-0.013994221187077577,0.36725319666797046,-2.8149803404471596,-1.6022923612163844,0.9575690511312572
1077506.0986,-0.6853174484754303,-0.014228199238370834,0.3677134574833635,-2.8146961811588485,-1.6023565700302658,0.9575539243762655
1077506.1026,-0.6841217956724284,-0.014463046978207569,0.3681837850476769,-2.8144047780723715,-1.6024257323237756,0.9575416072562242
1077506.1067999997,-0.6828965817813264,-0.014685097604828093,0.36865380634846495,-2.8141066105567267,-1.602493190194187,0.9575269332386176
1077506.1105999998,-0.681660648666837,-0.014916784297286581,0.36912116448816296,-2.8138027971395703,-1.6025650689120083,0.9575108477456336
1077506.1148,-0.680414382487318,-0.01516743040805237,0.36957992061753997,-2.813498131510865,-1.602645949114314,0.957493270882439
1077506.1187999998,-0.679162137511152,-0.01542850362672366,0.37003378318841396,-2.8132004433642157,-1.60272536457802,0.9574784104435565
1077506.1228,-0.677906829899732,-0.015684994959963252,0.37049134089530056,-2.8129087739616305,-1.6028076562557036,0.9574636831627282
1077506.1268000002,-0.6766507766032073,-0.015932875544384568,0.3709541450295345,-2.8126202470891313,-1.60289743141605,0.9574486096709585
1077506.1308,-0.6753847630842053,-0.01618004560574942,0.3714205577470456,-2.8123343833777223,-1.602989310473658,0.9574345748120138
1077506.135,-0.6740973510658447,-0.016435668498802295,0.37188649775346305,-2.8120519285125085,-1.6030838260607445,0.9574208728482052
1077506.1388,-0.6727861170715334,-0.01669603077829821,0.37235666552811114,-2.811759992793814,-1.6031818303888599,0.9574104865199539
1077506.1428,-0.6714651092760212,-0.016951731069470264,0.37283395725867513,-2.8114556467444403,-1.6032852409339875,0.9573979030838033
1077506.1467999998,-0.6701238747720301,-0.017197638626030853,0.37331038346188483,-2.811148797323641,-1.6033908619028199,0.9573858256482598
1077506.151,-0.668729217256572,-0.01744006930095267,0.37378694948105184,-2.810860163924698,-1.6034986932953572,0.9573754126883977
1077506.155,-0.6673343600040321,-0.01768794988537398,0.3742565113865518,-2.810563221463154,-1.6036126233267907,0.9573671036257967
1077506.1589999998,-0.6659713674739349,-0.017933934007815913,0.37472186549752956,-2.810269261742031,-1.603727565359439,0.9573595136166897
1077506.1630000002,-0.6646247667003473,-0.018171072690368495,0.3751773525966685,-2.8099955420451934,-1.603840270336771,0.9573475027601737
1077506.167,-0.6632917214167081,-0.0184073416843776,0.37562882498046424,-2.809722301717351,-1.6039596598484391,0.957340365488452
1077506.1709999999,-0.6619967859682679,-0.018649692672526176,0.37607948510012745,-2.8094284485226715,-1.6040857072628327,0.9573332681641471
1077506.175,-0.6607475104167173,-0.018889043027140284,0.3765345394355893,-2.8091341159589964,-1.6042143645750944,0.9573257181024568
1077506.1792,-0.6595291275338114,-0.019117571376993506,0.3769878427426344,-2.80886018320927,-1.6043356449311363,0.957317475618883
1077506.183,-0.6583503192247042,-0.01934641431275049,0.37744269068311176,-2.808575491288741,-1.604467790984426,0.9573115101380412
1077506.1872,-0.6572003529502026,-0.019581498616193432,0.377897831571309,-2.8082889884186697,-1.6046107228401307,0.9573032143912454
1077506.1912,-0.6560430762985087,-0.019818163339295765,0.37835475011953384,-2.8080184645151403,-1.6047495267961458,0.9572958241192205
1077506.1954,-0.6549022313507405,-0.020043372308521556,0.37881441838158425,-2.8077531604073465,-1.6048907808603634,0.9572871155824562
1077506.1993999998,-0.6537877250661532,-0.020261867198967904,0.3792687203740382,-2.807471344700794,-1.6050389591434153,0.9572772086232011
1077506.2033999998,-0.6526824333189377,-0.02047830979089921,0.3797213645487135,-2.807196133633745,-1.60518543300337,0.9572696052982888
1077506.2074000002,-0.6515522543313352,-0.02069972874899868,0.3801711325094116,-2.806934185108925,-1.6053303089666702,0.9572594053913137
1077506.2114,-0.6504087595382825,-0.02092762334973625,0.380620793943666,-2.806656523933673,-1.6054746256661416,0.9572516156451252
1077506.2153999999,-0.6492851851901836,-0.02114754011853335,0.38107125432624744,-2.806347490720781,-1.6056213392105942,0.9572400442101889
1077506.2194000003,-0.6481609849992285,-0.02136208853713933,0.38151608878102616,-2.8060520928926693,-1.6057666146480578,0.9572298043557975
1077506.2236,-0.6470281827979523,-0.021578450818119016,0.3819570483364187,-2.805780450461481,-1.6059079486071084,0.9572222276624963
1077506.2276,-0.6458964591769176,-0.021806424897570363,0.3823994726304108,-2.8055098200315074,-1.606058417208698,0.957213053072541
1077506.2316,-0.6447576781789943,-0.022038112422266692,0.3828434748473488,-2.805231626224038,-1.6062099777063341,0.957203119481675
1077506.2355999998,-0.6436068596929438,-0.022258819400893488,0.3832927101758289,-2.8049662155898005,-1.606357703252001,0.9571924135740929
1077506.2396,-0.6424373325002355,-0.0224766830389377,0.3837430374003558,-2.8047028289579914,-1.6065080653271466,0.9571836784057174
1077506.2437999998,-0.6412593098236499,-0.02270220909078078,0.384198324762413,-2.8044267656793935,-1.606667668571275,0.9571761682914433
1077506.2478,-0.6400668661297615,-0.022935950162348912,0.38464927117189335,-2.8041489447144765,-1.6068296686603847,0.9571687647036129
1077506.2518000002,-0.6388568855200949,-0.023167163311476068,0.38509886602712057,-2.803864891952609,-1.6069877006394702,0.9571599895878211
1077506.2558,-0.6376393947961543,-0.023395928432994952,0.3855474155916199,-2.8035711452843737,-1.6071510855723463,0.9571493236276553
1077506.2598,-0.6364154592223755,-0.023630300756965216,0.38599673081493263,-2.803283044517648,-1.607325123149583,0.957136806770532
1077506.2638,-0.6351946928102941,-0.02387209997142544,0.3864432763507117,-2.80300841934604,-1.6074987346210452,0.9571247160191831
1077506.2678,-0.633936415774259,-0.024117373778870375,0.3868830241678083,-2.802741197762261,-1.6076652887156189,0.9571114534769544
1077506.2719999999,-0.6326593501367332,-0.024359726015375706,0.38732261219523945,-2.8024650812204417,-1.607835784288606,0.9570946755620868
1077506.2758000002,-0.631386758609839,-0.024596311259764258,0.3877622135384762,-2.802177992454931,-1.6080101680767842,0.9570818391256328
1077506.28,-0.6301201458795918,-0.024828788578171366,0.38820734759887743,-2.8019023020188856,-1.608181409334876,0.9570712397444942
1077506.2839999998,-0.6288604440523734,-0.025063319027331353,0.38865241508025145,-2.801628156216273,-1.608353556067739,0.9570579772022656
1077506.2880000002,-0.6276187851415403,-0.02530385407251163,0.38909973959064936,-2.801332918177827,-1.608532600387825,0.9570477772952906
1077506.292,-0.6263988043619805,-0.025541071401540154,0.3895501999732308,-2.801034324556407,-1.6087146540799426,0.9570390154953042
1077506.2959999999,-0.6251946427592957,-0.02577370642901806,0.3900027842267816,-2.8007560242224936,-1.6088943641903015,0.9570304800640106
1077506.3,-0.6239962868477873,-0.026007209896682686,0.3904555282699978,-2.800489122218046,-1.6090734351419982,0.9570217848430514
1077506.304,-0.6228156542733333,-0.026246086291846542,0.39090177420015426,-2.8002162547327565,-1.6092540773587385,0.957011305304162
1077506.3084,-0.6216433707088967,-0.026482512994926453,0.3913476139982443,-2.7999433339842454,-1.6094363174721327,0.9570018244506814
1077506.312,-0.6204613266590652,-0.02671364791369659,0.3917945257186733,-2.7996750471360303,-1.6096196228499628,0.956987922749791
1077506.3164000001,-0.6192930245204582,-0.026942412619096558,0.39224392083681875,-2.799398025119441,-1.6098095328672961,0.956976537736131
1077506.3202,-0.618139076820127,-0.027175601500857415,0.3926903332145433,-2.7991076872974,-1.6099989635156333,0.9569665908294596
1077506.3243999998,-0.616991081284832,-0.02740863059295287,0.39313226482373365,-2.798821397480217,-1.6101874886892003,0.9569557384480175
1077506.3283999998,-0.6158302226814719,-0.027635894773526147,0.3935773323051078,-2.7985379306137887,-1.6103727115430153,0.9569445931188554
1077506.3324000002,-0.6146627993860247,-0.027863948747810195,0.3940303360065302,-2.7982555822750177,-1.6105576148174996,0.9569324757358956
1077506.3366,-0.6135027397309917,-0.028092082200808034,0.39448469126220587,-2.797976216676669,-1.610744142620249,0.9569233011459403
1077506.3403999999,-0.6123383524391872,-0.02832084732232692,0.39493876688596713,-2.7977079298284546,-1.6109216156752915,0.9569150053991446
1077506.3446,-0.6111784658896251,-0.02854732004471373,0.3953866639759994,-2.79744555519786,-1.6111007398902104,0.9569060039146603
1077506.3484,-0.6100211759221257,-0.02877703225289528,0.395838842097484,-2.7971681070754952,-1.611282340844943,0.9568925150037391
1077506.3526,-0.6088528072044915,-0.029008088525189473,0.3962888564005828,-2.7968883153713717,-1.6114625569559085,0.9568830607818694
1077506.3566,-0.607669285100255,-0.029238196046345328,0.3967367668064205,-2.7966116129341123,-1.6116409621173329,0.9568749914037662
1077506.3605999998,-0.6064755231416268,-0.029470278051778126,0.3971820273669736,-2.7963268677503614,-1.6118168639073325,0.9568633800214135
1077506.3648,-0.605276235123737,-0.02970243911980578,0.3976301441677958,-2.7960331210821256,-1.6120029656043073,0.9568515156387571
1077506.3686,-0.6040688510961332,-0.029931756847250864,0.3980835140538682,-2.7957521575871223,-1.6121909048824343,0.9568434462606543
1077506.3728,-0.6028525854262939,-0.03016107540693378,0.3985368107030106,-2.795482592421584,-1.6123777522645142,0.9568345379868081
1077506.3768000002,-0.6016298615908113,-0.030394499395884622,0.39898789027054543,-2.7952206971599862,-1.6125722961821445,0.9568262156084015
1077506.3808,-0.6004058594380053,-0.03063045297175212,0.3994354211759278,-2.794948149254027,-1.612766014519837,0.9568179464932168
1077506.3848,-0.5991890744517537,-0.030864431647223755,0.3998900960109343,-2.7946804483012526,-1.6129549391675675,0.9568089050613159
1077506.3888,-0.5979468296454808,-0.031095564901518213,0.4003429465805941,-2.7944125875588126,-1.6131407745484325,0.9568001299455242
1077506.3928,-0.596696342355634,-0.031327094301024816,0.4007989996014647,-2.7941350329100048,-1.6133288203530036,0.9567926331470555
1077506.3967999998,-0.5954494902806753,-0.03155973016074056,0.40125032551140044,-2.7938482637238247,-1.6135141763648726,0.9567867076136303
1077506.4008000002,-0.5942086303181692,-0.03179078560079692,0.4017026168172313,-2.793556434531574,-1.6136963099518233,0.9567786116039164
1077506.4048000001,-0.5929742817845284,-0.032019393845482844,0.402155713729292,-2.793274938404352,-1.613889442394076,0.9567722200173
1077506.4089999998,-0.5917460851530056,-0.03225013137068407,0.40260730595533667,-2.7930038818686045,-1.614076476197432,0.9567688910659374
1077506.4130000002,-0.5905241602658501,-0.032483874106727886,0.4030608023415609,-2.7927308013304275,-1.614263589895621,0.9567599428446748
1077506.417,-0.5893128613914438,-0.032719275076669184,0.40351240122550835,-2.7924551641576043,-1.6144475078005018,0.9567518734665719
1077506.4209999999,-0.5881093123158098,-0.03295356792192568,0.40396462595231186,-2.7921805389859955,-1.6146369917120613,0.9567414605067096
1077506.425,-0.5869083465064332,-0.033189363788722365,0.4044159984675667,-2.791894994853917,-1.614825250569519,0.9567310475468475
1077506.429,-0.5857024405332343,-0.03342886977181268,0.40486227102933403,-2.791604923347985,-1.6150163590093427,0.956714975369669
1077506.433,-0.5844934586089766,-0.033672327636289315,0.405308044248397,-2.7913035067758103,-1.6152028868120922,0.9566988499292683
1077506.4372,-0.5833024397062714,-0.03391736758490103,0.40575246591320663,-2.7909900527155083,-1.615388109665907,0.9566775712721588
1077506.4412,-0.582114496754625,-0.034161140451400354,0.40619276633622936,-2.790677397603533,-1.615568805145869,0.9566557599828309
1077506.4454,-0.5809287908582946,-0.034412574067222854,0.4066314555467928,-2.7903734776599327,-1.6157398333510737,0.9566304466366699
1077506.4492,-0.5797360275850754,-0.03467301748990823,0.40706458540858054,-2.7900763754087237,-1.615909396817679,0.9566017777075351
1077506.4533999998,-0.5785449154717319,-0.03494024989277871,0.4074979283232555,-2.7897668095636132,-1.616074432910431,0.9565693803528742
1077506.4574000002,-0.5773588234170433,-0.035209142610141284,0.4079214241997999,-2.7894419039106233,-1.6162385901600238,0.9565305514641809
1077506.4614,-0.5761705342544555,-0.03548111876870348,0.4083393673854715,-2.7891073576144874,-1.6163945715050698,0.9564912831539075
1077506.4653999999,-0.5749773581912673,-0.035762650682151995,0.40875235043361274,-2.7887605607773374,-1.6165467711613677,0.9564479402071665
1077506.4694000003,-0.573774395011073,-0.036057768046111285,0.4091619246355588,-2.788396506656323,-1.6166992105021643,0.9563970605145407
1077506.4736,-0.5725697007761703,-0.03635794208719036,0.4095698077302126,-2.788034210221629,-1.616847921417434,0.9563409477103727
1077506.4776,-0.5713636483291116,-0.03666198769870414,0.4099676640233623,-2.787679636954096,-1.6169927174859016,0.9562829174302199
1077506.4816,-0.5701489672401209,-0.03697575051924536,0.4103588624137867,-2.787329005164976,-1.6171349036565013,0.9562196939859413
1077506.4855999998,-0.5689279611435414,-0.03729733221429946,0.41074473448203097,-2.786967294625722,-1.6172756250885008,0.9561543533285963
1077506.4896,-0.5677022412518323,-0.037622232873862085,0.4111266317823484,-2.7865861962737313,-1.6174154943089516,0.9560845518764254
1077506.4937999998,-0.566472899461041,-0.03795266042492447,0.4115088819515102,-2.7861876808482116,-1.6175522742625383,0.9560104627348993
1077506.4976,-0.565240974403992,-0.03829043580388194,0.4118810453980434,-2.7857813357290877,-1.6176883617942412,0.9559335373268123
1077506.5018000002,-0.5640123383508895,-0.03863421661109755,0.41225003968287927,-2.7853766417698393,-1.6178207475320292,0.9558528035983664
1077506.5058,-0.5627879500397255,-0.038985816292826055,0.41261441338322397,-2.7849870213023604,-1.617949324949458,0.9557687542343636
1077506.5098,-0.5615588346176267,-0.03934784225022222,0.41297344744558295,-2.784593565882912,-1.6180756653115715,0.955685210870968
1077506.5138,-0.560316949338101,-0.039712553006892325,0.4133290127406221,-2.7841822672841596,-1.6181940694536365,0.9555961947115321
1077506.5178,-0.5590783264309106,-0.04008492700959913,0.41367479091865533,-2.783744922969947,-1.6183064548516377,0.9554960598545449
1077506.5219999999,-0.5578418673421058,-0.04046607030243286,0.41401139450673313,-2.7832869657888977,-1.6184112236089212,0.9553921033613937
1077506.5258000002,-0.5566066599390135,-0.040848950475640036,0.4143450486439037,-2.7828486627366926,-1.6185115448871847,0.9552860829183978
1077506.53,-0.5553738227492913,-0.04124297015234431,0.4146763858309259,-2.7824211188552908,-1.61860867037214,0.9551759878389339
1077506.5339999998,-0.5541468045665509,-0.04164765329250082,0.41500514640959346,-2.7819849463319577,-1.618703638696612,0.9550600204892664
1077506.5380000002,-0.5529272099453492,-0.04205407331303077,0.41532797479693284,-2.781532741578862,-1.618791416486141,0.9549397787660492
1077506.542,-0.5517124755931366,-0.04246238917136172,0.4156412557517643,-2.781048578892686,-1.618875172902424,0.9548168472501313
1077506.5459999999,-0.5505067427254088,-0.04287449670529466,0.41594714643457087,-2.7805576517773405,-1.6189565058421151,0.9546864588831611
1077506.5502,-0.549300883357529,-0.04329292508562735,0.41624877605963323,-2.7800885625829346,-1.6190376523605299,0.9545529013544936
1077506.554,-0.5480952636741475,-0.04372257119981415,0.41654671054868314,-2.7796275161350197,-1.619110063710569,0.9544128190811554
1077506.558,-0.5468936254165956,-0.044157033474384794,0.4168424479298337,-2.7791591726257177,-1.6191746453670035,0.9542679164862442
1077506.562,-0.5457088849161602,-0.04459450012756018,0.41713470988576173,-2.7786539177037084,-1.6192394134447141,0.9541188327284214
1077506.5662,-0.5445305826076601,-0.04504128534783733,0.4174178238833453,-2.7781261857020985,-1.6193019178354984,0.9539648887016094
1077506.5702,-0.5433476197672522,-0.04549130963779027,0.41769708961315377,-2.7776214634123066,-1.6193603742214253,0.9538061110374191
1077506.5743999998,-0.5421604091849059,-0.04594828477818833,0.4179740117612029,-2.777136022408807,-1.6194106547028064,0.9536427660519589
1077506.5783999998,-0.5409680587016557,-0.04641134773839074,0.41824477534923127,-2.7766377982320747,-1.6194622135015102,0.9534777565908176
1077506.5824000002,-0.5397772994571566,-0.046876929882536805,0.4185079289544447,-2.776098880953886,-1.6195088987154194,0.9533113356542986
1077506.5864,-0.5385877519509538,-0.04734868057355777,0.4187689653465916,-2.7755358886994435,-1.6195500179226503,0.9531415857664169
1077506.5903999999,-0.5373910139098076,-0.04783314619430817,0.419026812603333,-2.7750020846905477,-1.6195890864958415,0.9529699849815776
1077506.5946,-0.5361948617641012,-0.04832337839105643,0.4192758581126719,-2.7744870825989483,-1.6196235744319583,0.9527959207727301
1077506.5984,-0.5349973713799471,-0.04881621632448377,0.4195148102414792,-2.7739580190167934,-1.6196555856282608,0.9526191135079598
1077506.6026,-0.5337976372825745,-0.04931150603058966,0.4197503601819939,-2.773382829484558,-1.619684028188703,0.9524382848699433
1077506.6066,-0.532593469021987,-0.04981635315605757,0.41998322698771046,-2.7727950698319774,-1.6197008327351814,0.9522519568042759
1077506.6105999998,-0.5313854724673325,-0.05033368218465957,0.4202097687858381,-2.772240386640136,-1.6197111658002108,0.9520578256766147
1077506.6146,-0.5301762908059928,-0.05085637997957156,0.4204314702886844,-2.7717029607321577,-1.6197201406530843,0.9518613642829996
1077506.6186,-0.5289690266206382,-0.051383025910799615,0.42065106123636686,-2.7711317659415573,-1.61972591971265,0.9516608016213055
1077506.6228,-0.5277590260372633,-0.051913941222150206,0.4208666707582197,-2.770515137622761,-1.6197249343430467,0.9514515570544582
1077506.6268000002,-0.5265491452961377,-0.052455678954380615,0.42107460371823036,-2.7699152339556097,-1.6197236027625013,0.9512340300566203
1077506.6308,-0.5253299501490993,-0.05300436504034258,0.4212712115857055,-2.769350164435517,-1.6197184362299868,0.9510093791028668
1077506.6348,-0.5241158749292568,-0.05355700092709629,0.421462406578265,-2.7687793957506903,-1.6197091151661713,0.9507824245147702
1077506.6388,-0.5229041699227844,-0.054114142549519274,0.42165203030578136,-2.7681589857431463,-1.6196940949376235,0.9505489984452249
1077506.6428,-0.5216774313719585,-0.05467712731382146,0.4218384782136978,-2.7675200401344138,-1.6196735885972298,0.9503094204735613
1077506.6467999998,-0.520455360010943,-0.05524343104263215,0.42201924693058973,-2.7669179526751693,-1.6196439742459081,0.9500684310265199
1077506.6508000002,-0.5192348133096514,-0.05581526415965612,0.422192638691262,-2.7663257189119568,-1.6196140935784775,0.9498309702679231
1077506.6548000001,-0.5180225357235446,-0.056389386762979735,0.42236310097473523,-2.7656883711998796,-1.6195824285931164,0.9495928170874427
1077506.6589999998,-0.5168089665043092,-0.0569694357319666,0.42253308388921235,-2.7650384533674566,-1.61954764770928,0.9493539714850788
1077506.6630000002,-0.5155979472618173,-0.05755327387984194,0.4226995048257313,-2.7644142084079415,-1.6195038387093479,0.9491122763003489
1077506.667,-0.5143892915747931,-0.058146909131577426,0.4228656461303359,-2.7637999236709043,-1.6194582720230968,0.9488663466894854
1077506.6709999999,-0.5131848037348749,-0.05874101875888207,0.4230247100843436,-2.763153041842124,-1.6194093497538724,0.948615863073158
1077506.675,-0.5119811614486025,-0.059339313710287334,0.42317429318487065,-2.7624798479817736,-1.6193531570548714,0.9483573633419494
1077506.679,-0.5107755617389291,-0.05994116231727218,0.42331807725212406,-2.7618314747827832,-1.6192877764501101,0.9480905811797508
1077506.683,-0.5095744095082763,-0.06055557438669947,0.42346160831907387,-2.761196790231795,-1.6192189603675426,0.947821428804182
1077506.6872,-0.5083854745291239,-0.0611741717802274,0.42360190364529926,-2.7605290292200686,-1.6191465756491141,0.9475460845790786
1077506.691,-0.5071970322347733,-0.06179600491447977,0.4237372588077025,-2.759843957661257,-1.6190689711349493,0.947263456608394
1077506.6954,-0.5060080706240102,-0.06242194930366496,0.4238654966720926,-2.759183120868365,-1.6189867593520983,0.9469749164200895
1077506.6992,-0.5048176376167448,-0.06305445172703444,0.4239851658156753,-2.7585170642797356,-1.6188996473528419,0.9466879874442442
1077506.7033999998,-0.503630194007803,-0.063689633124013,0.4240983568199064,-2.757823364078992,-1.6188073155578486,0.9464036683662673
1077506.7074000002,-0.5024383694988681,-0.06432987452706271,0.42420808571472035,-2.757126627874605,-1.6187100569148392,0.9461198552888975
1077506.7114,-0.5012443212504227,-0.06497762105095939,0.42431780129372887,-2.756449492535842,-1.6186099753210736,0.9458316879431458
1077506.7153999999,-0.5000477496568447,-0.06563136967416283,0.4244252265542,-2.75575941423418,-1.618505233195401,0.9455388866970968
1077506.7194000003,-0.4988465841103863,-0.06628448746108308,0.42452906986300487,-2.755048510012794,-1.6183993459104595,0.9452451267130557
1077506.7236,-0.4976436209301921,-0.06694021015244454,0.42462843240327575,-2.754345115905683,-1.6182847767203643,0.9449449618265928
1077506.7276,-0.49644194272522374,-0.06760636078394935,0.4247226883321563,-2.7536520016003787,-1.6181653605770854,0.9446379126687121
1077506.7316,-0.4952398783618975,-0.06827503892177622,0.4248138150467562,-2.7529358243200344,-1.6180440003262107,0.9443247382403243
1077506.7358,-0.4940330935455389,-0.06894537487738164,0.42489940238628854,-2.752215385981947,-1.6179152098558944,0.9440044664876313
1077506.7396,-0.492822733435417,-0.06961990031827694,0.4249791773767419,-2.751512204927722,-1.6177797614828529,0.9436791746762836
1077506.7437999998,-0.4916079325041774,-0.07030319504929913,0.42505368596613957,-2.750789636060762,-1.6176393862617946,0.9433526977582508
1077506.7478,-0.49039743923600093,-0.07098837979245744,0.42512402005052863,-2.7500510349640392,-1.6174920868219023,0.943035328851146
1077506.7518000002,-0.48919014841903535,-0.07167404556908766,0.4251927961856799,-2.7493258029359895,-1.6173355728446386,0.9427145377820405
1077506.7558,-0.48798356999766124,-0.07236878440265662,0.42525924205487736,-2.74860445912313,-1.6171755168631243,0.9423875948108169
1077506.7598,-0.48677340962462107,-0.07306416405936289,0.42532112060280536,-2.747857868543137,-1.6170120520354156,0.9420592669958265
1077506.7638,-0.485561624723316,-0.07376555080880295,0.4253779724341758,-2.7471111181734793,-1.6168455512040638,0.9417259590695977
1077506.7678,-0.4843462112650256,-0.07446875017225998,0.425431488656281,-2.7463859926718728,-1.6166766002645094,0.94138884282301
1077506.7717999998,-0.4831277218556762,-0.0751732844452134,0.42548235503310144,-2.7456378041952254,-1.6165068770082383,0.9410435107244595
1077506.7758000002,-0.4819113163698798,-0.07587846453473117,0.4255312773023262,-2.7448737432784815,-1.616334091116714,0.9406882050876264
1077506.78,-0.48069232095992326,-0.0765884532944922,0.4255770570414647,-2.7441329583896654,-1.6161566713248932,0.9403304626583961
1077506.7837999999,-0.479475522657866,-0.07730460893665245,0.42561848917012357,-2.7433919604479615,-1.6159750703701605,0.9399793914476964
1077506.7880000002,-0.478258331539548,-0.07802147031650157,0.42565580671489833,-2.7426245439482444,-1.615791525307832,0.9396349515081109
1077506.792,-0.4770430379235068,-0.07874268263578162,0.4256896022291314,-2.7418561687105347,-1.615604651294141,0.9392905648317473
1077506.7959999999,-0.47582755122828646,-0.0794634189150168,0.4257196093967138,-2.7411050507566883,-1.6154150874877495,0.9389309315581432
1077506.8,-0.47461432821999266,-0.08018905208170637,0.42574529558542773,-2.7403352374119905,-1.615215563458881,0.9385758656058083
1077506.804,-0.47340485361093315,-0.08091673754691099,0.4257669537429928,-2.7395612162727696,-1.6150104467917228,0.9382155665419315
1077506.808,-0.472199174006427,-0.08164813479288491,0.4257859021341487,-2.738810045055702,-1.6147971275884079,0.9378444017808073
1077506.812,-0.47099653040556355,-0.0823798532826653,0.4258016547319965,-2.7380426818192065,-1.614578535326134,0.9374644485880855
1077506.816,-0.46979224896062977,-0.08311575127088143,0.4258152035640423,-2.7372561970860843,-1.6143531520030805,0.9370821518136048
1077506.8202,-0.46858537093363306,-0.08385591863922012,0.4258262290509552,-2.736485851109168,-1.6141296062611794,0.9367071787321215
1077506.8243999998,-0.4673746845862777,-0.08459743256838499,0.42583599619425305,-2.7357153453425864,-1.6139059539928344,0.9363383042895347
1077506.8283999998,-0.4661630994220543,-0.08533996848561815,0.4258434597032081,-2.7349343467213094,-1.6136868823615642,0.9359659544217254
1077506.8324000002,-0.4649529190753059,-0.0860811611709765,0.4258477873399794,-2.7341567036830066,-1.6134595549309154,0.9355874393359924
1077506.8364,-0.46374123404254164,-0.08682804469868924,0.4258498446319215,-2.7333891806568458,-1.6132223471726221,0.935207233142967
1077506.8403999999,-0.4625237166869901,-0.0875780840722937,0.42584934528921714,-2.7326006186580734,-1.612988548260524,0.9348218737332326
1077506.8444000003,-0.4613043284607728,-0.08832828822899061,0.4258489324992481,-2.7318129088708494,-1.6127496094475215,0.9344246499408418
1077506.8484,-0.46008463397103017,-0.08908267188412326,0.4258476541819249,-2.731033561409449,-1.6124984733567278,0.9340208081931423
1077506.8526,-0.4588610113186796,-0.08983342365331932,0.4258442453357295,-2.7302430819346917,-1.6122380162021177,0.9336257016138181
1077506.8566,-0.45763909308942674,-0.09058693678767069,0.42583764069622615,-2.729454200356588,-1.6119707413551176,0.9332409813627454
1077506.8605999998,-0.4564148978574418,-0.09134677659408663,0.4258281465269401,-2.7286796465851495,-1.6117005370309179,0.9328586712724588
1077506.8646,-0.45518925120266285,-0.09210740369749984,0.4258162821442838,-2.727889859532276,-1.611432543130423,0.9324626858499749
1077506.8686,-0.4539622529936306,-0.09286621319346908,0.4258030861810824,-2.727088461097049,-1.6111670259697424,0.9320673529019583
1077506.8728,-0.45273660633885165,-0.09363079342662536,0.4257890912695541,-2.7263069298435547,-1.610899511438244,0.9316630051536515
1077506.8768000002,-0.45150952823498675,-0.09439165522110964,0.42577420419906054,-2.7255223093231953,-1.610630239220426,0.9312551154010948
1077506.8808,-0.4502813915245885,-0.09514793637851898,0.4257577991267456,-2.7247331081657613,-1.6103597685801176,0.9308394225865445
1077506.8848,-0.4490567835026346,-0.09590295419888621,0.42574169366005343,-2.7239575423931086,-1.6100887919392022,0.9304337033102763
1077506.8888,-0.44783648980164675,-0.09665149720885319,0.42572602095703826,-2.7231865039943086,-1.609813927083095,0.9300449750017629
1077506.8928,-0.44661325996555695,-0.0974009806475801,0.42570925635797624,-2.722403108528051,-1.6095289954780672,0.9296558072716696
1077506.8967999998,-0.44538535628175413,-0.09815758304879593,0.42569018146666854,-2.7216242404356463,-1.6092371662858163,0.9292600349020731
1077506.901,-0.44415601449096265,-0.09890944502327143,0.4256704407850883,-2.720848301820441,-1.6089521015227344,0.9288623051090751
1077506.9048000001,-0.4429230974064078,-0.0996619311761274,0.4256502806556364,-2.7200580353985706,-1.6086731353985484,0.928463683157112
1077506.9089999998,-0.4416846342888827,-0.10041639805504413,0.42562934820946835,-2.7192842273122375,-1.6083888962154045,0.9280556069832793
1077506.9130000002,-0.44044831501603526,-0.10117180869167215,0.42560848900023035,-2.71851473354687,-1.608097439865706,0.9276407930118886
1077506.917,-0.43921086389972447,-0.1019292000543609,0.42558675760573533,-2.717729686920736,-1.6078084602558218,0.927229414518304
1077506.9209999999,-0.4379739320998263,-0.10268547788281887,0.42556348157780804,-2.7169508188283316,-1.6075127428483789,0.9268286220900525
1077506.925,-0.43673809885387777,-0.1034398648669029,0.4255394931542892,-2.7161874503334715,-1.607205414058584,0.9264358590924875
1077506.929,-0.4355027582927309,-0.10418659193390159,0.4255164368371518,-2.715406078869642,-1.6068940372639318,0.9260407791447743
1077506.933,-0.4342656334136537,-0.1049275499281889,0.42549596378627175,-2.714625985723136,-1.6065860693154754,0.9256454195651468
1077506.9374,-0.43302647121634247,-0.10566502916830227,0.4254769022107695,-2.7138731100829707,-1.6062890469590987,0.9252427629241321
1077506.941,-0.4317884275466892,-0.10640109193961085,0.42545851308344246,-2.7131201811795833,-1.6059968449242952,0.9248432088657875
1077506.9452,-0.4305484863747592,-0.10713422523372036,0.4254398576400066,-2.7123435501424944,-1.6057027786767286,0.9244409650147419
1077506.9492,-0.42930933749325356,-0.10786483351822133,0.42542090259094795,-2.711581673017845,-1.6054070879008973,0.92403572510747
1077506.9533999998,-0.42806719255552145,-0.10859441648570263,0.4254038716757768,-2.7108347628585214,-1.6051109710192915,0.9236413375816401
1077506.9574000002,-0.4268189356630877,-0.10931981163236978,0.4253883987098434,-2.710072033522322,-1.6048103533954432,0.923262050179191
1077506.9614,-0.42556597163342724,-0.11004607896429393,0.42537484321989494,-2.7093208623052547,-1.6045009739716085,0.9228802327737066
1077506.9656,-0.4243138864469264,-0.11076689347388616,0.42536269254742154,-2.7085903039550248,-1.6041826196949007,0.9224934618885943
1077506.9694000003,-0.4230584190458413,-0.11148541766494087,0.4253499959269245,-2.707841636109381,-1.6038757969057122,0.9221037881578938
1077506.9736,-0.42180262540752256,-0.1122028316507162,0.4253385110447236,-2.7070844461482495,-1.603574726544479,0.921709906632671
1077506.9776,-0.4205432564754405,-0.11291851291730728,0.4253275121894215,-2.706352449691031,-1.6032738958677437,0.9213133885779692
1077506.9816,-0.41928316183196135,-0.11362968844822907,0.4253184174942989,-2.7056222641833525,-1.6029760212998183,0.9209230224253855
1077506.9855999998,-0.418017667629372,-0.11433525802505626,0.42531004185267063,-2.704877484552901,-1.6026782798899475,0.9205397402813011
1077506.9896,-0.4167501627401597,-0.11503806290777682,0.42530281802821374,-2.704148950205099,-1.6023735609980208,0.9201706661016326
1077506.9937999998,-0.41548235824532476,-0.11573667830520754,0.4252966461523875,-2.7034375133514947,-1.6020622108349793,0.9198004600785007
1077506.9976,-0.4142143606713108,-0.11643561494644475,0.42529088040862745,-2.702708020265701,-1.601745534349758,0.9194255269444339
1077507.0018000002,-0.4129472419404565,-0.11713810357878585,0.4252866992457161,-2.7019744791750493,-1.6014342907131607,0.9190531238134028
1077507.0058,-0.4116799634199369,-0.11783624127169604,0.4252840627162369,-2.7012687947494003,-1.6011334334048144,0.9186779376790322
1077507.0098,-0.4104077380776924,-0.11852798904246568,0.4252834967945052,-2.7005617254799836,-1.6008350528362818,0.9182970390641236
1077507.0138,-0.4091327363900115,-0.11921838692345785,0.4252838430054469,-2.69984379051332,-1.600540320798443,0.9179198955063521
1077507.0178,-0.40785901967755667,-0.11990523614229745,0.4252841426110696,-2.699142473671859,-1.600250062871235,0.9175463605318577
1077507.0217999998,-0.40658339214701955,-0.12058347003501065,0.4252850547437429,-2.698456922744051,-1.599961562630347,0.9171856087305954
1077507.0258000002,-0.4053115729368414,-0.12125452171515905,0.42528626648203893,-2.6977525698989466,-1.599667842593722,0.9168345375198959
1077507.0298000001,-0.40403947409474866,-0.12192296349743918,0.4252896020913043,-2.6970454473663086,-1.5993643487558964,0.916481096095826
1077507.0337999999,-0.4027687534385199,-0.12258673975438461,0.42529584720406044,-2.6963681522378797,-1.5990670867150218,0.9161338465212905
1077507.0380000002,-0.40149605538518196,-0.12324776130407751,0.42530556774203926,-2.6956970356431804,-1.598781462688111,0.9157823225732056
1077507.042,-0.4002215397244001,-0.12390782744472932,0.42531755862484744,-2.6950088748175034,-1.598501724247209,0.9154326095746617
1077507.0459999999,-0.39894892156589484,-0.12455904689713504,0.42533169335233295,-2.6943314198994086,-1.5982304812901844,0.915084401262134
1077507.05,-0.39768192267728963,-0.125203318828047,0.4253502822167417,-2.693678039957569,-1.5979563621191823,0.9147340491049285
1077507.054,-0.3964135256291122,-0.12584395221511965,0.42537221334831854,-2.6930201859050977,-1.5976878089548587,0.9143927250638185
1077507.058,-0.39514731903093125,-0.12648024631409116,0.42539776637897786,-2.6923520520508184,-1.597426046851315,0.914066048408704
1077507.062,-0.3938743013982625,-0.12710674330920252,0.4254280598363775,-2.691701015690738,-1.5971583991617622,0.9137461761301745
1077507.0662,-0.39260248218808425,-0.12772746956712683,0.42546199516656785,-2.6910737879908027,-1.5968876089421227,0.9134342001242771
1077507.0699999998,-0.3913293846605828,-0.1283416494421966,0.4254999651858096,-2.6904296225863336,-1.5966224113607728,0.913122463802878
1077507.0743999998,-0.3900555813953924,-0.12895059953467566,0.4255427488687218,-2.6897838592852112,-1.59636778652895,0.912814695591503
1077507.0781999999,-0.3887801402861317,-0.1295508693864768,0.4255885419236657,-2.6891597208521407,-1.5961207517062346,0.9125121604916699
1077507.0824000002,-0.3875023289635008,-0.1301449024479001,0.42563741758757134,-2.6885542245467002,-1.5958828515260577,0.9122100914450277
1077507.0864,-0.3862273139600144,-0.13073063643357646,0.4256901681508631,-2.687929287165302,-1.5956544055677506,0.9119054258163228
1077507.0903999999,-0.3849437635252344,-0.13131006039194504,0.42574686685047086,-2.6873026453608064,-1.5954293151924173,0.9116054872985524
1077507.0944000003,-0.38366104532829504,-0.13188591571445288,0.42580777334460096,-2.686703540641982,-1.5952085391380497,0.9113110215768223
1077507.0984,-0.3823776014199586,-0.13245735185402685,0.4258731273177515,-2.6861233976301193,-1.594992636668477,0.9110243589170862
1077507.1026,-0.3810989911490006,-0.13302397932335755,0.4259412576363385,-2.685528074600043,-1.5947806490457066,0.9107480825856014
1077507.1064000004,-0.379820347588529,-0.13358474950276578,0.42601351585461505,-2.684917251972423,-1.5945690608971,0.9104801020009121
1077507.1105999998,-0.3785388278140802,-0.1341389666414167,0.42609143329020804,-2.6843378013824433,-1.5943633583345018,0.910216142789469
1077507.1146,-0.3772540789568096,-0.1346889959592535,0.4261756024964599,-2.683790042409435,-1.5941627690411972,0.9099618908001992
1077507.1186,-0.3759678587030368,-0.13522977745020498,0.4262645454189659,-2.6832295535264175,-1.5939703290208282,0.909708637496338
1077507.1228,-0.3746813987647658,-0.13576733152281045,0.42635651768721183,-2.682638278501198,-1.593790006383419,0.9094593656183066
1077507.1266,-0.3733943662468605,-0.13629587412407734,0.4264521185124429,-2.6820642074966203,-1.5936185520724397,0.9092171910645803
1077507.1308,-0.3721088184412628,-0.13681920525198607,0.42655217347459723,-2.6815363157053453,-1.5934540752435162,0.9089754825640446
1077507.1348,-0.3708245955583076,-0.1373330571908898,0.4266568090738264,-2.68101641339734,-1.5932991857945173,0.9087383014373621
1077507.1388,-0.3695363446442036,-0.13783869327783066,0.42676573902031334,-2.680462316100938,-1.5931527119345632,0.9085062735273892
1077507.1428,-0.368247308097578,-0.13834212227001813,0.4268778847338166,-2.6798959150002992,-1.593013694925661,0.9082790393073781
1077507.1467999998,-0.3669593634469993,-0.13883930115602228,0.4269933394249743,-2.6793795280649335,-1.5928849310869555,0.9080631368378054
1077507.151,-0.36567261721891114,-0.1393299253367935,0.4271128554367943,-2.6788936609556595,-1.5927662339971707,0.9078574209594021
1077507.1548000001,-0.36438458601559703,-0.13981297115978775,0.42723924906212946,-2.6783924007752846,-1.5926556062854889,0.907659747827491
1077507.1589999998,-0.3630968344441975,-0.14029017633761634,0.42737182787909633,-2.677858650029611,-1.5925506777385396,0.9074701573894883
1077507.1630000002,-0.36181047437446734,-0.14076129619235406,0.42750768238420395,-2.6773353921386325,-1.5924539250961371,0.9072890624353629
1077507.167,-0.3605230357244958,-0.14122388394474947,0.4276458538394601,-2.6768597515679438,-1.5923674256239313,0.9071136400143593
1077507.1709999999,-0.3592366090757385,-0.14167745689685493,0.4277882863524602,-2.6764020607030035,-1.5922901406890972,0.9069467263930386
1077507.175,-0.3579489706886852,-0.14212550711864988,0.42793612508247325,-2.675922851496454,-1.5922253726113866,0.906788361518817
1077507.1792,-0.35666131232792364,-0.14256708253004458,0.4280924859279745,-2.675424893635831,-1.5921688070698332,0.9066387717603874
1077507.183,-0.35537618397019777,-0.143000668458169,0.4282579081790848,-2.6749456844292827,-1.5921206038541027,0.9064988759083255
1077507.187,-0.35409435793222355,-0.1434230524649583,0.42842966875358945,-2.674510630433607,-1.5920820412815186,0.9063620426915172
1077507.191,-0.3528108274711517,-0.14383491698544176,0.4286050245955657,-2.674083778974089,-1.5920599104128599,0.9062322934832086
1077507.1952,-0.35152688422011086,-0.14423763021862948,0.42878494110090876,-2.673650109822181,-1.5920498436639394,0.906110174231423
1077507.1992,-0.3502428411005291,-0.14463567293305543,0.42896839961050154,-2.6732005149669535,-1.592047287029293,0.9059981749917798
1077507.2033999998,-0.3489580989011613,-0.145026771454939,0.4291581831276833,-2.6727485765299672,-1.5920489381891687,0.9058914221794838
1077507.2074000002,-0.3476773780750395,-0.1454076800567017,0.42935766720913576,-2.6723271046558508,-1.5920559689344465,0.9057938839045597
1077507.2114,-0.34639233627004906,-0.1457745138521033,0.42956362942993975,-2.6719309860753127,-1.5920768214857817,0.9057015521095668
1077507.2153999999,-0.3451103171528957,-0.14613109447730807,0.4297732801288535,-2.671545466875913,-1.5921139193197666,0.9056208716443427
1077507.2194000003,-0.3438234577404613,-0.1464780444462209,0.4299868323587642,-2.6711490819792654,-1.5921682478060042,0.9055493524532686
1077507.2236,-0.3425383293827354,-0.14681406879676165,0.4302088334672332,-2.6707428433865847,-1.592236211677023,0.905486395325099
1077507.2274,-0.3412550852114807,-0.14714205705871308,0.430440362034502,-2.670342517011524,-1.5923206871468003,0.9054328657871885
1077507.2316,-0.3399745641224406,-0.14746040134856706,0.4306786017677178,-2.6699629632929662,-1.5924177593685338,0.905390508210051
1077507.2355999998,-0.3386950284030038,-0.14776507363517483,0.4309192050564009,-2.6696113195026316,-1.5925285735014918,0.905357844539281
1077507.2396,-0.337412516601049,-0.14805829765804665,0.43116475516680897,-2.669270434883102,-1.5926554731274343,0.905335580512568
1077507.2436,-0.3361291858770588,-0.14834211739331912,0.4314192601563824,-2.668927845840474,-1.5927959815065469,0.9053247148153204
1077507.2476,-0.33484805891887076,-0.14861646293301362,0.4316836321577945,-2.668581954478095,-1.5929496725330554,0.9053180702284008
1077507.2518000002,-0.33357011443818535,-0.1488793568800208,0.43195500827287364,-2.668230363950982,-1.5931176381030068,0.905318789281895
1077507.2558,-0.3322933883536986,-0.14913323935568942,0.43223479331909465,-2.6678875085922455,-1.593301662534331,0.9053204537575763
1077507.2598,-0.3310162761108539,-0.14937835337346894,0.43252278755937584,-2.667566491154447,-1.5935000147723202,0.905323782708939
1077507.2638,-0.3297440707423176,-0.14961162631125172,0.4328155488580082,-2.667260387418753,-1.5937116828157596,0.905330107716528
1077507.2678,-0.32846884934384674,-0.14983170328583315,0.433111499292046,-2.666967865804619,-1.5939403950901758,0.9053481240013023
1077507.2717999998,-0.3271942271566212,-0.1500397627459956,0.4334151262879259,-2.666682428198985,-1.594189959915927,0.9053715731347003
1077507.2758000002,-0.32592313365784,-0.15024048519735486,0.43372724210978053,-2.6664008255453195,-1.5944589391860249,0.9054236512498168
1077507.2798000001,-0.3246530122128567,-0.15042999906947627,0.43404797991566424,-2.6661230045804025,-1.594748637849404,0.9055074609293217
1077507.2837999999,-0.32338370968990854,-0.1506033076063645,0.43437885104949564,-2.6658429998233912,-1.5950620919097063,0.9056041070452807
1077507.2880000002,-0.32211310221802625,-0.15076555736682623,0.43472042809090927,-2.6655706649703204,-1.5953836952429443,0.9057034962171624
1077507.292,-0.32084599680297754,-0.15091556990207905,0.43506549387335075,-2.665314735189564,-1.5957078552108286,0.9058104620823455
1077507.2959999999,-0.31958060912683184,-0.15105507626683148,0.43541536000365716,-2.6650749974282344,-1.5960385931866055,0.9059292923301847
1077507.3,-0.31832212569581214,-0.15118604387133885,0.4357712182464163,-2.664847403681476,-1.596385043812814,0.9060604263822605
1077507.304,-0.31706363560688977,-0.15130571967282427,0.4361350926040566,-2.6646251362568987,-1.5967559422578292,0.9062048762397861
1077507.308,-0.3158069431517032,-0.15140824804584097,0.436514007163953,-2.6644146932675605,-1.5971631395885024,0.9063658243802651
1077507.312,-0.3145502706702248,-0.15149466762321404,0.43690181002398765,-2.664214476816808,-1.5975917487343396,0.9065317792635934
1077507.316,-0.3132974997197433,-0.1515669424862474,0.43728937985742683,-2.6640197464779014,-1.598029545785938,0.9067026743107437
1077507.3199999998,-0.3120420323186582,-0.1516257251094082,0.43768660364981765,-2.663829809828957,-1.5984754122156388,0.9068920650116649
1077507.3243999998,-0.3107766246688043,-0.15166639823715644,0.43810306212318145,-2.663649354033493,-1.5989580302683835,0.9071072750593541
1077507.3281999999,-0.30950761509357605,-0.1516897108835487,0.43853931454134737,-2.66347896498695,-1.5994636580329455,0.9073349753325559
1077507.3324000002,-0.3082406228628736,-0.1516976004982781,0.43898530747120024,-2.663317204582339,-1.5999909372971701,0.9075684014021015
1077507.3364,-0.3069775388210708,-0.151694597784149,0.439434283141474,-2.663164179346103,-1.6005520387072392,0.9078162618047549
1077507.3403999999,-0.30571826309962685,-0.15168314286251033,0.4398904027413718,-2.663025588442975,-1.601123579708781,0.9080808601748597
1077507.3444000003,-0.3044594600892764,-0.15165992009780485,0.4403607968847125,-2.662898981764753,-1.6016920314434586,0.9083640207777623
1077507.3484,-0.3031994719722408,-0.1516216038676213,0.44084547888730147,-2.6627808439387968,-1.602285490260772,0.9086584864994925
1077507.3526,-0.3019407954620421,-0.15156489518115943,0.44134303727376095,-2.662678791605825,-1.6029316530360576,0.9089702760841136
1077507.3564000004,-0.3006837101905947,-0.15149038992071312,0.4418473667472921,-2.6625886702345367,-1.6036066578459494,0.9092995626370965
1077507.3605999998,-0.299429348001362,-0.1514001919835435,0.4423635273139658,-2.6625086688753905,-1.6042699181154334,0.9096409266256227
1077507.3648,-0.2981772628148612,-0.15129576277929874,0.4428895881819918,-2.6624369233156235,-1.604949077456625,0.909985805986788
1077507.3686,-0.2969272016307889,-0.15117410958070393,0.4434274002483279,-2.6623749781886685,-1.6056780379102018,0.9103390077263598
1077507.3726,-0.2956765212617632,-0.15103271237157753,0.4439755919850126,-2.662328479396036,-1.6064334968166247,0.910713035385656
1077507.3766,-0.2944281711586913,-0.15087274960070193,0.44453886387136976,-2.662294337670861,-1.6071814456087732,0.9111024428002473
1077507.3808,-0.293183123375371,-0.1506945408474079,0.44511509203643024,-2.6622719138544824,-1.607964628022144,0.9115110516062982
1077507.3848,-0.2919403592526856,-0.15050220402453104,0.4457011872133294,-2.6622584915225884,-1.6087894356433523,0.9119373837494035
1077507.3888,-0.290701716371787,-0.1502915979165762,0.44629861414066685,-2.6622566273098256,-1.609624096960594,0.9123859532876111
1077507.3928,-0.2894632798858729,-0.15006275581305706,0.44691209327147485,-2.6622563077304946,-1.6104746040863218,0.9128492900540632
1077507.3967999998,-0.2882262415595311,-0.14981660649140377,0.4475418176849321,-2.6622620068952276,-1.6113580545147337,0.9133165682989283
1077507.4008000002,-0.2869866998617646,-0.14955079638300295,0.4481811361362166,-2.6622811283918546,-1.6122498939005794,0.9137901981829935
1077507.4048000001,-0.28574886258709575,-0.14926822833344283,0.4488348489731929,-2.6623168680136833,-1.6131775528030867,0.9142795540332955
1077507.4089999998,-0.28451342215740805,-0.14897028052858746,0.4495000000870511,-2.6623705573412595,-1.6141371163754534,0.9147863535887376
1077507.4128000003,-0.28327920012391894,-0.1486522458312102,0.4501757172925342,-2.6624407582675937,-1.6151072260657362,0.9153138192742386
1077507.417,-0.2820441591683947,-0.14830989314412918,0.4508683988341611,-2.662518735624311,-1.6161053522106872,0.9158691549405475
1077507.4209999999,-0.2808089118178859,-0.14794644489226333,0.45157343744324596,-2.662605288359739,-1.6171114412072973,0.9164380460968047
1077507.425,-0.279573984046708,-0.14756435118381556,0.45228996759243445,-2.6627094179583604,-1.6181426970762085,0.9170052328299644
1077507.429,-0.27833364007166317,-0.14716030637008284,0.45302542615907077,-2.662832775580053,-1.6192247127954968,0.9175804489938107
1077507.433,-0.2770967049428136,-0.14673634776929906,0.4537780021936134,-2.662972005641843,-1.6203156767360478,0.9181791409226658
1077507.437,-0.2758630588179103,-0.14628955589111917,0.45454513906141625,-2.6631246580355254,-1.6214408090333847,0.9188083526776134
1077507.441,-0.27462591729407626,-0.14581497059801296,0.4553292336074601,-2.6632916382358744,-1.6225661011203865,0.9194661934142794
1077507.4449999998,-0.27338889228353985,-0.14531889026595843,0.4561338944150221,-2.6634813085687092,-1.6237275855666031,0.9201231286761746
1077507.4492,-0.2721500396787055,-0.14479879487877417,0.45695263668684794,-2.6636869578680855,-1.6249274994273493,0.9207748441423333
1077507.4531999999,-0.2709064865945471,-0.14425548338478708,0.4577890956378255,-2.6639073610799002,-1.626144350992628,0.921446892843415
1077507.4574000002,-0.2696625340362252,-0.14368767746667405,0.458642878451694,-2.6641451281020223,-1.6273808833183625,0.9221565853265046
1077507.4614,-0.2684139808671201,-0.14309301689791887,0.4595157694463838,-2.6643890736578735,-1.6286254583905895,0.9229020440630343
1077507.4653999999,-0.26716120991663866,-0.1424720476265451,0.46040659683101526,-2.664642180487875,-1.6299133364621408,0.9236472231676492
1077507.4694000003,-0.26590854216364945,-0.14182959663202843,0.46130942175635764,-2.6649051410139095,-1.631220921925759,0.9243763700425021
1077507.4734,-0.2646504448909879,-0.1411616292253175,0.4622274400157188,-2.6651880752481194,-1.632543287933427,0.9251282203656478
1077507.4774,-0.26338946141749486,-0.140466564154515,0.4631592734232348,-2.6654853372889944,-1.6338767060596187,0.9259311634343067
1077507.4816,-0.2621233580168062,-0.1397456697500901,0.4641108741439419,-2.665796447767537,-1.63524352022588,0.9267575822679746
1077507.4855999998,-0.26085064997661417,-0.13899902257792413,0.465081543098054,-2.6661322191177743,-1.6366372056875402,0.9275615107062369
1077507.4896,-0.25957272214068555,-0.138225134596758,0.4660682642556365,-2.6664929176558148,-1.6380393067382453,0.9283675563575657
1077507.4936,-0.25829128891897213,-0.13742114290841986,0.4670712972748959,-2.6668692223178425,-1.6394590645469775,0.9292273312838869
1077507.4976,-0.25700395013754146,-0.13659004689808749,0.4680942773707198,-2.667240893079574,-1.6409030304900185,0.9301141372952724
1077507.5018000002,-0.25571280303575195,-0.13573115580835307,0.4691315985890139,-2.667622896906335,-1.6423624960306031,0.9309826607057745
1077507.5058,-0.25441393942470397,-0.1348439020530093,0.4701871491449695,-2.6680136359014717,-1.6438335729535414,0.9318576289661145
1077507.5098,-0.2531053586046285,-0.13392939583733565,0.4712602366167033,-2.6684253606059976,-1.6453167672594393,0.9327902946114712
1077507.5138,-0.2517919541340287,-0.13298440142060763,0.4723484441855259,-2.6688659007135187,-1.6468265132814053,0.9337326941106122
1077507.5178,-0.25047144235226976,-0.13200937986258893,0.47345006742833995,-2.6693267341085463,-1.64833503424927,0.9346471969973343
1077507.5217999998,-0.24914372006185936,-0.13100640343550282,0.4745649332396743,-2.6697799508628557,-1.649868056299163,0.9355900226022497
1077507.5258000002,-0.24780596098309077,-0.12997253933319883,0.47569120403837706,-2.67023567098859,-1.6514012647703324,0.9365812511599773
1077507.5298000001,-0.24645699665403567,-0.12890960349864528,0.476838813415314,-2.670699806703369,-1.6529549795818954,0.9375598430183322
1077507.5337999999,-0.24509650416641185,-0.12781515581049338,0.47800371336562825,-2.671189934870387,-1.6545166306135068,0.9385444269891401
1077507.5380000002,-0.24372689368100592,-0.126692105772234,0.47918391983430786,-2.6717081327552945,-1.6560816372280922,0.9395606226820871
1077507.5418000002,-0.24234807198717964,-0.12553856586844456,0.48037332752455353,-2.6722363441259014,-1.6576596134371862,0.9405795081677351
1077507.5459999999,-0.24096082138850328,-0.12436022527700381,0.48157728273225386,-2.6727419718904644,-1.659232662798263,0.941593666542448
1077507.55,-0.23956446277889887,-0.12314490835830297,0.4827961383262531,-2.673254364084195,-1.6608216112310479,0.9426484514395902
1077507.554,-0.2381590727242477,-0.12189807625705237,0.4840289222527535,-2.6737908845174023,-1.6624074171337466,0.94369976091151
1077507.558,-0.23673974102128997,-0.12062036313848667,0.48527068769003023,-2.6743623988873333,-1.6639852601847855,0.944737395051232
1077507.562,-0.23530821204053964,-0.11931444381502565,0.48651993660997006,-2.6749174549217276,-1.665574661354956,0.9458080923358875
1077507.5664000001,-0.23386866361595687,-0.11797961587793179,0.4877784932779197,-2.675454188407822,-1.6671666990546055,0.9468882305266073
1077507.5699999998,-0.2324133759093317,-0.11660971244480596,0.48904667061530727,-2.6759915610525784,-1.668747098740291,0.947954000963246
1077507.5742,-0.2309509709046933,-0.11521453061950819,0.49032301719933863,-2.6765566305726716,-1.6703282174794711,0.9490436466390575
1077507.5781999999,-0.22947374207963725,-0.11379328310504129,0.4916073732403484,-2.6771429521182633,-1.6719038767384167,0.9501406293236719
1077507.5824000002,-0.22798559429411186,-0.112346362717666,0.4928989730795232,-2.6777009376298566,-1.673463397241156,0.9512302616836779
1077507.5864,-0.22648210004280492,-0.11086815850986073,0.4941994678767389,-2.678239269012605,-1.6750224916381211,0.9523419183858988
1077507.5903999999,-0.2249671908172756,-0.10935946443652537,0.49550291878276453,-2.6787883595661577,-1.6765784967682216,0.9534532954562053
1077507.5946,-0.2234404604854577,-0.10782028216213568,0.49680987174562363,-2.6793718581609935,-1.678118256615673,0.9545524619329135
1077507.5984,-0.22190651631603706,-0.10624823647989438,0.498118249499666,-2.6799427866354852,-1.6796336485391496,0.9556719216971284
1077507.6024,-0.22035482883585375,-0.10465067604993447,0.49942337819717836,-2.6804727024291894,-1.68114973288451,0.9567864546133265
1077507.6064000004,-0.21878830421944734,-0.10303486963755615,0.5007356441664121,-2.6809907405244315,-1.6826681608116296,0.9578931312043091
1077507.6105999998,-0.217208973127149,-0.10139559911149854,0.5020516518769776,-2.6815324274901537,-1.6841391844713456,0.9590133499694344
1077507.6146,-0.21561819710006605,-0.09973397134808973,0.5033707621702129,-2.6820864715233332,-1.685608876550517,0.9601219440364017
1077507.6186,-0.21401461459709115,-0.09805647114458402,0.5046824555598124,-2.6825995561389484,-1.6870588079743996,0.9612219760404646
1077507.6226,-0.2123949898775,-0.09634721274507915,0.505985180754441,-2.68308062955826,-1.6884988058074164,0.962338120169122
1077507.6266,-0.21076614396263435,-0.09461670564902677,0.5072836249176172,-2.6835631410845604,-1.6898943821134504,0.9634322532713704
1077507.6308,-0.20913147571183552,-0.09286447880980916,0.5085745057032978,-2.68405891515309,-1.6912838065173665,0.9645181705216557
1077507.6348,-0.20749011293984654,-0.09109273599322829,0.509857543479568,-2.6845419593116087,-1.692648197207036,0.9656196006852905
1077507.6388,-0.20583682253512534,-0.08930211302899443,0.5111361337768178,-2.6849860147917686,-1.6939926141885298,0.9666924684462345
1077507.6428,-0.2041691976658368,-0.08750667473661458,0.5124062419059956,-2.685401041816046,-1.6953121039822208,0.9677588913573404
1077507.6467999998,-0.20248964516381607,-0.08570776101901216,0.513667954419837,-2.6858073869351706,-1.6966067464829409,0.9688414929720685
1077507.6508000002,-0.20080368775937368,-0.08389999894868798,0.5149192672896217,-2.6862038250950397,-1.6978771275861306,0.9698963045008215
1077507.6548000001,-0.1991115085448346,-0.08207580184548664,0.5161588555927072,-2.6865885453461127,-1.6991119554887675,0.9709404767010199
1077507.6587999999,-0.19741212547954687,-0.08023194395553779,0.5173849483269688,-2.6869446099838563,-1.700328354316661,0.9720024388172996
1077507.6628000003,-0.1957060179325067,-0.0783797836608906,0.518593604013993,-2.687276493118902,-1.701520438483802,0.973028394995642
1077507.667,-0.19399520324823977,-0.07652921127604338,0.5197858612866052,-2.6875893612837642,-1.7026907912564486,0.9740319140418002
1077507.6709999999,-0.19227949500546987,-0.0746821892178244,0.5209623393297586,-2.6878729879398575,-1.7038192791367588,0.9750583629049439
1077507.675,-0.1905573552286674,-0.07284140228550753,0.5221223257478617,-2.688135735413005,-1.704929710784878,0.9760566088921439
1077507.679,-0.1888339204897849,-0.07099959502959804,0.5232667726210041,-2.6883773373870974,-1.706008610605691,0.977027371056894
1077507.683,-0.1871033684528891,-0.06914507034724557,0.5243969116611902,-2.6885971014402505,-1.7070580824964587,0.9780131534501922
1077507.687,-0.18536910463522407,-0.06729165087674549,0.5255095670488199,-2.6887931100964804,-1.7080843316225205,0.978976631869361
1077507.691,-0.18363815312416482,-0.06544226026963199,0.5266013099639897,-2.6889664818834444,-1.7090589154234355,0.979900282714428
1077507.6949999998,-0.18190939872100487,-0.06360013676334306,0.5276714879322324,-2.689122223543992,-1.7100265483739043,0.9808235474011365
1077507.6989999998,-0.18017625343099766,-0.06177665455244683,0.5287234099312028,-2.689246699693342,-1.7109666975019244,0.9817489559325226
1077507.7033999998,-0.1784421826925116,-0.059968180918768876,0.5297580213830878,-2.6893471541296607,-1.7118663932129856,0.982635429048772
1077507.7072,-0.1767158484369923,-0.05817455524040597,0.5307687908853138,-2.6894223085356224,-1.7127548237526362,0.983495670028284
1077507.7114,-0.17499691444035204,-0.05638528050147397,0.5317572164659939,-2.6894677420638193,-1.7136039194029862,0.9843623558576338
1077507.7153999999,-0.17328199183010368,-0.05460295328403571,0.5327220131499024,-2.6894880886145476,-1.7144132274266504,0.9852105460332131
1077507.7194000003,-0.17156487544090737,-0.052836110683860585,0.5336640131748798,-2.6894852656637918,-1.7152280481937712,0.9860208261106752
1077507.7234,-0.16984985629106947,-0.05109620096468457,0.5345873577564212,-2.689482016607262,-1.7160085674460515,0.9868148209580715
1077507.7274,-0.16814284659821005,-0.04938267734624634,0.5354858550449921,-2.6894560774182446,-1.7167350245282034,0.9876113857559196
1077507.7316,-0.1664403476344469,-0.04770043921271383,0.5363601575150596,-2.68939237460497,-1.717458259185436,0.9883845280519804
1077507.7355999998,-0.16474306846642034,-0.04604631823462767,0.5372096126921567,-2.689289363534005,-1.718163730558198,0.9891207589353328
1077507.7396,-0.16304468408654138,-0.044410601364149635,0.5380408318736896,-2.689161957907456,-1.7188133820745122,0.9898446593828382
1077507.7436,-0.16135501157237836,-0.042795742038433976,0.5388494541333732,-2.6890170286809343,-1.7194424207239891,0.9905704773063284
1077507.7476,-0.1596751661226377,-0.04121105632786891,0.5396343409698412,-2.6888504213231386,-1.7200787830664634,0.9912704625672448
1077507.7518000002,-0.15799941861202443,-0.03966381216551683,0.5403975629908416,-2.688658620461432,-1.720686037058223,0.9919276375136384
1077507.7556,-0.1563345134959991,-0.038155356944441755,0.5411340269007894,-2.6884449284155636,-1.7212416523564464,0.9925616030111316
1077507.7598,-0.15466978481439603,-0.03669334808501551,0.5418495517066664,-2.6882005567539378,-1.7217719942559246,0.9931960212460105
1077507.7638,-0.15301239314159612,-0.03527399724058745,0.542540615377931,-2.6879426029707525,-1.7223122963778799,0.9938219173654007
1077507.7678,-0.15136310746536413,-0.03389192898694481,0.5432066852823654,-2.6876708007498986,-1.7228387234305558,0.9944080524897163
1077507.7717999998,-0.14972794320081229,-0.032551728954589576,0.5438498187119112,-2.6873878132524673,-1.7233053358851484,0.9949568101481325
1077507.7758000002,-0.14810220652651934,-0.03125371089718768,0.5444667998995527,-2.687090391421927,-1.7237484326273158,0.9954889763129577
1077507.78,-0.14648278820191257,-0.03000292982738323,0.5450610243756794,-2.6867699066163473,-1.7241913962114288,0.996016362103626
1077507.7837999999,-0.1448806937401968,-0.028800810120240484,0.5456313536389252,-2.6864304601038054,-1.7246400855918853,0.9965349994101136
1077507.7880000002,-0.14328662205126488,-0.027650667411316603,0.5461845787500701,-2.6860660864034607,-1.7250680289474503,0.9970233832066177
1077507.7918000002,-0.1417018747550996,-0.026555898479358186,0.5467150072022839,-2.6856817389949406,-1.7254489142465537,0.9974764801186783
1077507.7959999999,-0.1401230330186516,-0.025516266968818507,0.5472263740789954,-2.6852814658831017,-1.7258118232082986,0.9978945298307934
1077507.8,-0.13855140511980632,-0.024531774128054313,0.547712447583254,-2.6848828971943606,-1.7261665562654973,0.9983014075821357
1077507.804,-0.13698939789039893,-0.023605734760384918,0.5481798589861738,-2.684485500296499,-1.726514231945807,0.9986927857359339
1077507.808,-0.13544552512353936,-0.022738939907877856,0.5486261981269684,-2.6840760126472887,-1.7268525865623015,0.9990589970174307
1077507.812,-0.133911579289643,-0.021931550608555294,0.5490555063525919,-2.6836433022333726,-1.727182685379417,0.9994105342813212
1077507.816,-0.13239346428395155,-0.021187275730354088,0.5494593481002915,-2.6831852385258785,-1.7274903337485426,0.9997485426868739
1077507.8199999998,-0.13088596696863103,-0.02051132924334591,0.549841292005928,-2.6826986789947207,-1.7277748658794068,1.0000607583772694
1077507.8242,-0.12939971502090666,-0.019897866341175872,0.5502019772281628,-2.6822269799024463,-1.7280503698941754,1.0003448510865536
1077507.828,-0.12793350835381218,-0.019352575785603742,0.5505412439773307,-2.6817761599931176,-1.728312771156381,1.0005939498591143
1077507.8322,-0.12648483693802018,-0.0188794843594215,0.5508650643921762,-2.6813177234430716,-1.7285690471480795,1.000818787234144
1077507.8362,-0.12505319643739923,-0.01847393361131611,0.5511657352792462,-2.6808183807386814,-1.7288202098704848,1.001018790632009
1077507.8403999999,-0.1236436035816528,-0.018142715434305116,0.5514436228231905,-2.680280315672042,-1.729062584161293,1.0011964234767174
1077507.8444000003,-0.1222489427372433,-0.017886697020218473,0.5517056579007461,-2.679766804950653,-1.7293001381305277,1.0013525912430397
1077507.8484,-0.12087091333384133,-0.017702246899238504,0.551950582168298,-2.6792859445842283,-1.7295326853569137,1.0014793177635113
1077507.8524,-0.11951101839298713,-0.017591972056401048,0.552173721778133,-2.678800663370394,-1.7297559914143168,1.0015867629976902
1077507.8564000004,-0.11817107219317328,-0.017563298549958223,0.5523800168940731,-2.678277991374855,-1.7299680056686981,1.0016686552012102
1077507.8605999998,-0.11684845817862884,-0.017612432623713422,0.5525714915185472,-2.677718141650499,-1.7301640942197607,1.0017295350637296
1077507.8646,-0.11554427323882772,-0.01773645187448921,0.5527416209068842,-2.6771761883686676,-1.7303511812863388,1.0017654344752236
1077507.8686,-0.11425332254516862,-0.01794191267199422,0.552885684606052,-2.6766703475512177,-1.7305339806635616,1.0017775784897944
1077507.8726,-0.11298221739505765,-0.01823442513151228,0.5530045880908213,-2.676160352202468,-1.7307114803502155,1.0017780445429851
1077507.8766,-0.11173155034183738,-0.018616594573603533,0.5531052822116372,-2.675608598487825,-1.730879925289163,1.0017684837946716
1077507.8808,-0.11050252480142533,-0.01908044399856536,0.5531939122127151,-2.675032343691154,-1.73104333685365,1.0017441957655302
1077507.8848,-0.10929435014787295,-0.019626761951751774,0.5532678681961866,-2.674484371665259,-1.731198785566478,1.0016970977616524
1077507.8888,-0.10810640719622674,-0.020261394071755496,0.5533194136790851,-2.67396819778278,-1.731351358065329,1.001596630009529
1077507.8928,-0.10693710970116246,-0.020981814100611236,0.553346138500624,-2.673439613569621,-1.7314974857143413,1.0014530057319413
1077507.8967999998,-0.1057872516175801,-0.021785886932138808,0.5533505060848116,-2.6728595770842016,-1.7316348249317568,1.0012865714796164
1077507.9008000002,-0.10465703101808568,-0.022680407372188197,0.5533425964963742,-2.6722699532188576,-1.731768994987475,1.0011090052139355
1077507.9048000001,-0.1035534653321516,-0.023662213333083854,0.5533238811318137,-2.671715323290238,-1.731894563032872,1.0009111323449424
1077507.9087999999,-0.10247003813748556,-0.02472988917825883,0.5532831414250381,-2.6711803474904627,-1.7320131003329915,1.0006753227462215
1077507.9128000003,-0.10140575074867879,-0.025886271174274066,0.5532141322632914,-2.6706060634329982,-1.7321209317255288,1.000402188944823
1077507.917,-0.10036020702051913,-0.02712875691340184,0.5531183250430759,-2.669994654909938,-1.7322185898427023,1.000103169217629
1077507.9209999999,-0.09933800922826538,-0.028449762212200323,0.5530008796390035,-2.66940609630903,-1.7323042903665808,0.9997788361442737
1077507.925,-0.0983358500587388,-0.029857029795419997,0.5528616162877004,-2.6688470987962227,-1.7323797377202628,0.9994166595518283
1077507.929,-0.0973592455843472,-0.0313537954037853,0.5527008812001087,-2.6682663698889204,-1.7324434671651485,0.9990218059728078
1077507.933,-0.09640769979133756,-0.03293642631912181,0.5525187209815472,-2.6676362127117854,-1.7324953721747938,0.998598270148847
1077507.937,-0.09548139244308348,-0.03460136846973101,0.5523123859181907,-2.6669970540501664,-1.7325331357990514,0.9981544410373798
1077507.941,-0.09457864408362252,-0.036352889571259775,0.5520741328691694,-2.6663954992231393,-1.7325508724519114,0.9976973094362677
1077507.9449999998,-0.09370695484037458,-0.03818837847748306,0.5518031495703513,-2.665784303752966,-1.732556571616644,0.9972104036941685
1077507.9489999998,-0.09286031262717886,-0.04009756703792292,0.551504156474768,-2.665127728017818,-1.7325540416136085,0.9966862935916408
1077507.9533999998,-0.09203862589787286,-0.042080853894505034,0.5511847236178185,-2.6644578364772196,-1.7325438150750228,0.9961328354539006
1077507.9572,-0.0912453018341762,-0.04413680926261916,0.5508360958574189,-2.663803817376718,-1.7325134816702068,0.9955395630578636
1077507.9614,-0.09047822488749796,-0.04627413335665145,0.5504567818233588,-2.6631365357339876,-1.7324621092927788,0.9949020955035369
1077507.9653999999,-0.08973148949812085,-0.04849811088689005,0.5500481996489188,-2.662424512984944,-1.7323843183573377,0.994253216303939
1077507.9694000003,-0.089006202542373,-0.05079918526621076,0.5496072400935264,-2.661702583276645,-1.7322769397021858,0.9935943768818645
1077507.9734,-0.08830395858795706,-0.053169698242003904,0.5491354145010997,-2.6609856070479743,-1.7321433022786856,0.9929060030033007
1077507.9774,-0.08762556324110277,-0.05558642122389914,0.5486326562926118,-2.6602381109932107,-1.731977627027272,0.9921645789558227
1077507.9816,-0.08696641422655134,-0.05807083759951499,0.5481000706799151,-2.6594624386941144,-1.7317803400537186,0.9913779610646459
1077507.9854000001,-0.08633080755603621,-0.06061766265856332,0.547533403263168,-2.6586788301749693,-1.731551041883863,0.9905899050664806
1077507.9896,-0.0857151462976101,-0.06324561093336682,0.5469323943841644,-2.6578723717336716,-1.73128842756877,0.9897883068941722
1077507.9937999998,-0.08511851998307533,-0.06592830464556611,0.5462955793043045,-2.65702974756477,-1.73099928816922,0.9889377465052227
1077507.9976,-0.08453762795715589,-0.06865467919306975,0.5456262403696323,-2.65618419391867,-1.7306759271496628,0.9880261464640885
1077508.0016,-0.0839739715769163,-0.07141170755695803,0.5449255693447352,-2.6553084400258085,-1.7303177319830472,0.9871074357828439
1077508.0056,-0.08343135749823968,-0.0742395901538857,0.5441860161679228,-2.6543869862886416,-1.729922971614665,0.9861855958873184
1077508.0098,-0.08290076592740912,-0.07713192624262036,0.5434115356334142,-2.653461750862726,-1.7294837630876887,0.9852143410377664
1077508.0138,-0.08238290593106481,-0.08005839406967571,0.5426050771921164,-2.6525010421310906,-1.7289911581808568,0.9842061215122844
1077508.0178,-0.08187366292532258,-0.08300492049316643,0.5417625528917562,-2.651506937359386,-1.7284415349950861,0.9831877553430489
1077508.0217999998,-0.08137243104103445,-0.08598162386075911,0.5408842756537616,-2.650499410255787,-1.7278499936537581,0.9821309597592837
1077508.0258000002,-0.08088252924270892,-0.0890177390233201,0.539970045741051,-2.6494505508920705,-1.727238212288145,0.9810335509688948
1077508.0298000001,-0.08039973142659118,-0.09208228509499335,0.5390230589469326,-2.6483847538238203,-1.7265868297171223,0.979935849230786
1077508.0337999999,-0.07991844661886774,-0.09515077763850696,0.5380457920112198,-2.6472797550243254,-1.7258416506125074,0.9787895714343939
1077508.0378000003,-0.07943845843770003,-0.09822219965921967,0.5370290037649303,-2.6461490833519212,-1.7250340736435519,0.9776210828745107
1077508.0418000002,-0.07895627148415733,-0.10133295490475716,0.5359788327943766,-2.644995881336695,-1.7242023684351202,0.9764450442529373
1077508.0459999999,-0.0784765879020393,-0.10447728928268918,0.5348943003878583,-2.643812798654038,-1.7233088512577877,0.975228805214709
1077508.05,-0.07799790466980573,-0.10760384206691789,0.5337785623912669,-2.6426056942583487,-1.7223405791486566,0.9739821928242482
1077508.054,-0.07751170300091974,-0.1107278665125867,0.5326313258568824,-2.641360559922293,-1.721331454148404,0.9727277640559884
1077508.058,-0.07701839734982593,-0.1138496871924535,0.5314526839953434,-2.6401089807363993,-1.7202613960224098,0.971437848666203
1077508.062,-0.07652267654451861,-0.11698911636055272,0.5302483759187986,-2.638826562145083,-1.7191372757262875,0.9701448706411642
1077508.066,-0.07601643625290544,-0.12011109183665784,0.5290161645719326,-2.6375223588960495,-1.717942262081947,0.9688229573708813
1077508.0699999998,-0.0755013825625598,-0.12319340951518035,0.5277599048804232,-2.6361878488738104,-1.7166842380462153,0.9674684470088563
1077508.0739999998,-0.074978803777659,-0.12627825886121408,0.5264788511591652,-2.6348421003117717,-1.71537673247743,0.9661167462817811
1077508.078,-0.07443709517375302,-0.12936358258281702,0.5251781166774514,-2.6334902797424475,-1.7140012097744044,0.9647434872656817
1077508.0822,-0.07387474374244758,-0.13241793540541796,0.5238556374854371,-2.6321152896716393,-1.712566112157793,0.9633657408231455
1077508.0862,-0.07329856051823053,-0.13543121562610722,0.5225099222129118,-2.630731937275009,-1.7110750082634578,0.9619657436697018
1077508.0903999999,-0.0727049385823005,-0.13841147930718217,0.5211468564458848,-2.6293306884358527,-1.7095237968233197,0.9605591418767547
1077508.0944000003,-0.0720876744337933,-0.14137917952581472,0.5197676785542626,-2.627931942968121,-1.7079213727954188,0.9591449234430899
1077508.0984,-0.07144224569228283,-0.14430903955430857,0.5183772621228404,-2.626509868209241,-1.70626017280226,0.9577198792595938
1077508.1024,-0.0707653583603958,-0.1471880265480792,0.5169810799476583,-2.6250930665093186,-1.7045683464565653,0.9563002279773054
1077508.1064000004,-0.07006321926794776,-0.15000840735311124,0.515580150687833,-2.623668648168679,-1.7028138026671997,0.9548644645704218
1077508.1105999998,-0.06933201593339072,-0.15280793227785666,0.5141691014158655,-2.6222561075265007,-1.7009998171223024,0.9534367971732521
1077508.1146,-0.06857536359790445,-0.15557791275925897,0.5127516006361571,-2.620841649408338,-1.6991542198552672,0.9520007674502597
1077508.1186,-0.06778924754614565,-0.15828865122221245,0.5113362303853208,-2.6194257531831866,-1.697264893483132,0.9505808897992786
1077508.1226,-0.06697477798339377,-0.16093271411832447,0.5099259467721666,-2.6180307894042025,-1.6953345544302099,0.9491430624425501
1077508.1266,-0.0661252354213234,-0.16352108698709156,0.5085192317948731,-2.6166407791048467,-1.6933695942831164,0.9477262341110169
1077508.1308,-0.06524863680705346,-0.16606862693844499,0.5071204463797254,-2.6152725001999864,-1.6913739545202655,0.9463193926335718
1077508.1346,-0.0643520944451702,-0.1685699444001288,0.5057378995893245,-2.613903422346798,-1.689362255896042,0.9449177709518631
1077508.1388,-0.06342749568120298,-0.17100397043896898,0.5043681692616695,-2.612562201158612,-1.6873158296512032,0.943540264193825
1077508.1428,-0.062467327904164226,-0.1733701291463798,0.5030121275820173,-2.6112341892494335,-1.6852578452872333,0.9421490288403677
1077508.1467999998,-0.0614760885273448,-0.1756741330028996,0.5016703204983919,-2.6099275891554186,-1.6831878234351367,0.940808167178929
1077508.1508000002,-0.06046040299619414,-0.17793721738927035,0.5003414696934696,-2.608637820239493,-1.6810985469283586,0.9394657342524475
1077508.1548000001,-0.059421371529137554,-0.18015178563848255,0.4990255352198341,-2.607380275572758,-1.6790192040124468,0.9381395998718369
1077508.1587999999,-0.058356087119397694,-0.1823083036338337,0.49773608588323964,-2.606138070713901,-1.676929261715396,0.9368427735790229
1077508.1628000003,-0.057255927782945394,-0.1843880460239093,0.4964714039447828,-2.6049212191486224,-1.6748382275222986,0.9355471723403104
1077508.167,-0.05613272045173413,-0.18640639922190722,0.4952308968511211,-2.6037297741401426,-1.6727715346215644,0.9342999074753827
1077508.1709999999,-0.05499168076031128,-0.1883730205157303,0.49401921181835684,-2.602571458855624,-1.6707008203475842,0.9330566373520901
1077508.175,-0.053829794343217996,-0.19028908502520964,0.4928343448177698,-2.6014317856987352,-1.668654500629189,0.9318434076858935
1077508.179,-0.05264917175561815,-0.19215703287169394,0.49168148901348535,-2.6003211409977287,-1.6666308177800595,0.930664972219339
1077508.183,-0.05144349464782555,-0.1939676428599088,0.4905547721353001,-2.5992299373726793,-1.6646271619023278,0.9294915301798282
1077508.187,-0.05022028644991966,-0.19571299541456266,0.4894585085041799,-2.5981838476964967,-1.6626560498531167,0.9283602193487624
1077508.191,-0.04898504742178934,-0.19739918917455182,0.4883935836211871,-2.597153151091414,-1.660711809099304,0.9272677507221957
1077508.1952,-0.04773748877690388,-0.1990326157264924,0.4873618683569877,-2.5961562233689537,-1.6588049324955854,0.9261908882196167
1077508.1989999998,-0.046478202236367984,-0.20061667060077423,0.4863648474238893,-2.5951850750458454,-1.6569456732121572,0.9251580344540512
1077508.2031999999,-0.04520298749579989,-0.20215396369526567,0.48540327316489984,-2.59421520504006,-1.6551295038751672,0.9241585767285555
1077508.2072,-0.04391694534092494,-0.20364028721544436,0.48447518815661816,-2.593299130888295,-1.6533563445897812,0.9231662030115592
1077508.2114,-0.04262078567062122,-0.20508026507475288,0.4835851730361191,-2.5924049479206897,-1.6516400171620582,0.9222335506820081
1077508.2152,-0.04131520506796134,-0.20647047178223926,0.48272561782058787,-2.5915272765518433,-1.6499772192722453,0.9213384489238269
1077508.2194000003,-0.039998705504832144,-0.2078096423363856,0.4819049447569717,-2.5906850252254947,-1.6483668323926852,0.9204519225443558
1077508.2236,-0.03867348325689508,-0.2090950936023937,0.4811212896325078,-2.589848473063879,-1.646824382752533,0.9196075806365517
1077508.2274,-0.037339443449036336,-0.21032968847843536,0.48037347399841357,-2.589037380722284,-1.6453424667639585,0.9188263556465823
1077508.2314000004,-0.03600049676686913,-0.21151947566913645,0.47966396793660004,-2.5882733730687626,-1.6439408450822497,0.9180811365945509
1077508.2354000001,-0.03465723992492519,-0.21266718491461428,0.4789882240995061,-2.5875219355355856,-1.6425837248223565,0.9173363702799049
1077508.2396,-0.03331017476262245,-0.21377536952056392,0.47835204817830795,-2.586774332954379,-1.6413037829708537,0.9166404463396509
1077508.2436,-0.03195609591591762,-0.21484100347019686,0.4777539887502115,-2.5860587415694747,-1.640108316589128,0.9160114210059795
1077508.2476,-0.030598106799718507,-0.21586198286625194,0.47719138931202965,-2.585371113376016,-1.6389765796522877,0.9154221832989939
1077508.2516,-0.02923941693925756,-0.21683462255957067,0.47666592765524884,-2.5846799698099185,-1.6379263887080255,0.9148398831266482
1077508.2556,-0.027884136757229762,-0.21775805702279882,0.4761812389947571,-2.5840128479568536,-1.636957211124124,0.9142838150910396
1077508.2598,-0.026531259661966837,-0.21863788222317693,0.4757312180337555,-2.5833855137304753,-1.6360557843583543,0.913803487356833
1077508.2638,-0.025181387777546492,-0.2194712685520468,0.47531881422315136,-2.582776129209843,-1.6352568093997195,0.9133774215298367
1077508.2678,-0.02382730809860383,-0.22026262021206108,0.4749408184538309,-2.5821513516181103,-1.634545851915112,0.9129792123678426
1077508.2717999998,-0.022477537331081134,-0.2210110084257897,0.47459908162275194,-2.581545961839114,-1.6338993961921062,0.9126153579839105
1077508.2758000002,-0.021133577664280763,-0.22170812080168023,0.47430357061029393,-2.580986325167644,-1.6333569102780572,0.9122969770755915
1077508.2798000001,-0.019796834747915593,-0.22235840481875307,0.47404891914686065,-2.5804454371502494,-1.6329279815528888,0.9120207406915231
1077508.2837999999,-0.018466503807993712,-0.22296561886309657,0.47383217112364184,-2.579891339853847,-1.6325732218640794,0.9117823345107391
1077508.2878000003,-0.017144089114412085,-0.2235260777855524,0.47365432522604634,-2.5793485876236892,-1.6322921784742435,0.9115924910724329
1077508.2918000002,-0.015825884504006852,-0.2240389027429608,0.47351891014251846,-2.578845995862769,-1.6321118025736123,0.9114516231665732
1077508.2959999999,-0.014514190906347941,-0.22450337801077874,0.47342416152883626,-2.578376800141919,-1.6320417348053322,0.911350303202901
1077508.3,-0.013213220901325259,-0.22491936377304916,0.4733691539365206,-2.577898869252693,-1.6320617617767297,0.9112968402440178
1077508.304,-0.01192066773370399,-0.22529046528409755,0.47335199652119775,-2.5774077290844613,-1.6321538805188354,0.9112875724434242
1077508.308,-0.010640940599563895,-0.22560983489097125,0.47337113799153274,-2.576945031476671,-1.632370315620626,0.911298265035201
1077508.312,-0.009373439039302944,-0.2258805385578751,0.4734310524581568,-2.5765232400232243,-1.6327183907750995,0.9113301963366709
1077508.316,-0.008113953073774483,-0.2261072634483276,0.47353664013747576,-2.576124138702265,-1.6331777860631385,0.9114302912462418
1077508.3199999998,-0.006868096147213692,-0.22628594158376375,0.4736890328729528,-2.575728499490723,-1.633725758089033,0.91161945557847
1077508.3239999998,-0.005633862566424606,-0.22641407625066154,0.47388623995167317,-2.5753263621661207,-1.6343590844278648,0.9118616700796125
1077508.328,-0.004411753754706216,-0.2264906121714391,0.474124259974099,-2.574937327594082,-1.6350997095270157,0.9121371474627704
1077508.3324000002,-0.003201068655707505,-0.226518815047383,0.47440179464919885,-2.5745889328602773,-1.635978526055131,0.912463145011807
1077508.3362,-0.0020032099022791574,-0.22650135802643753,0.4747268467760485,-2.574265465314277,-1.6369641886061799,0.9128444963641009
1077508.3403999999,-0.0008217847643228896,-0.22643973913671583,0.47510145367288176,-2.573962610635113,-1.638024526194195,0.9132661013962714
1077508.3444000003,0.00035182435343619295,-0.22632994699182593,0.47552327175793946,-2.573671740180854,-1.639202575502392,0.913724431419874
1077508.3484,0.001513709320615122,-0.22616855942976716,0.4759928270055367,-2.5733926408986143,-1.6404988691629878,0.9142316970285067
1077508.3524,0.0026680789395242327,-0.22595827290114318,0.47650850154531155,-2.5731325565865566,-1.641900943582082,0.9147847024288618
1077508.3564000004,0.0038098225481156835,-0.22569799550990693,0.4770728653277157,-2.5728888240835928,-1.6433872537864551,0.9153893465227535
1077508.3605999998,0.004937236841611421,-0.22538716133432696,0.4776855721418075,-2.572666822975124,-1.644983978649623,0.9160589850630483
1077508.3643999998,0.0060600415777672615,-0.22501896932676946,0.47834714796190225,-2.5724719328465517,-1.6466965776518205,0.9167763341342721
1077508.3686,0.007171022294802068,-0.22459857270394362,0.47906070202857254,-2.5722991469550274,-1.6484993512885275,0.9175125117544027
1077508.3726,0.008277694100416911,-0.22413187702556678,0.4798247962348299,-2.572155868888381,-1.6504044435743157,0.9182811932556378
1077508.3766,0.009381659884692885,-0.22360957121467773,0.4806382055265728,-2.5720384767475304,-1.652403944920747,0.9191198626303201
1077508.3808,0.010474703795667088,-0.2230319781795586,0.4815034665647396,-2.571942336632179,-1.6545004385940794,0.9200346318331514
1077508.3846,0.011568549151681836,-0.22239545271846742,0.4824202730858048,-2.571867182226217,-1.6566867606909799,0.9209596542061794
1077508.3888,0.012657183450457358,-0.22170614673352224,0.4833909420399169,-2.571821269329024,-1.6589627780533944,0.9219004025454444
1077508.3928,0.01374401470595111,-0.22095641695239446,0.4844088754454751,-2.5718010293047393,-1.6613288102606536,0.9229126967073945
1077508.3967999998,0.01483335099734522,-0.2201451581632318,0.48547688293742963,-2.571803905518716,-1.6637746840373933,0.9239997324853377
1077508.4008000002,0.0159231872556221,-0.21927512673776245,0.4865938326723171,-2.571816049533287,-1.666297869380578,0.9250945580094692
1077508.4048000001,0.01701933770239599,-0.21834592653077425,0.48776505763022027,-2.5718551447380897,-1.6688962623929462,0.9262242443122698
1077508.4089999998,0.018119596283210786,-0.21735116262669968,0.4889896723100768,-2.571933175358029,-1.6715712479182652,0.9274189783246957
1077508.4128000003,0.019227871186966183,-0.21629218325084057,0.49026267662694023,-2.5720554677152854,-1.6743053289881735,0.928641688844373
1077508.4168000002,0.020350175956239253,-0.21516644508435592,0.49158608126743325,-2.5722058297904313,-1.6770979729704525,0.9299050791497011
1077508.4208,0.02148530551063673,-0.21397309591569685,0.4929592270991863,-2.57238111905338,-1.6799395125903451,0.9312034900233638
1077508.425,0.02263947458623368,-0.2127059705269399,0.4943808624364869,-2.5725867150895345,-1.6828445686022366,0.9325453104227946
1077508.429,0.023816791941249377,-0.21136743247355244,0.4958441629290419,-2.572824695164544,-1.685788639924097,0.9339367188817229
1077508.433,0.025016954224990916,-0.2099529776843409,0.49734824973369135,-2.5730906384309993,-1.688770554765048,0.9353367027193613
1077508.4372,0.026239764613208972,-0.20846687387495214,0.4988871307379828,-2.573396688903471,-1.6917671968868269,0.936782932349329
1077508.441,0.027489530768966753,-0.20690808907046382,0.5004707129011712,-2.5737359756263474,-1.694800404210373,0.9382496283722738
1077508.4449999998,0.028765951006047025,-0.20527577105932698,0.5020997285925564,-2.574092732685974,-1.6978507356597277,0.9397639949787309
1077508.4489999998,0.030073333819750837,-0.20357164756729892,0.5037666277504478,-2.574453804066567,-1.7009072989060336,0.9412951395000555
1077508.4531999999,0.03140817382429336,-0.20180046235007126,0.5054620027582949,-2.574832079467802,-1.7039725973207147,0.9428483083635951
1077508.4572,0.032779889455317235,-0.1999423815154257,0.5071838762189883,-2.57522936983922,-1.707034034151815,0.944419187248384
1077508.4612,0.03418697727516332,-0.19800483528280358,0.508925536966581,-2.57566367814979,-1.7100925681373276,0.9460142742674813
1077508.4652,0.035625933146403575,-0.1959879035470375,0.5106834097073097,-2.5761329803970843,-1.7131387983186037,0.9476308263649649
1077508.4694000003,0.037098453169757226,-0.1938948120619979,0.5124697582979939,-2.576616290871711,-1.7161713931150988,0.9492680312767021
1077508.4734,0.03861075749084531,-0.19174018823997202,0.5142785307050567,-2.577099548083117,-1.7191790873554016,0.9509116677224718
1077508.4774,0.04015823634426845,-0.18952940500845908,0.5161127496163351,-2.577570927596061,-1.7221706961027201,0.9525734269794593
1077508.4816,0.04174709572760438,-0.18726260218341634,0.5179627477570723,-2.5780515749095985,-1.725136685240353,0.954253482153136
1077508.4854000001,0.04336471891518884,-0.18492693667048687,0.5198130787929458,-2.578565831316093,-1.7280766286625238,0.9559427651799893
1077508.4896,0.04501239670791269,-0.18251613672530353,0.5216627040911304,-2.579104801857503,-1.7309928166877715,0.9576339257354116
1077508.4936,0.04668382823308436,-0.1800618939648383,0.5235152921560275,-2.5796240117436247,-1.7339042642862785,0.9593388015704477
1077508.4976,0.04837550227925416,-0.17758064009301694,0.5253887061406493,-2.5801305982461797,-1.7367943533328436,0.9610392432422685
1077508.5016,0.05008691451029066,-0.17508800120753545,0.5272779992232706,-2.5806392620143854,-1.7396726712073902,0.9627590194636036
1077508.5056,0.0518133594534428,-0.17255562462963864,0.5291708942312662,-2.581179670662784,-1.742531095268594,0.9644634159296436
1077508.5098,0.05354882086136055,-0.16999372025315557,0.5310587159173853,-2.581733554906299,-1.7453854446933303,0.9661723664011473
1077508.5138,0.05528598752461378,-0.16741095999638583,0.5329260512368188,-2.5822555344799545,-1.7482100199770791,0.9678635136407638
1077508.5178,0.05702114849467106,-0.16483711467136514,0.53478074985688,-2.582757593608656,-1.7510135030249945,0.9695589618855411
1077508.5217999998,0.05876713521455949,-0.16226082589604424,0.5366430451439506,-2.5832818102376267,-1.7538250820826242,0.9712681387257376
1077508.5258000002,0.06052975171097981,-0.15966012592038148,0.538531246330525,-2.5838369195352433,-1.7566606828532858,0.9730023759117918
1077508.5298000001,0.06230269128557553,-0.15702135938588738,0.5404401402787692,-2.5843828142954877,-1.759484139609377,0.9747167326003086
1077508.5337999999,0.06408184268341387,-0.1543724661813482,0.5423399927951127,-2.584902716603493,-1.7622839208633774,0.9764311026046307
1077508.5378000003,0.06586400262104615,-0.1517308633802932,0.5442227145277442,-2.5854148957443366,-1.7650934759185781,0.9781613184174388
1077508.5418000002,0.06764265384394226,-0.14910479346629602,0.5460924267184507,-2.5859431603781653,-1.7679127781433688,0.9798972600265907
1077508.5459999999,0.06941669446920115,-0.14646753161781778,0.5479711270778361,-2.5864949140928077,-1.770734903318915,0.9816163171944314
1077508.5498000002,0.07118973141562425,-0.14382939092617988,0.5498679835379532,-2.587034630319323,-1.773544405110894,0.983334961572303
1077508.554,0.07296297558926965,-0.14119211909084756,0.5517664911579463,-2.58755192272946,-1.7763565700639632,0.9850552571100506
1077508.558,0.07474292759991069,-0.13858052345737498,0.553662169169281,-2.5880671911371684,-1.779173315654107,0.9867776565450594
1077508.562,0.07652248180086389,-0.1359874933856516,0.5555418016350481,-2.588598065668865,-1.7819892622959244,0.9884939173937555
1077508.566,0.07830303635170158,-0.13339539874926115,0.5574106882458165,-2.5891500856996164,-1.7848090172581004,0.9902123087713237
1077508.5699999998,0.08007937977906554,-0.1307858570787793,0.5592813392008072,-2.5896754208562456,-1.7876199837886788,0.9919467856418759
1077508.5739999998,0.08185292355833358,-0.12818729428989128,0.5611567505562466,-2.590191115369729,-1.7904363299046593,0.9936684926550013
1077508.578,0.08362756589155129,-0.1256142395908192,0.5630405242375086,-2.590707022936099,-1.7932582952905403,0.9953885618240561
1077508.5824000002,0.08539369110270777,-0.12306599390177686,0.5649251368145142,-2.591239388838006,-1.7960855603669899,0.9971057814107447
1077508.5862,0.08714809341164084,-0.12050163442366388,0.5667981513249722,-2.5917815019095025,-1.7989154886045298,0.9988374086989307
1077508.5903999999,0.0888971793852479,-0.11792866627732723,0.5686555996588589,-2.5923035347463794,-1.8017426205229252,1.0005503938594857
1077508.5944000003,0.09064847578255968,-0.11534597759301177,0.5705165633653845,-2.592819815155303,-1.8045867700406866,1.002274391191149
1077508.5984,0.09239906977113396,-0.11278636020611484,0.5723940386706686,-2.5933345509307926,-1.8074353137742463,1.0039890141957744
1077508.6024,0.0941384435291406,-0.11024522016375597,0.5742785846686468,-2.593876717265511,-1.810310329329041,1.005712825106161
1077508.6064000004,0.09587410217742656,-0.10770163667109697,0.5761655008799952,-2.5944212804452107,-1.8131854780418906,1.0074312297995345
1077508.6105999998,0.09761838447421736,-0.10512669279212661,0.5780477831910469,-2.594938998961122,-1.8160917857394943,1.0091505932309006
1077508.6143999998,0.09936887526529939,-0.10254376775226441,0.5799179081717223,-2.595445478937233,-1.8190099977671703,1.0108777597242606
1077508.6186,0.10111205235023782,-0.09996771366801463,0.5817835856733773,-2.5959642627175805,-1.821953856036144,1.0126013442659545
1077508.6226,0.10285343013696473,-0.0974076219055485,0.5836542832336871,-2.596517188223103,-1.824940271619337,1.0143280447061236
1077508.6266,0.10459890919177037,-0.09483196230203517,0.5855382566520311,-2.597059674137152,-1.8279571537654005,1.0160373680201802
1077508.6306,0.10635090466886832,-0.09224097953539981,0.5874329093463461,-2.597567592220252,-1.8310279649235384,1.0177659326731123
1077508.6346,0.10811021718106124,-0.08963096515382446,0.589322235718481,-2.5980771614632276,-1.8341452482426976,1.0194840843661825
1077508.6388,0.10987023709541872,-0.08702852913002608,0.591197167704924,-2.598613468843548,-1.8373238108985397,1.0212165106026954
1077508.6428,0.11162623896548154,-0.08444031272197303,0.5930602619403216,-2.5991722533034682,-1.8405736663767638,1.0229282573933438
1077508.6467999998,0.113378633916743,-0.08185802018286972,0.5949359529276753,-2.5996932208759094,-1.843913856279163,1.024649964406469
1077508.6508000002,0.11513052952530005,-0.07925598030428349,0.5968302993584651,-2.600208968652614,-1.8473506124026884,1.026365279832978
1077508.6548000001,0.11688933770136153,-0.07664856749819801,0.5987309574810383,-2.600726420852417,-1.850898875081055,1.0280909682719332
1077508.6587999999,0.1186475516596048,-0.07404692376482394,0.6006287793370506,-2.6012611835993047,-1.8545913213008394,1.0298110241251828
1077508.6628000003,0.12039854345786694,-0.07146794686127778,0.6025080789076813,-2.6018112861540716,-1.8584348486492637,1.0315377378811574
1077508.6668000002,0.12214833849811417,-0.0688784687806583,0.6043800281537034,-2.602333372254171,-1.862456301790116,1.033265809849288
1077508.6708,0.12390724987166793,-0.06628480287922468,0.6062547071398429,-2.6028540735105024,-1.866544893222049,1.0349874635991916
1077508.675,0.1256708733758754,-0.06367928923989156,0.6081385474001323,-2.603380154352237,-1.8705054665003824,1.0367077591369391
1077508.679,0.12743459009072103,-0.061090674189912854,0.6100338259373035,-2.6039234924778354,-1.8742864095631895,1.0384290267284846
1077508.683,0.12919861140461636,-0.05851888865354775,0.6119274799462098,-2.604452822376099,-1.8779868985294654,1.0401538230084744
1077508.687,0.1309628291266421,-0.05595231708725433,0.6138071390435877,-2.6049686766792477,-1.8816660555754101,1.041873825598502
1077508.691,0.13273416414668104,-0.0533657593292177,0.6156714849646977,-2.605488632250475,-1.8852687266348476,1.0435972503505304
1077508.6949999998,0.134506105035868,-0.05077809552709085,0.6175386937839795,-2.6060193469925057,-1.8887431664877976,1.045304030345746
1077508.6989999998,0.1362750398819745,-0.04819983101913629,0.6194249708366664,-2.6065674255448434,-1.8921468727821948,1.047032315366764
1077508.703,0.1380437650041452,-0.04564163342999548,0.6213170136331131,-2.6070971815488826,-1.8954907112152877,1.0487502540069467
1077508.707,0.13980437913632088,-0.043071586438479505,0.6232118793803154,-2.607613035852031,-1.898763975879493,1.0504849572461914
1077508.7112,0.1415658904208888,-0.04049261286388471,0.625094574481336,-2.608129316260954,-1.9019478914891266,1.052200752041697
1077508.7152,0.14332511138691925,-0.037897048627936566,0.6269622893012249,-2.608666635642488,-1.9050585435371716,1.0539286509043566
1077508.7194000003,0.1450779074768199,-0.035313337123314956,0.6288322411764294,-2.609221585150439,-1.9081101533038498,1.055652661551825
1077508.7234,0.14682138250290527,-0.032743208988609517,0.6307100493768498,-2.6097431918815417,-1.9110851172943555,1.0573814392576444
1077508.7274,0.148564860857942,-0.030176321171936644,0.6326039430702541,-2.610257927657032,-1.9139903064643016,1.0590956627881067
1077508.7314000004,0.15031164819063314,-0.027584787047731846,0.6345042416660802,-2.610776604910936,-1.9168379180914794,1.0608137878495658
1077508.7354000001,0.15205703070584925,-0.024982272377457516,0.6363938077227133,-2.6113198897733123,-1.919612931947342,1.0625426188186071
1077508.7396,0.15379419404015113,-0.02238275917295549,0.638267221707335,-2.6118672226405453,-1.9223341499491848,1.0642668425189625
1077508.7436,0.15553437340438753,-0.019803547994457195,0.640131953786803,-2.6123873380014375,-1.9249838620757593,1.065981492155199
1077508.7476,0.15728506559702699,-0.01720917094578874,0.6420129710963368,-2.612905908728898,-1.9275866493039264,1.0677008422707597
1077508.7516,0.1590454783276453,-0.01460523481328258,0.6439085958444497,-2.613429166619876,-1.9301217922404053,1.069434107403016
1077508.7556,0.1608063937299193,-0.011984552182887407,0.6458071234381509,-2.613974368958238,-1.9326094776462597,1.0711591566833092
1077508.7598,0.1625679150013413,-0.009379352297220221,0.6476974751273055,-2.614511262233998,-1.9350313297099668,1.072878240482761
1077508.7636,0.16432791827094198,-0.006786238377534412,0.649571328533507,-2.6150283948544693,-1.937408866773135,1.0745940086466554
1077508.7678,0.16609074116234676,-0.004198890825787004,0.651443477516611,-2.6155450481059446,-1.9397305573482442,1.0763292578339236
1077508.7717999998,0.16785235231545556,-0.0015934540384169918,0.6533217917176384,-2.6160730464236637,-1.9420009820723692,1.078046197788698
1077508.7758000002,0.16961466920625323,0.0010152216235730861,0.6552113710900769,-2.616623575084205,-1.9442254672676906,1.079766986011247
1077508.7798000001,0.17137539152934822,0.003615839818864318,0.6571148787950165,-2.617157432356322,-1.9464034803019903,1.0814839392818265
1077508.7837999999,0.17313769510434046,0.006195209070537472,0.659011582123371,-2.617669398444279,-1.9485302541169165,1.0832098940368904
1077508.7878000003,0.17490131694407224,0.008784214960212105,0.6608916540107177,-2.618181684111567,-1.9506073333459022,1.08492757967677
1077508.7918000002,0.1766695527103926,0.011379304300442426,0.6627552009835007,-2.6187193763356538,-1.9526469152667392,1.086644785947653
1077508.7959999999,0.178439569465692,0.01398632116937521,0.6646296003377257,-2.6192770422679166,-1.9546402913426637,1.0883731508635037
1077508.7998000002,0.18020891710176748,0.016577380918010837,0.6665217896080324,-2.6198004066853384,-1.9565886333645548,1.090099798040451
1077508.804,0.18198306175675646,0.019150509686250743,0.6684162958284876,-2.6203079519258865,-1.958496442074655,1.0918280963772742
1077508.808,0.18375910391402211,0.021722927307255814,0.6703119205766006,-2.62082220833238,-1.9603621728395315,1.0935399230627554
1077508.812,0.18553474992607566,0.024313670389393076,0.6721920190955583,-2.6213617647692304,-1.9621884888202754,1.0952658511862086
1077508.816,0.18730879138357243,0.02690915556274635,0.6740610788117978,-2.6219149565908615,-1.9639691582199348,1.096985640723349
1077508.8199999998,0.18908182749775765,0.029494527381860057,0.6759299787383718,-2.622435657847194,-1.9657160054737506,1.098721822016999
1077508.8242,0.19085626842941789,0.032061494261127796,0.6778111158901547,-2.622948635936365,-1.9674234912066548,1.1004314249629696
1077508.828,0.1926273138306883,0.03463675605495328,0.6797056487422207,-2.6234663011890547,-1.969082267723222,1.1021536379767025
1077508.832,0.19439644175597387,0.03722276037482588,0.6816003413839522,-2.624010012157205,-1.9707155577881565,1.1038677416649154
1077508.836,0.19616096907047628,0.03982488098048266,0.6834835424855799,-2.6245589961843137,-1.972316170866516,1.1055949481056917
1077508.8403999999,0.19792479064728988,0.04241349103703433,0.6853454249826816,-2.625073785223026,-1.9738718031540636,1.1073135259045361
1077508.8442000002,0.1996753796424371,0.044989146479358456,0.6872118481694417,-2.6255848458362125,-1.975399525513388,1.109039027922215
1077508.8484,0.20141584862544198,0.04755919513535012,0.6891005620145261,-2.6261075710949733,-1.976897606889779,1.1107590171964372
1077508.8526,0.20315863122964398,0.050150256132342495,0.690997225395464,-2.626658792177398,-1.9783523320036243,1.1124821623165513
1077508.8564000004,0.2049041102844496,0.05275111173648149,0.6928975239912901,-2.6271998399844585,-1.9797808249807314,1.1142046016989764
1077508.8604000001,0.20665109402527113,0.05534572638905346,0.6947820167260466,-2.627709196174547,-1.9811832456107676,1.1159234724455405
1077508.8643999998,0.20839618026381604,0.05792327850141642,0.696651728916753,-2.6282249439512517,-1.9825563448372012,1.1176461515124638
1077508.8686,0.2101442725454413,0.06051315439172372,0.6985233452676388,-2.6287622633327863,-1.9838727453640275,1.1193640235736193
1077508.8726,0.21189787424157167,0.06311306207696221,0.7004004743619812,-2.6293156682073042,-1.9851857370446582,1.1210862365873517
1077508.8766,0.2136521716885369,0.06572631885716473,0.7022899871553925,-2.629830137666686,-1.9864657854226049,1.122789194946403
1077508.8806,0.21541308709081086,0.06832725269166075,0.7041864907466652,-2.630345512600838,-1.9877331837853736,1.124512100382019
1077508.8846,0.21717309701831428,0.07091128294337531,0.7060715294294451,-2.630860088586663,-1.9889369059664783,1.126231170865665
1077508.8886,0.21893561031724235,0.07349033474832714,0.7079430925171091,-2.631392614278236,-1.990136233931785,1.1279621723109947
1077508.8928,0.2206998413550735,0.0760869251335328,0.7098097820199782,-2.63194175809501,-1.991311673342113,1.129675277313799
1077508.8967999998,0.22246916568848946,0.07868698927948534,0.711695260124338,-2.6324623528248985,-1.9924735306308818,1.1313998605409017
