-0.06447099608949494,-0.030906001215744994,-1.8652888246033452,-2.483191160558891,1.1880294251540666,-0.7499742288177571
-0.06452022511862535,-0.03231212610640832,-1.8657962747054415,-2.48559306450486,1.1880155138353723,-0.7516793538686883
-0.06456945414775575,-0.03371825099707165,-1.8663037248075378,-2.4879949684508285,1.188001602516678,-0.7533844789196196
-0.06461868317688615,-0.03512437588773498,-1.866811174909634,-2.490396872396797,1.1879876911979836,-0.7550896039705508
-0.06466791220601656,-0.03653050077839831,-1.8673186250117304,-2.4927987763427657,1.1879737798792893,-0.756794729021482
-0.06471714123514696,-0.03793662566906164,-1.8678260751138267,-2.4952006802887343,1.187959868560595,-0.7584998540724133
-0.06476637026427737,-0.03934275055972497,-1.868333525215923,-2.497602584234703,1.1879459572419007,-0.7602049791233445
-0.06481559929340777,-0.0407488754503883,-1.8688409753180193,-2.5000044881806716,1.1879320459232063,-0.7619101041742757
-0.06486482832253818,-0.04215500034105163,-1.8693484254201156,-2.50240639212664,1.187918134604512,-0.763615229225207
-0.06491405735166858,-0.04356112523171496,-1.8698558755222119,-2.504808296072609,1.1879042232858177,-0.7653203542761382
-0.06496328638079898,-0.04496725012237829,-1.8703633256243082,-2.5072102000185774,1.1878903119671234,-0.7670254793270694
-0.06501251540992939,-0.04637337501304162,-1.8708707757264045,-2.509612103964546,1.187876400648429,-0.7687306043780007
-0.0650617444390598,-0.04777949990370495,-1.8713782258285008,-2.5120140079105147,1.1878624893297347,-0.7704357294289319
-0.0651109734681902,-0.04918562479436828,-1.871885675930597,-2.5144159118564833,1.1878485780110404,-0.7721408544798631
-0.0651602024973206,-0.050591749685031606,-1.8723931260326934,-2.516817815802452,1.187834666692346,-0.7738459795307944
-0.065209431526451,-0.051997874575694936,-1.8729005761347897,-2.5192197197484205,1.1878207553736517,-0.7755511045817256
-0.06525866055558141,-0.053403999466358265,-1.873408026236886,-2.521621623694389,1.1878068440549574,-0.7772562296326568
-0.06530788958471181,-0.054810124357021595,-1.8739154763389823,-2.5240235276403578,1.187792932736263,-0.7789613546835881
-0.06535711861384222,-0.056216249247684924,-1.8744229264410786,-2.5264254315863264,1.1877790214175687,-0.7806664797345193
-0.06540634764297262,-0.057622374138348254,-1.8749303765431748,-2.528827335532295,1.1877651100988744,-0.7823716047854505
-0.06545557667210303,-0.05902849902901158,-1.8754378266452711,-2.5312292394782636,1.18775119878018,-0.7840767298363818
-0.06550480570123343,-0.06043462391967491,-1.8759452767473674,-2.5336311434242322,1.1877372874614858,-0.785781854887313
-0.06555403473036384,-0.06184074881033824,-1.8764527268494637,-2.536033047370201,1.1877233761427914,-0.7874869799382442
-0.06560326375949424,-0.06324687370100157,-1.87696017695156,-2.5384349513161695,1.1877094648240971,-0.7891921049891755
-0.06565249278862464,-0.0646529985916649,-1.8774676270536563,-2.540836855262138,1.1876955535054028,-0.7908972300401067
-0.06570172181775505,-0.06605912348232823,-1.8779750771557526,-2.5432387592081067,1.1876816421867085,-0.7926023550910379
-0.06575095084688545,-0.06746524837299156,-1.878482527257849,-2.5456406631540753,1.1876677308680141,-0.7943074801419692
-0.06580017987601586,-0.06887137326365489,-1.8789899773599452,-2.548042567100044,1.1876538195493198,-0.7960126051929004
-0.06584940890514626,-0.07027749815431822,-1.8794974274620415,-2.5504444710460126,1.1876399082306255,-0.7977177302438316
-0.06589863793427667,-0.07168362304498155,-1.8800048775641378,-2.552846374991981,1.1876259969119312,-0.7994228552947629
-0.06594786696340707,-0.07308974793564488,-1.880512327666234,-2.55524827893795,1.1876120855932368,-0.8011279803456941
-0.06599709599253747,-0.07449587282630821,-1.8810197777683304,-2.5576501828839184,1.1875981742745425,-0.8028331053966253
-0.06604632502166788,-0.07590199771697154,-1.8815272278704267,-2.560052086829887,1.1875842629558482,-0.8045382304475566
-0.06609555405079828,-0.07730812260763487,-1.882034677972523,-2.5624539907758557,1.1875703516371539,-0.8062433554984878
-0.06614478307992869,-0.0787142474982982,-1.8825421280746193,-2.5648558947218243,1.1875564403184595,-0.807948480549419
-0.06619401210905909,-0.08012037238896152,-1.8830495781767156,-2.567257798667793,1.1875425289997652,-0.8096536056003503
-0.0662432411381895,-0.08152649727962485,-1.8835570282788119,-2.5696597026137615,1.1875286176810709,-0.8113587306512815
-0.0662924701673199,-0.08293262217028818,-1.8840644783809082,-2.57206160655973,1.1875147063623765,-0.8130638557022127
-0.0663416991964503,-0.08433874706095151,-1.8845719284830045,-2.5744635105056988,1.1875007950436822,-0.814768980753144
-0.06639092822558071,-0.08574487195161484,-1.8850793785851008,-2.5768654144516674,1.187486883724988,-0.8164741058040752
-0.06644015725471111,-0.08715099684227817,-1.885586828687197,-2.579267318397636,1.1874729724062936,-0.8181792308550064
-0.06648938628384152,-0.0885571217329415,-1.8860942787892934,-2.5816692223436046,1.1874590610875992,-0.8198843559059377
-0.06653861531297192,-0.08996324662360483,-1.8866017288913897,-2.5840711262895733,1.187445149768905,-0.8215894809568689
-0.06658784434210233,-0.09136937151426816,-1.887109178993486,-2.586473030235542,1.1874312384502106,-0.8232946060078001
-0.06663707337123273,-0.09277549640493149,-1.8876166290955823,-2.5888749341815105,1.1874173271315163,-0.8249997310587314
-0.06668630240036313,-0.09418162129559482,-1.8881240791976786,-2.591276838127479,1.187403415812822,-0.8267048561096626
-0.06673553142949354,-0.09558774618625815,-1.8886315292997748,-2.5936787420734477,1.1873895044941276,-0.8284099811605938
-0.06678476045862394,-0.09699387107692148,-1.8891389794018711,-2.5960806460194163,1.1873755931754333,-0.8301151062115251
-0.06683398948775435,-0.09839999596758481,-1.8896464295039674,-2.598482549965385,1.187361681856739,-0.8318202312624563
-0.06688321851688475,-0.09980612085824814,-1.8901538796060637,-2.6008844539113536,1.1873477705380446,-0.8335253563133875
-0.06693244754601516,-0.10121224574891147,-1.89066132970816,-2.603286357857322,1.1873338592193503,-0.8352304813643188
-0.06698167657514556,-0.1026183706395748,-1.8911687798102563,-2.605688261803291,1.187319947900656,-0.83693560641525
-0.06703090560427596,-0.10402449553023813,-1.8916762299123526,-2.6080901657492594,1.1873060365819617,-0.8386407314661812
-0.06708013463340637,-0.10543062042090146,-1.892183680014449,-2.610492069695228,1.1872921252632673,-0.8403458565171125
-0.06712936366253677,-0.10683674531156478,-1.8926911301165452,-2.6128939736411967,1.187278213944573,-0.8420509815680437
-0.06717859269166718,-0.10824287020222811,-1.8931985802186415,-2.6152958775871653,1.1872643026258787,-0.8437561066189749
-0.06722782172079758,-0.10964899509289144,-1.8937060303207378,-2.617697781533134,1.1872503913071843,-0.8454612316699062
-0.06727705074992799,-0.11105511998355477,-1.894213480422834,-2.6200996854791025,1.18723647998849,-0.8471663567208374
-0.06732627977905839,-0.1124612448742181,-1.8947209305249304,-2.622501589425071,1.1872225686697957,-0.8488714817717686
-0.0673755088081888,-0.11386736976488143,-1.8952283806270267,-2.62490349337104,1.1872086573511014,-0.8505766068226999
-0.0674247378373192,-0.11527349465554476,-1.895735830729123,-2.6273053973170084,1.187194746032407,-0.8522817318736311
-0.0674739668664496,-0.11667961954620809,-1.8962432808312193,-2.629707301262977,1.1871808347137127,-0.8539868569245623
-0.06752319589558001,-0.11808574443687142,-1.8967507309333156,-2.6321092052089456,1.1871669233950184,-0.8556919819754936
-0.06757242492471041,-0.11949186932753475,-1.8972581810354119,-2.6345111091549143,1.187153012076324,-0.8573971070264248
-0.06762165395384082,-0.12089799421819808,-1.8977656311375082,-2.636913013100883,1.1871391007576297,-0.859102232077356
-0.06767088298297122,-0.12230411910886141,-1.8982730812396045,-2.6393149170468515,1.1871251894389354,-0.8608073571282873
-0.06772011201210162,-0.12371024399952474,-1.8987805313417008,-2.64171682099282,1.187111278120241,-0.8625124821792185
-0.06776934104123203,-0.12511636889018807,-1.899287981443797,-2.6441187249387887,1.1870973668015468,-0.8642176072301497
-0.06781857007036243,-0.1265224937808514,-1.8997954315458934,-2.6465206288847574,1.1870834554828524,-0.865922732281081
-0.06786779909949284,-0.12792861867151473,-1.9003028816479897,-2.648922532830726,1.187069544164158,-0.8676278573320122
-0.06791702812862324,-0.12933474356217806,-1.900810331750086,-2.6513244367766946,1.1870556328454638,-0.8693329823829434
-0.06796625715775365,-0.13074086845284139,-1.9013177818521823,-2.6537263407226632,1.1870417215267695,-0.8710381074338747
-0.06801548618688405,-0.13214699334350472,-1.9018252319542786,-2.656128244668632,1.1870278102080751,-0.8727432324848059
-0.06806471521601445,-0.13355311823416804,-1.9023326820563748,-2.6585301486146005,1.1870138988893808,-0.8744483575357371
-0.06811394424514486,-0.13495924312483137,-1.9028401321584711,-2.660932052560569,1.1869999875706865,-0.8761534825866684
-0.06816317327427526,-0.1363653680154947,-1.9033475822605674,-2.6633339565065377,1.1869860762519922,-0.8778586076375996
-0.06821240230340567,-0.13777149290615803,-1.9038550323626637,-2.6657358604525063,1.1869721649332978,-0.8795637326885308
-0.06826163133253607,-0.13917761779682136,-1.90436248246476,-2.668137764398475,1.1869582536146035,-0.8812688577394621
-0.06831086036166648,-0.1405837426874847,-1.9048699325668563,-2.6705396683444436,1.1869443422959092,-0.8829739827903933
-0.06836008939079688,-0.14198986757814802,-1.9053773826689526,-2.672941572290412,1.1869304309772148,-0.8846791078413245
-0.06840931841992728,-0.14339599246881135,-1.905884832771049,-2.675343476236381,1.1869165196585205,-0.8863842328922558
-0.06845854744905769,-0.14480211735947468,-1.9063922828731452,-2.6777453801823494,1.1869026083398262,-0.888089357943187
-0.06850777647818809,-0.146208242250138,-1.9068997329752415,-2.680147284128318,1.1868886970211319,-0.8897944829941182
-0.0685570055073185,-0.14761436714080134,-1.9074071830773378,-2.6825491880742867,1.1868747857024375,-0.8914996080450495
-0.0686062345364489,-0.14902049203146467,-1.907914633179434,-2.6849510920202553,1.1868608743837432,-0.8932047330959807
-0.0686554635655793,-0.150426616922128,-1.9084220832815304,-2.687352995966224,1.1868469630650489,-0.8949098581469119
-0.06870469259470971,-0.15183274181279133,-1.9089295333836267,-2.6897548999121925,1.1868330517463546,-0.8966149831978432
-0.06875392162384011,-0.15323886670345466,-1.909436983485723,-2.692156803858161,1.1868191404276602,-0.8983201082487744
-0.06880315065297052,-0.154644991594118,-1.9099444335878193,-2.6945587078041298,1.186805229108966,-0.9000252332997056
-0.06885237968210092,-0.15605111648478132,-1.9104518836899156,-2.6969606117500984,1.1867913177902716,-0.9017303583506369
-0.06890160871123133,-0.15745724137544465,-1.9109593337920119,-2.699362515696067,1.1867774064715773,-0.9034354834015681
-0.06895083774036173,-0.15886336626610797,-1.9114667838941082,-2.7017644196420356,1.186763495152883,-0.9051406084524993
-0.06900006676949214,-0.1602694911567713,-1.9119742339962045,-2.7041663235880042,1.1867495838341886,-0.9068457335034306
-0.06904929579862254,-0.16167561604743463,-1.9124816840983008,-2.706568227533973,1.1867356725154943,-0.9085508585543618
-0.06909852482775294,-0.16308174093809796,-1.912989134200397,-2.7089701314799415,1.1867217611968,-0.910255983605293
-0.06914775385688335,-0.1644878658287613,-1.9134965843024934,-2.71137203542591,1.1867078498781056,-0.9119611086562243
-0.06919698288601375,-0.16589399071942462,-1.9140040344045897,-2.7137739393718787,1.1866939385594113,-0.9136662337071555
-0.06924621191514416,-0.16730011561008795,-1.914511484506686,-2.7161758433178473,1.186680027240717,-0.9153713587580867
-0.06929544094427456,-0.16870624050075128,-1.9150189346087823,-2.718577747263816,1.1866661159220226,-0.917076483809018
-0.06934466997340497,-0.1701123653914146,-1.9155263847108785,-2.7209796512097846,1.1866522046033283,-0.9187816088599492
-0.06939389900253537,-0.17151849028207794,-1.9160338348129748,-2.723381555155753,1.186638293284634,-0.9204867339108804
-0.06944312803166577,-0.17292461517274127,-1.9165412849150711,-2.725783459101722,1.1866243819659397,-0.9221918589618117
-0.06949235706079618,-0.1743307400634046,-1.9170487350171674,-2.7281853630476904,1.1866104706472453,-0.9238969840127429
-0.06954158608992658,-0.17573686495406793,-1.9175561851192637,-2.730587266993659,1.186596559328551,-0.9256021090636741
-0.06959081511905699,-0.17714298984473126,-1.91806363522136,-2.7329891709396277,1.1865826480098567,-0.9273072341146054
-0.06964004414818739,-0.1785491147353946,-1.9185710853234563,-2.7353910748855963,1.1865687366911624,-0.9290123591655366
-0.0696892731773178,-0.17995523962605792,-1.9190785354255526,-2.737792978831565,1.186554825372468,-0.9307174842164678
-0.0697385022064482,-0.18136136451672125,-1.919585985527649,-2.7401948827775335,1.1865409140537737,-0.9324226092673991
-0.0697877312355786,-0.18276748940738458,-1.9200934356297452,-2.742596786723502,1.1865270027350794,-0.9341277343183303
-0.06983696026470901,-0.1841736142980479,-1.9206008857318415,-2.7449986906694708,1.186513091416385,-0.9358328593692615
-0.06988618929383941,-0.18557973918871123,-1.9211083358339378,-2.7474005946154394,1.1864991800976907,-0.9375379844201928
-0.06993541832296982,-0.18698586407937456,-1.921615785936034,-2.749802498561408,1.1864852687789964,-0.939243109471124
-0.06998464735210022,-0.1883919889700379,-1.9221232360381304,-2.7522044025073766,1.186471357460302,-0.9409482345220552
-0.07003387638123063,-0.18979811386070122,-1.9226306861402267,-2.7546063064533453,1.1864574461416078,-0.9426533595729865
-0.07008310541036103,-0.19120423875136455,-1.923138136242323,-2.757008210399314,1.1864435348229134,-0.9443584846239177
-0.07013233443949143,-0.19261036364202788,-1.9236455863444193,-2.7594101143452825,1.186429623504219,-0.9460636096748489
-0.07018156346862184,-0.1940164885326912,-1.9241530364465156,-2.761812018291251,1.1864157121855248,-0.9477687347257802
-0.07023079249775224,-0.19542261342335454,-1.9246604865486119,-2.7642139222372197,1.1864018008668304,-0.9494738597767114
-0.07028002152688265,-0.19682873831401787,-1.9251679366507082,-2.7666158261831884,1.1863878895481361,-0.9511789848276426
-0.07032925055601305,-0.1982348632046812,-1.9256753867528045,-2.769017730129157,1.1863739782294418,-0.9528841098785739
-0.07037847958514346,-0.19964098809534453,-1.9261828368549008,-2.7714196340751256,1.1863600669107475,-0.9545892349295051
-0.07042770861427386,-0.20104711298600786,-1.926690286956997,-2.773821538021094,1.1863461555920531,-0.9562943599804363
-0.07047693764340426,-0.2024532378766712,-1.9271977370590934,-2.776223441967063,1.1863322442733588,-0.9579994850313676
-0.07052616667253467,-0.20385936276733452,-1.9277051871611897,-2.7786253459130315,1.1863183329546645,-0.9597046100822988
-0.07057539570166507,-0.20526548765799785,-1.928212637263286,-2.781027249859,1.1863044216359702,-0.96140973513323
-0.07062462473079548,-0.20667161254866118,-1.9287200873653823,-2.7834291538049687,1.1862905103172758,-0.9631148601841613
-0.07067385375992588,-0.2080777374393245,-1.9292275374674785,-2.7858310577509373,1.1862765989985815,-0.9648199852350925
-0.07072308278905629,-0.20948386232998784,-1.9297349875695748,-2.788232961696906,1.1862626876798872,-0.9665251102860237
-0.07077231181818669,-0.21088998722065116,-1.9302424376716711,-2.7906348656428746,1.1862487763611929,-0.968230235336955
-0.0708215408473171,-0.2122961121113145,-1.9307498877737674,-2.793036769588843,1.1862348650424985,-0.9699353603878862
-0.0708707698764475,-0.21370223700197782,-1.9312573378758637,-2.795438673534812,1.1862209537238042,-0.9716404854388174
-0.0709199989055779,-0.21510836189264115,-1.93176478797796,-2.7978405774807804,1.1862070424051099,-0.9733456104897487
-0.0709692279347083,-0.21651448678330448,-1.9322722380800563,-2.800242481426749,1.1861931310864156,-0.9750507355406799
-0.07101845696383871,-0.2179206116739678,-1.9327796881821526,-2.8026443853727177,1.1861792197677212,-0.9767558605916111
-0.07106768599296912,-0.21932673656463114,-1.933287138284249,-2.8050462893186863,1.186165308449027,-0.9784609856425424
-0.07111691502209952,-0.22073286145529447,-1.9337945883863452,-2.807448193264655,1.1861513971303326,-0.9801661106934736
-0.07116614405122992,-0.2221389863459578,-1.9343020384884415,-2.8098500972106235,1.1861374858116382,-0.9818712357444048
-0.07121537308036033,-0.22354511123662113,-1.9348094885905378,-2.812252001156592,1.186123574492944,-0.9835763607953361
-0.07126460210949073,-0.22495123612728446,-1.935316938692634,-2.8146539051025607,1.1861096631742496,-0.9852814858462673
-0.07131383113862114,-0.2263573610179478,-1.9358243887947304,-2.8170558090485294,1.1860957518555553,-0.9869866108971985
-0.07136306016775154,-0.22776348590861112,-1.9363318388968267,-2.819457712994498,1.186081840536861,-0.9886917359481298
-0.07141228919688195,-0.22916961079927445,-1.936839288998923,-2.8218596169404666,1.1860679292181666,-0.990396860999061
-0.07146151822601235,-0.23057573568993778,-1.9373467391010193,-2.8242615208864352,1.1860540178994723,-0.9921019860499922
-0.07151074725514275,-0.2319818605806011,-1.9378541892031156,-2.826663424832404,1.186040106580778,-0.9938071111009235
-0.07155997628427316,-0.23338798547126444,-1.9383616393052119,-2.8290653287783725,1.1860261952620836,-0.9955122361518547
-0.07160920531340356,-0.23479411036192777,-1.9388690894073082,-2.831467232724341,1.1860122839433893,-0.9972173612027859
-0.07165843434253397,-0.2362002352525911,-1.9393765395094045,-2.8338691366703097,1.185998372624695,-0.9989224862537172
-0.07170766337166437,-0.23760636014325442,-1.9398839896115008,-2.8362710406162783,1.1859844613060007,-1.0006276113046484
-0.07175689240079478,-0.23901248503391775,-1.940391439713597,-2.838672944562247,1.1859705499873063,-1.0023327363555796
-0.07180612142992518,-0.24041860992458108,-1.9408988898156934,-2.8410748485082156,1.185956638668612,-1.0040378614065109
-0.07185535045905558,-0.2418247348152444,-1.9414063399177897,-2.843476752454184,1.1859427273499177,-1.005742986457442
-0.07190457948818599,-0.24323085970590774,-1.941913790019886,-2.845878656400153,1.1859288160312234,-1.0074481115083733
-0.07195380851731639,-0.24463698459657107,-1.9424212401219823,-2.8482805603461214,1.185914904712529,-1.0091532365593046
-0.0720030375464468,-0.2460431094872344,-1.9429286902240785,-2.85068246429209,1.1859009933938347,-1.0108583616102358
-0.0720522665755772,-0.24744923437789773,-1.9434361403261748,-2.8530843682380587,1.1858870820751404,-1.012563486661167
-0.0721014956047076,-0.24885535926856106,-1.9439435904282711,-2.8554862721840273,1.185873170756446,-1.0142686117120983
-0.07215072463383801,-0.2502614841592244,-1.9444510405303674,-2.857888176129996,1.1858592594377517,-1.0159737367630295
-0.07219995366296841,-0.2516676090498877,-1.9449584906324637,-2.8602900800759645,1.1858453481190574,-1.0176788618139607
-0.07224918269209882,-0.25307373394055105,-1.94546594073456,-2.862691984021933,1.185831436800363,-1.019383986864892
-0.07229841172122922,-0.2544798588312144,-1.9459733908366563,-2.8650938879679018,1.1858175254816687,-1.0210891119158232
-0.07234764075035963,-0.2558859837218777,-1.9464808409387526,-2.8674957919138704,1.1858036141629744,-1.0227942369667544
-0.07239686977949003,-0.25729210861254104,-1.946988291040849,-2.869897695859839,1.18578970284428,-1.0244993620176857
-0.07244609880862043,-0.25869823350320437,-1.9474957411429452,-2.8722995998058076,1.1857757915255858,-1.0262044870686169
-0.07249532783775084,-0.2601043583938677,-1.9480031912450415,-2.8747015037517762,1.1857618802068914,-1.0279096121195481
-0.07254455686688124,-0.261510483284531,-1.9485106413471378,-2.877103407697745,1.1857479688881971,-1.0296147371704794
-0.07259378589601165,-0.26291660817519436,-1.949018091449234,-2.8795053116437135,1.1857340575695028,-1.0313198622214106
-0.07264301492514205,-0.2643227330658577,-1.9495255415513304,-2.881907215589682,1.1857201462508085,-1.0330249872723418
-0.07269224395427246,-0.265728857956521,-1.9500329916534267,-2.8843091195356507,1.1857062349321141,-1.034730112323273
-0.07274147298340286,-0.26713498284718434,-1.950540441755523,-2.8867110234816193,1.1856923236134198,-1.0364352373742043
-0.07279070201253326,-0.2685411077378477,-1.9510478918576193,-2.889112927427588,1.1856784122947255,-1.0381403624251355
-0.07283993104166367,-0.269947232628511,-1.9515553419597156,-2.8915148313735566,1.1856645009760312,-1.0398454874760668
-0.07288916007079407,-0.27135335751917433,-1.9520627920618119,-2.893916735319525,1.1856505896573368,-1.041550612526998
-0.07293838909992448,-0.27275948240983766,-1.9525702421639082,-2.896318639265494,1.1856366783386425,-1.0432557375779292
-0.07298761812905488,-0.274165607300501,-1.9530776922660045,-2.8987205432114624,1.1856227670199482,-1.0449608626288605
-0.07303684715818529,-0.2755717321911643,-1.9535851423681008,-2.901122447157431,1.1856088557012538,-1.0466659876797917
-0.07308607618731569,-0.27697785708182765,-1.954092592470197,-2.9035243511033997,1.1855949443825595,-1.048371112730723
-0.0731353052164461,-0.278383981972491,-1.9546000425722934,-2.9059262550493683,1.1855810330638652,-1.0500762377816542
-0.0731845342455765,-0.2797901068631543,-1.9551074926743897,-2.908328158995337,1.1855671217451709,-1.0517813628325854
-0.0732337632747069,-0.28119623175381764,-1.955614942776486,-2.9107300629413055,1.1855532104264765,-1.0534864878835166
-0.07328299230383731,-0.28260235664448097,-1.9561223928785823,-2.913131966887274,1.1855392991077822,-1.0551916129344479
-0.07333222133296771,-0.2840084815351443,-1.9566298429806785,-2.915533870833243,1.185525387789088,-1.056896737985379
-0.07338145036209812,-0.2854146064258076,-1.9571372930827748,-2.9179357747792114,1.1855114764703936,-1.0586018630363103
-0.07343067939122852,-0.28682073131647096,-1.9576447431848711,-2.92033767872518,1.1854975651516992,-1.0603069880872416
-0.07347990842035892,-0.2882268562071343,-1.9581521932869674,-2.9227395826711486,1.185483653833005,-1.0620121131381728
-0.07352913744948933,-0.2896329810977976,-1.9586596433890637,-2.9251414866171173,1.1854697425143106,-1.063717238189104
-0.07357836647861973,-0.29103910598846094,-1.95916709349116,-2.927543390563086,1.1854558311956163,-1.0654223632400353
-0.07362759550775014,-0.2924452308791243,-1.9596745435932563,-2.9299452945090545,1.185441919876922,-1.0671274882909665
-0.07367682453688054,-0.2938513557697876,-1.9601819936953526,-2.932347198455023,1.1854280085582276,-1.0688326133418977
-0.07372605356601095,-0.29525748066045093,-1.960689443797449,-2.9347491024009917,1.1854140972395333,-1.070537738392829
-0.07377528259514135,-0.29666360555111426,-1.9611968938995452,-2.9371510063469604,1.185400185920839,-1.0722428634437602
-0.07382451162427175,-0.2980697304417776,-1.9617043440016415,-2.939552910292929,1.1853862746021446,-1.0739479884946914
-0.07387374065340216,-0.2994758553324409,-1.9622117941037378,-2.9419548142388976,1.1853723632834503,-1.0756531135456227
-0.07392296968253256,-0.30088198022310425,-1.962719244205834,-2.944356718184866,1.185358451964756,-1.0773582385965539
-0.07397219871166297,-0.3022881051137676,-1.9632266943079304,-2.946758622130835,1.1853445406460617,-1.0790633636474851
-0.07402142774079337,-0.3036942300044309,-1.9637341444100267,-2.9491605260768035,1.1853306293273673,-1.0807684886984164
-0.07407065676992378,-0.30510035489509424,-1.964241594512123,-2.951562430022772,1.185316718008673,-1.0824736137493476
-0.07411988579905418,-0.30650647978575757,-1.9647490446142193,-2.9539643339687407,1.1853028066899787,-1.0841787388002788
-0.07416911482818458,-0.3079126046764209,-1.9652564947163156,-2.9563662379147093,1.1852888953712843,-1.08588386385121
-0.07421834385731499,-0.3093187295670842,-1.9657639448184119,-2.958768141860678,1.18527498405259,-1.0875889889021413
-0.0742675728864454,-0.31072485445774756,-1.9662713949205082,-2.9611700458066466,1.1852610727338957,-1.0892941139530725
-0.0743168019155758,-0.3121309793484109,-1.9667788450226045,-2.963571949752615,1.1852471614152014,-1.0909992390040038
-0.0743660309447062,-0.3135371042390742,-1.9672862951247008,-2.965973853698584,1.185233250096507,-1.092704364054935
-0.0735930626587027,-0.3152017429268293,-1.9683455918841493,-2.967363647801408,1.1860585449412586,-1.0938533740628316
-0.0722619379433792,-0.3170310389946058,-1.9697866255142904,-2.9680548145895544,1.1874837058932814,-1.094647697893748
-0.0705676237997741,-0.3189596562061956,-1.9714842948765945,-2.9682876719693856,1.18932946604548,-1.095241600659334
-0.0686508182046,-0.320939912962599,-1.973344559327193,-2.9682390387994584,1.1914582926545303,-1.0957444276665775
-0.0666107739361107,-0.3229377780448971,-1.9752977231728115,-2.9680365873856487,1.193765835524941,-1.0962310813530656
-0.0645146300658165,-0.3249298857560946,-1.97729369856094,-2.9677691642372337,1.1961750980717212,-1.096750117617747
-0.0624048922425211,-0.3269011003481786,-1.9792981528408211,-2.9674951243443246,1.198631666836088,-1.097330372405784
-0.060305697973724,-0.3288424562063973,-1.981289124140188,-2.9672494682833284,1.2010993662508462,-1.0979864485205166
-0.0582280672510151,-0.3307494238266829,-1.983254003424722,-2.9670500038041894,1.2035562042400203,-1.0987231758894564
-0.0561661847590149,-0.3326277553044398,-1.9851944117032616,-2.966902075284584,1.2060001664536384,-1.0995424635848028
-0.054132892670041,-0.334463156218468,-1.9870937909351527,-2.9668049001366845,1.208407880995081,-1.1004328101049006
-0.052113935257521,-0.3362644528141399,-1.9889610882472304,-2.966751436460756,1.2107891938158863,-1.1013904160198964
-0.0501020789688902,-0.3380334849284158,-1.99079890845256,-2.966733367693048,1.2131466840984957,-1.102407928522229
-0.0480902211800946,-0.3397720941897345,-1.9926101434361585,-2.966742144623451,1.2154836125022224,-1.1034782509353642
-0.046072119753788,-0.3414818603290486,-1.994397278719959,-2.966770094498606,1.217802753560291,-1.1045949394349364
-0.0440427589404057,-0.3431639573493559,-1.9961619684431344,-2.966811041219771,1.2201056454600931,-1.1057523413463717
-0.0419984520170422,-0.3448190987793252,-1.9979048265453547,-2.9668605513108037,1.2223921899086183,-1.1069455634836225
-0.0399367645800912,-0.3464475465154819,-1.9996253861414943,-2.966915906809344,1.2246605351371498,-1.1081703404111674
-0.03785632585638,-0.3480491623997083,-2.0013221839106,-2.96697589118254,1.2269071781281513,-1.109422856235612
-0.0357483086213518,-0.3496296055229507,-2.00299942859396,-2.967040723264073,1.2291358729594004,-1.1107046084347212
-0.0336291773044021,-0.351175835273155,-2.004641118613617,-2.9671106426561544,1.2313232736671338,-1.1120021165442746
-0.0314910247952225,-0.3526932519104164,-2.006250621355388,-2.967187028419522,1.2334716302584006,-1.1133168517925136
-0.0293342081096644,-0.3541809827310193,-2.007824605143804,-2.96727103634145,1.235574275850468,-1.1146452006402716
-0.0271589695861771,-0.3556381900261368,-2.0093598798273606,-2.967363524369798,1.237624807499346,-1.115983383222583
-0.0249653027995537,-0.3570641382132696,-2.010853601642079,-2.967464800912269,1.2396174575604673,-1.1173274512193665
-0.022752867427287,-0.3584582456250839,-2.01230343740072,-2.967574447672613,1.2415473976459384,-1.1186733199790544
-0.0205209496277431,-0.3598201202552432,-2.0137076828116727,-2.967691217835504,1.2434109633318298,-1.1200168261619925
-0.0182684619389315,-0.3611495800550447,-2.0150653334717994,-2.967813004897525,1.2452057948810942,-1.1213538014582105
-0.0159939752093139,-0.362446658767298,-2.016376110493858,-2.967936873501364,1.246930895579034,-1.12268015334794
-0.0136867126221768,-0.3637164971540012,-2.0176453130861525,-2.9680596117231164,1.2485929722880365,-1.1239970554461622
-0.0113627635455247,-0.3649496115676906,-2.018864121384836,-2.9681759349291053,1.2501806584304174,-1.1252904985080678
-0.0090110985382229,-0.3661516282160224,-2.020039258670256,-2.968281533236501,1.2517033225129026,-1.1265622371270587
-0.0066296008680169,-0.3673232868310213,-2.021172883205672,-2.968371287346809,1.2531646544417847,-1.1278091827683452
-0.0042161800295426,-0.3684654299064714,-2.022267526138944,-2.968439914373451,1.254569092267117,-1.1290286065841462
-0.0017688429590498,-0.3695789675135311,-2.0233259757637247,-2.9684821217376616,1.2559216090474117,-1.130218150342818
0.0007142448618402,-0.3706648427891658,-2.0243511629042734,-2.968492747114877,1.2572274998701745,-1.1313758218236512
0.0032347103315526,-0.3717239995477154,-2.025346052841055,-2.9684668791615314,1.2584921792834929,-1.1324999768416115
0.0057939363583291,-0.3727573533810938,-2.0263135481524364,-2.9683999554216407,1.2597209977835844,-1.1335892905468017
0.0083930384297769,-0.373765767035272,-2.0272564057947697,-2.9682878357352367,1.2609190836543962,-1.1346427209552816
0.011032853488996,-0.3747500307736605,-2.0281771704710936,-2.9681268507272054,1.2620912145640528,-1.1356594678223142
0.0137245357347582,-0.3757145706413398,-2.029081622399331,-2.967912884884262,1.2632461956865773,-1.136642696647584
0.0164473468477602,-0.3766524605223693,-2.0299646918263856,-2.967644926084796,1.2643788351932763,-1.1375842797771107
0.0192117586567444,-0.377568020973395,-2.030831630643802,-2.967320049947662,1.2654969591473997,-1.13848780398728
0.0220175840955696,-0.3784616599632749,-2.0316838130860524,-2.966936513131341,1.2666032953077713,-1.1393530241141918
0.0248644394887577,-0.3793336906590165,-2.032522319934102,-2.9664929770252746,1.26770004562107,-1.1401797480131357
0.0277517763660955,-0.380184339148187,-2.033347962836768,-2.9659884549764204,1.268788927565308,-1.1409678134933074
0.030678914348022,-0.3810137544137982,-2.0341613164848757,-2.965422254786964,1.2698712305303113,-1.1417170713860776
0.033645073596734,-0.3818220197744205,-2.034962755723332,-2.964793919952179,1.2709478819166606,-1.1424273743682984
0.0366494055076853,-0.3826091648458787,-2.035752494767045,-2.964103172623692,1.2720195177295237,-1.1430985708481118
0.0396910204843177,-0.3833751773159475,-2.0365306259917677,-2.963349860778824,1.2730865528541098,-1.1437305028641178
0.0427811531098778,-0.3841228929902548,-2.0373001390731105,-2.9625305884640354,1.2741534058577213,-1.14432525264119
0.0458947556299499,-0.3848464050100636,-2.038054974236964,-2.961651723514485,1.2752119040958425,-1.1448780067646247
0.0490429439304757,-0.3855485963571125,-2.0387980836390587,-2.960710165242868,1.2762663343511087,-1.1453909999877168
0.0522248636820604,-0.3862293787796864,-2.039529380968866,-2.959705877479647,1.2773167921022943,-1.145864069969682
0.0554396972846653,-0.3868886581930379,-2.040248781839495,-2.95863879722071,1.2783633792957156,-1.1462970600671358
0.0586866666843047,-0.3875263355941997,-2.0409562085890007,-2.9575088282244453,1.2794062136613225,-1.1466898198430435
0.0619650327785875,-0.3881423058443919,-2.0416515887003146,-2.9563158410842125,1.2804454264023988,-1.1470422038282266
0.0652740920990056,-0.3887364548825926,-2.042334847786835,-2.9550596784982965,1.281481149819357,-1.1473540683194228
0.0686131713909899,-0.3893086555073689,-2.043005898350896,-2.953740164271687,1.2825134971814065,-1.147625266502133
0.0719816208874547,-0.3898587623117188,-2.0436646257193845,-2.9523571145002445,1.2835425373578462,-1.1478556421865929
0.0753921851710444,-0.3903886321022685,-2.044313382194161,-2.9509045502113462,1.2845722828489787,-1.1480456843897502
0.0788175929308069,-0.3908939264301335,-2.0449468837323588,-2.9493936546212294,1.2855945851751678,-1.148193711073802
0.0822704896307206,-0.3913765267049263,-2.0455674029984188,-2.9478187387666632,1.2866132456757773,-1.1483003173319202
0.085750252624054,-0.391836162960051,-2.0461745723696274,-2.9461796931660493,1.2876278936200365,-1.1483652382983074
0.089256255058575,-0.3922725248636458,-2.0467679363782696,-2.9444764409226023,1.2886380036981335,-1.1483881674296883
0.092787865589904,-0.3926852606583457,-2.0473469502516,-2.942708935455637,1.2896428934475526,-1.1483687539164944
0.0963444506307885,-0.393073977796616,-2.047910983704645,-2.940877153615371,1.2906417304444038,-1.1483066023323911
0.0999253791494483,-0.3934382452760898,-2.048459330186496,-2.938981084228171,1.2916335495179876,-1.148201274717287
0.1035300300256253,-0.3937775975541054,-2.04899122126205,-2.937020712507584,1.2926172795056403,-1.148052294985768
0.1071578015987194,-0.3940915399269973,-2.0495058455256885,-2.934996000911,1.2935917785082518,-1.1478591554278366
0.1108081231367121,-0.3943795549669737,-2.050002371197804,-2.932906867323633,1.294555875947724,-1.147621324974587
0.114494911569609,-0.3946420826606925,-2.050481805797796,-2.930744588284321,1.2955121306566673,-1.1473370588209608
0.1181888924324085,-0.3948765292373739,-2.050939604981472,-2.928525813415652,1.2964519833480943,-1.1470080271291352
0.1219040252706679,-0.3950834307743436,-2.0513769398956594,-2.926241865088459,1.2973782239480014,-1.14663266571125
0.1256399945074842,-0.3952622515451554,-2.051793152025805,-2.9238922485885213,1.2982900450319783,-1.1462104468650942
0.1293965795171526,-0.3954124673817676,-2.052187684345692,-2.9214763140836126,1.2991868400615425,-1.1457408656213484
0.1331736641564332,-0.3955335696197929,-2.0525600973593865,-2.9189932423691447,1.3000682344683143,-1.1452234452806502
0.1369712435093117,-0.395625067276785,-2.05291007941992,-2.9164420354045197,1.300934106214157,-1.144657740454355
0.1407894276770121,-0.3956864870300723,-2.053237450353404,-2.913821512501765,1.3017845941213355,-1.1440433371944492
0.1446284418772177,-0.3957173709291983,-2.0535421578637894,-2.9111303124046763,1.3026200928393052,-1.1433798501823296
0.1484886229607502,-0.3957172716641683,-2.0538242664112105,-2.908366901609111,1.30344123387765,-1.142666916926313
0.1523856779089745,-0.3956855595230694,-2.054084913126288,-2.9055183141316694,1.304251994494655,-1.1419010996077783
0.1562896970322029,-0.3956220317220746,-2.0543222979003293,-2.902604969128918,1.305047037609023,-1.1410880351107238
0.1602164734378474,-0.3955261607442959,-2.054537759036136,-2.8996139433094186,1.305830650116382,-1.1402244753894304
0.1641666807530834,-0.3953974521574087,-2.0547315767074563,-2.896543211951505,1.3066039583238205,-1.1393100426025868
0.1681410332183472,-0.3952353692666021,-2.054903994325951,-2.8933907007117763,1.3073680460096595,-1.138344321246585
0.1721402637381975,-0.3950393193194107,-2.0550551760149567,-2.8901543207798523,1.3081238752801962,-1.13732684435661
0.1761651011936868,-0.3948086399211414,-2.055185163802546,-2.886832004750262,1.3088722066681535,-1.136257081038499
0.1802162478647649,-0.3945425863175629,-2.055293836705153,-2.8834217417967705,1.3096135219880112,-1.1351344261311906
0.1842943579389828,-0.3942403201841835,-2.055380873624661,-2.879921610462275,1.3103479538224525,-1.133958192718799
0.1884000183600017,-0.3939009005409939,-2.055445722102794,-2.876329807699183,1.3110752252073885,-1.1327276080584796
0.1925499993778054,-0.3935217196986007,-2.055487692089682,-2.872630035256591,1.3117974069563296,-1.131436661064575
0.1967122893355797,-0.3931045734347158,-2.0555053743129816,-2.8688496912819814,1.3125076321864613,-1.1300944927373815
0.2009033507904724,-0.392646780732974,-2.055497625848801,-2.864973175207725,1.3132070179294706,-1.1286951527250872
0.205123388197619,-0.3921469572562406,-2.055462826266776,-2.86099932452021,1.3138933541124638,-1.127237560821882
0.2093725083902783,-0.3916036167033653,-2.055399104581472,-2.856927139023659,1.3145639691669733,-1.1257205870577398
0.213650731464441,-0.3910151811015237,-2.0553043668275146,-2.852755764731634,1.315215777921367,-1.1241430678388904
0.2179580074306209,-0.3903799937224785,-2.055176332917755,-2.848484469801174,1.3158453469341636,-1.1225038232494249
0.2222942378668266,-0.3896963343216486,-2.055012581144984,-2.844112613676376,1.3164489743625485,-1.1208016745510747
0.2266593017250175,-0.3889624358146183,-2.0548105980560987,-2.839639610679449,1.317022780419136,-1.119035460685664
0.2310530840338908,-0.3881765017126283,-2.0545678314801368,-2.8350648903552567,1.3175628039225908,-1.1172040530125915
0.2354755061007893,-0.3873367234080167,-2.054281743715677,-2.830387856317886,1.3180650998530647,-1.1153063672055776
0.2399440670099138,-0.3864376732772084,-2.0539484677079085,-2.8255888977278296,1.3185275529483902,-1.1133335324588942
0.2444239386669829,-0.3854845842863251,-2.053568238667244,-2.8207047396138445,1.3189428972585668,-1.1112999855309773
0.248932722096426,-0.3844723017336376,-2.0531376353399766,-2.8157159414786443,1.319309647024071,-1.1091972398178926
0.2534707583079018,-0.3833991143975777,-2.052654625713244,-2.810621452086593,1.3196247430671708,-1.1070244406715417
0.2580385409339909,-0.3822633601521469,-2.05211737479524,-2.8054200541939665,1.3198854752198224,-1.104780787555939
0.262636722417213,-0.3810634302027033,-2.0515242509824554,-2.8001103643874505,1.3200894914570784,-1.1024655281738212
0.2672661120716942,-0.3797977707270473,-2.050873820764323,-2.794690846028157,1.3202347840594424,-1.1000779524388424
0.27192766579494,-0.3784648822585561,-2.0501648318940044,-2.7891598351005578,1.3203196530003634,-1.0976173871232806
0.2766224675433472,-0.3770633171522712,-2.049396186358858,-2.783515579163928,1.3203426487945709,-1.0950831928121536
0.2813517030405986,-0.3755916764444617,-2.048566904996941,-2.7777562886210623,1.3203024981275298,-1.0924747645514603
0.2861353849281426,-0.3740424126911065,-2.04767247037188,-2.77185692253829,1.3201974785459138,-1.0897808665227209
0.2909374304751265,-0.372426314212019,-2.0467189985648364,-2.765861893667364,1.3200272160607749,-1.0870220281089744
0.2957777300144967,-0.3707362013669975,-2.045702236758156,-2.759746887502011,1.3197901349815426,-1.084187425441551
0.3006575053149272,-0.3689708498038503,-2.044621252847292,-2.75351065100515,1.319484751258679,-1.081276700080695
0.3055778836972109,-0.367129085720943,-2.043475029773222,-2.7471522539560937,1.319109312288352,-1.0782896108244509
0.3105398606997299,-0.3652097962926104,-2.0422624430088727,-2.740671158095679,1.318661739308719,-1.0752260652077268
0.3155442688503557,-0.3632119449607937,-2.040982251525852,-2.734067276484389,1.3181395950451158,-1.0720861533068498
0.3205917547401117,-0.3611345918364388,-2.039633104274121,-2.727341019368734,1.317540080747572,-1.068870181462355
0.3256827661905135,-0.3589769187709586,-2.0382135632970595,-2.720493323154156,1.3168600653710227,-1.065578703209335
0.3308175502427576,-0.3567382586197103,-2.03672214339709,-2.713525660990618,1.3160961470135109,-1.062212544994786
0.3360165567288743,-0.3544088688717938,-2.035151084791815,-2.70641201867978,1.3152412290932491,-1.0587591923162905
0.3412390512836248,-0.352006682667387,-2.0335112555679293,-2.699210482802473,1.3142983364238234,-1.055247046356408
0.3465049963536948,-0.3495227512749421,-2.031795415971182,-2.6918964562875414,1.313260737000608,-1.0516644750924855
0.3518140238079432,-0.3469573541165828,-2.0300025540409807,-2.684473299065615,1.3121250880600452,-1.0480134745778116
0.3571656968602563,-0.3443110918134149,-2.028131975672009,-2.6769447033379388,1.3108884198019042,-1.0442962968949292
0.3625595495946999,-0.3415849154469349,-2.026183382759636,-2.669314623304441,1.309548277932287,-1.0405154152132483
0.3679951242716277,-0.3387801497748243,-2.024156941263538,-2.661587204153784,1.3081028488737858,-1.0366734804116229
0.3734720027847474,-0.3358985116844713,-2.022053337108157,-2.6537667176278408,1.3065510626487362,-1.0327732737813582
0.37898983042861,-0.332942121668845,-2.019873815959955,-2.645857506150267,1.3048926665962577,-1.0288176576806
0.3845483302660861,-0.3299135086223824,-2.017620205723189,-2.6378639385037,1.303128267727374,-1.0248095274164633
0.3901473072513787,-0.3268156082335082,-2.0152949217973464,-2.629790379142179,1.3012593437088482,-1.020751767426796
0.3958088374636119,-0.3236392223133459,-2.012891436678814,-2.621609068522641,1.299280296959765,-1.0166310280980668
0.4014886351149954,-0.3204128977197109,-2.0104320817797547,-2.613388247461004,1.2972097386186086,-1.0124822656233534
0.4072087255901161,-0.3171284386967044,-2.0079116579077647,-2.6051003820005576,1.2950440238124736,-1.0082921208124636
0.4129691205963473,-0.3137902707877317,-2.0053346904422376,-2.5967497205224186,1.2927877119041975,-1.004063113811045
0.4187698332339902,-0.310403133114533,-2.0027061260978773,-2.588340481495825,1.29044595772675,-0.9997976196209468
0.4246108621261232,-0.3069720472813716,-2.0000312855019406,-2.5798768444883,1.288024437620766,-0.9954978481062596
0.4304921831376537,-0.3035022849476766,-1.997315820661964,-2.571362929905637,1.2855292859459695,-0.9911658197859876
0.4364137514707094,-0.29999933417524,-1.9945656795057876,-2.562802763383093,1.2829670455057445,-0.9868033334938736
0.4423755157005491,-0.296468864361246,-1.991787077690838,-2.55420022290034,1.2803446318540903,-0.9824119233508948
0.4483774422412444,-0.2929166931973602,-1.9889864801230432,-2.5455589732743014,1.277669312818608,-0.9779928061730898
0.4544433236107245,-0.2893347368378712,-1.9861595225607371,-2.536848296359653,1.2749379459709211,-0.97352933137331
0.46052587910822,-0.2857570133913604,-1.9833352376317928,-2.528139258616418,1.2721798276455836,-0.9690567637545248
0.4666489616101748,-0.2821756239864736,-1.9805097430645373,-2.519400463525813,1.269392607791584,-0.964557606552422
0.4728129619260939,-0.2785966618099172,-1.9776903641915384,-2.5106339874282027,1.2665847859946775,-0.9600311993394262
0.4790184410031752,-0.275026217275818,-1.974884578040197,-2.50184139453802,1.2637650544571295,-0.9554763122967768
0.4852661158954545,-0.2714703620992322,-1.9720999643610728,-2.4930237699779454,1.2609422000277934,-0.9508911714272156
0.49155682559984,-0.2679351233329306,-1.9693441250185912,-2.484181784866672,1.258124959426233,-0.9462735222514344
0.4978914583275822,-0.2644264715768652,-1.9666245899301225,-2.475315831128906,1.2553218487623037,-0.941620757150054
0.5042708546811939,-0.2609502979712041,-1.96394869073116,-2.46642619109358,1.25254095322074,-0.936930090866155
0.5106956779124209,-0.2575123996499963,-1.961323423292805,-2.4575132614262456,1.249789705838678,-0.932198794116818
0.5171917310839425,-0.2541052410626409,-1.9587453415022744,-2.4485427153300217,1.247064087526477,-0.927405655433746
0.523708117539272,-0.2507609940241875,-1.9562404579258907,-2.4395860135667427,1.2443908547102085,-0.9225863392973652
0.5302693375055071,-0.2474716191568869,-1.9538036356380912,-2.430610392878417,1.2417634427313633,-0.917721354326771
0.5368738375397261,-0.2442422607187652,-1.9514389944226969,-2.4216191393851685,1.2391845953616083,-0.9128110266108664
0.5435192092260461,-0.2410778002781936,-1.9491496319519652,-2.4126167060161525,1.236655589704666,-0.9078570517213492
0.5502021690187514,-0.2379828048191394,-1.946937587338072,-2.403608715215865,1.2341762788458372,-0.9028625719744976
0.5569186209538696,-0.2349614805657052,-1.9448038803832668,-2.3946018301989747,1.231745246844092,-0.8978321093259727
0.5636638147138757,-0.2320176374187829,-1.9427486351257883,-2.385603479793194,1.2293600744444904,-0.8927713299272296
0.5704326137872521,-0.2291546627237234,-1.9407712872159792,-2.3766214190963915,1.227017701816026,-0.8876866192985294
0.5772198413701707,-0.226375532535081,-1.9388708769267025,-2.367663188212621,1.224714867837254,-0.8825845110782629
0.5840206870321062,-0.2236828541225565,-1.9370463987687585,-2.358735497787253,1.2224485767270157,-0.8774710046698684
0.5908578424436853,-0.2210689087738256,-1.9352904547977048,-2.349808833584208,1.2202078420934823,-0.8723307764778606
0.5976749860194447,-0.2185562672239185,-1.9336167409045664,-2.3409563114667677,1.2180089119209618,-0.8672069098116164
0.6044972676206026,-0.2161366493791666,-1.9320191387711665,-2.3321441737479787,1.2158429400823627,-0.8620800126767545
0.6113245501206034,-0.2138122526826637,-1.9304995482560168,-2.323371429909048,1.2137111064198864,-0.8569484322884761
0.6181579102123698,-0.2115854932651673,-1.9290608214671443,-2.314635279938796,1.2116155840079654,-0.851808490977389
0.6249992265110507,-0.2094590821344671,-1.927706512589024,-2.305931795418462,1.20955913396832,-0.8466551736376746
0.6318506048932908,-0.2074360075852592,-1.9264404437496332,-2.2972568111336327,1.2075445525768322,-0.8414831152465687
0.6387136670722814,-0.2055194757586506,-1.925266183615442,-2.2886069895278958,1.205574095013442,-0.8362877990685849
0.6455888783555658,-0.2037127228559641,-1.9241864542419187,-2.279980778653778,1.2036489140594653,-0.8310667242749012
0.6524750053766102,-0.2020187769247764,-1.923202613654496,-2.271379144960792,1.201768659170045,-0.8258203464205823
0.6593959071483705,-0.200434210675658,-1.9223110005340776,-2.262772296517644,1.1999241747498153,-0.8205318512070987
0.6662925129637488,-0.1989731613347866,-1.9215163849527983,-2.254233741450072,1.1981262486680082,-0.8152496819107132
0.6731856279737244,-0.1976300341719561,-1.9208113649027243,-2.245737630624117,1.196362844188786,-0.8099626181461069
0.6800688816563796,-0.1964046445701627,-1.92019125280997,-2.237291773603864,1.1946287242273357,-0.8046806407183169
0.6869370345079572,-0.1952959842988198,-1.9196513158008623,-2.2289021312776858,1.1929189841088172,-0.7994122069314977
0.6937870938657805,-0.1943026630967109,-1.919187783041068,-2.22057130408125,1.191229820580035,-0.7941623504515181
0.7006190528068615,-0.1934233148692495,-1.9187985254615856,-2.2122975932649496,1.189558912280893,-0.788931489319281
0.7074353895144877,-0.1926570853066902,-1.9184831648992309,-2.2040758552148096,1.1879053025870945,-0.7837160890600509
0.7142391660984142,-0.1920036924947384,-1.9182420815384125,-2.195900277382412,1.1862684937253591,-0.7785116272391652
0.7210306520614151,-0.1914628958580801,-1.9180742480470805,-2.187769116794872,1.1846468749685934,-0.7733179044177693
0.7278296008211511,-0.1910318490181816,-1.9179739884474112,-2.1796589148466463,1.1830295995311717,-0.7681254341342888
0.7345656348886019,-0.1907096494967173,-1.9179293842442495,-2.171655533136347,1.1814204070634162,-0.7630019161220284
0.741237661741723,-0.1904857973869536,-1.9179191529180928,-2.1637636318935507,1.1797999546868676,-0.7579704206582537
0.7478140267185471,-0.1903473072772526,-1.917917802854039,-2.156024405549554,1.1781538022386575,-0.7530806981010637
0.7542744756806625,-0.1902803485775979,-1.9179052953771487,-2.1484627570378065,1.1764722529982596,-0.7483649994308731
0.7606337382213901,-0.1902782148842712,-1.9178839117810496,-2.141055630228996,1.1747590673899644,-0.7438016808732038
0.7669630393894334,-0.190353348681644,-1.9178968355121724,-2.133703949305614,1.1730395537958345,-0.7392811312678494
0.773381315686781,-0.1905470566326026,-1.9180313144795749,-2.126246184711792,1.1713594651775154,-0.7346157286715201
0.7799552444238547,-0.1909163459213435,-1.9183651064512048,-2.118594380931017,1.1697566362969425,-0.7296848462987856
0.7863829619519659,-0.1914512968446723,-1.9187724771152732,-2.1111572246340726,1.1681745875443486,-0.7248966747965586
0.7912708083384357,-0.1918360370585048,-1.9184330080916543,-2.1058079402346968,1.1662499415458023,-0.7222764529893793
0.7961586547249054,-0.1922207772723373,-1.9180935390680354,-2.100458655835321,1.164325295547256,-0.7196562311821999
0.8010465011113752,-0.1926055174861698,-1.9177540700444164,-2.095109371435945,1.1624006495487098,-0.7170360093750205
0.805934347497845,-0.1929902577000023,-1.9174146010207975,-2.089760087036569,1.1604760035501636,-0.7144157875678412
0.8108221938843148,-0.1933749979138348,-1.9170751319971786,-2.0844108026371932,1.1585513575516173,-0.7117955657606618
0.8157100402707845,-0.1937597381276673,-1.9167356629735597,-2.0790615182378174,1.156626711553071,-0.7091753439534825
0.8205978866572543,-0.1941444783414998,-1.9163961939499408,-2.0737122338384415,1.1547020655545248,-0.7065551221463031
0.8254857330437241,-0.1945292185553323,-1.9160567249263218,-2.0683629494390656,1.1527774195559786,-0.7039349003391238
0.8303735794301939,-0.1949139587691648,-1.915717255902703,-2.0630136650396897,1.1508527735574323,-0.7013146785319444
0.8352614258166636,-0.19529869898299732,-1.915377786879084,-2.057664380640314,1.148928127558886,-0.698694456724765
0.8401492722031334,-0.19568343919682982,-1.915038317855465,-2.052315096240938,1.1470034815603398,-0.6960742349175857
0.8450371185896032,-0.19606817941066232,-1.9146988488318462,-2.046965811841562,1.1450788355617936,-0.6934540131104063
0.849924964976073,-0.19645291962449482,-1.9143593798082272,-2.0416165274421862,1.1431541895632473,-0.690833791303227
0.8548128113625427,-0.19683765983832732,-1.9140199107846083,-2.0362672430428104,1.141229543564701,-0.6882135694960476
0.8597006577490125,-0.19722240005215982,-1.9136804417609894,-2.0309179586434345,1.1393048975661548,-0.6855933476888683
0.8645885041354823,-0.19760714026599233,-1.9133409727373705,-2.0255686742440586,1.1373802515676086,-0.6829731258816889
0.869476350521952,-0.19799188047982483,-1.9130015037137515,-2.0202193898446827,1.1354556055690623,-0.6803529040745095
0.8743641969084218,-0.19837662069365733,-1.9126620346901326,-2.014870105445307,1.133530959570516,-0.6777326822673302
0.8792520432948916,-0.19876136090748983,-1.9123225656665137,-2.009520821045931,1.1316063135719698,-0.6751124604601508
0.8841398896813614,-0.19914610112132233,-1.9119830966428948,-2.004171536646555,1.1296816675734236,-0.6724922386529715
0.8890277360678311,-0.19953084133515483,-1.9116436276192759,-1.9988222522471792,1.1277570215748773,-0.6698720168457921
0.8939155824543009,-0.19991558154898734,-1.911304158595657,-1.9934729678478034,1.125832375576331,-0.6672517950386128
0.8988034288407707,-0.20030032176281984,-1.910964689572038,-1.9881236834484275,1.1239077295777848,-0.6646315732314334
0.9036912752272405,-0.20068506197665234,-1.910625220548419,-1.9827743990490516,1.1219830835792386,-0.662011351424254
0.9085791216137102,-0.20106980219048484,-1.9102857515248002,-1.9774251146496757,1.1200584375806923,-0.6593911296170747
0.91346696800018,-0.20145454240431734,-1.9099462825011813,-1.9720758302502999,1.118133791582146,-0.6567709078098953
0.9183548143866498,-0.20183928261814985,-1.9096068134775623,-1.966726545850924,1.1162091455835998,-0.654150686002716
0.9232426607731196,-0.20222402283198235,-1.9092673444539434,-1.9613772614515481,1.1142844995850536,-0.6515304641955366
0.9281305071595893,-0.20260876304581485,-1.9089278754303245,-1.9560279770521722,1.1123598535865074,-0.6489102423883573
0.9330183535460591,-0.20299350325964735,-1.9085884064067056,-1.9506786926527964,1.110435207587961,-0.6462900205811779
0.9379061999325289,-0.20337824347347985,-1.9082489373830867,-1.9453294082534205,1.1085105615894149,-0.6436697987739985
0.9427940463189987,-0.20376298368731235,-1.9079094683594677,-1.9399801238540446,1.1065859155908686,-0.6410495769668192
0.9476818927054684,-0.20414772390114486,-1.9075699993358488,-1.9346308394546687,1.1046612695923224,-0.6384293551596398
0.9525697390919382,-0.20453246411497736,-1.9072305303122299,-1.9292815550552929,1.102736623593776,-0.6358091333524605
0.957457585478408,-0.20491720432880986,-1.906891061288611,-1.923932270655917,1.1008119775952299,-0.6331889115452811
0.9623454318648778,-0.20530194454264236,-1.906551592264992,-1.9185829862565411,1.0988873315966836,-0.6305686897381018
0.9672332782513475,-0.20568668475647486,-1.9062121232413731,-1.9132337018571652,1.0969626855981374,-0.6279484679309224
0.9721211246378173,-0.20607142497030737,-1.9058726542177542,-1.9078844174577894,1.0950380395995911,-0.625328246123743
0.9770089710242871,-0.20645616518413987,-1.9055331851941353,-1.9025351330584135,1.0931133936010449,-0.6227080243165637
0.9818968174107569,-0.20684090539797237,-1.9051937161705164,-1.8971858486590376,1.0911887476024986,-0.6200878025093843
0.9867846637972266,-0.20722564561180487,-1.9048542471468974,-1.8918365642596617,1.0892641016039524,-0.617467580702205
0.9916725101836964,-0.20761038582563737,-1.9045147781232785,-1.8864872798602859,1.0873394556054061,-0.6148473588950256
0.9965603565701662,-0.20799512603946987,-1.9041753090996596,-1.88113799546091,1.0854148096068599,-0.6122271370878463
1.0014482029566358,-0.20837986625330238,-1.9038358400760407,-1.875788711061534,1.0834901636083136,-0.6096069152806669
1.0063360493431057,-0.20876460646713488,-1.9034963710524218,-1.8704394266621582,1.0815655176097674,-0.6069866934734875
1.0112238957295756,-0.20914934668096738,-1.9031569020288028,-1.8650901422627824,1.0796408716112211,-0.6043664716663082
1.0161117421160453,-0.20953408689479988,-1.902817433005184,-1.8597408578634065,1.0777162256126749,-0.6017462498591288
1.020999588502515,-0.20991882710863238,-1.902477963981565,-1.8543915734640306,1.0757915796141286,-0.5991260280519495
1.0258874348889848,-0.21030356732246488,-1.902138494957946,-1.8490422890646547,1.0738669336155824,-0.5965058062447701
1.0307752812754547,-0.2106883075362974,-1.9017990259343271,-1.8436930046652789,1.0719422876170361,-0.5938855844375908
1.0356631276619244,-0.2110730477501299,-1.9014595569107082,-1.838343720265903,1.07001764161849,-0.5912653626304114
1.040550974048394,-0.2114577879639624,-1.9011200878870893,-1.832994435866527,1.0680929956199436,-0.588645140823232
1.045438820434864,-0.2118425281777949,-1.9007806188634704,-1.8276451514671512,1.0661683496213974,-0.5860249190160527
1.0503266668213338,-0.2122272683916274,-1.9004411498398515,-1.8222958670677754,1.0642437036228511,-0.5834046972088733
1.0552145132078035,-0.2126120086054599,-1.9001016808162325,-1.8169465826683995,1.062319057624305,-0.580784475401694
1.0601023595942731,-0.2129967488192924,-1.8997622117926136,-1.8115972982690236,1.0603944116257586,-0.5781642535945146
1.064990205980743,-0.2133814890331249,-1.8994227427689947,-1.8062480138696477,1.0584697656272124,-0.5755440317873353
1.069878052367213,-0.2137662292469574,-1.8990832737453758,-1.8008987294702719,1.0565451196286662,-0.5729238099801559
1.0747658987536826,-0.2141509694607899,-1.8987438047217569,-1.795549445070896,1.05462047363012,-0.5703035881729765
1.0796537451401522,-0.2145357096746224,-1.898404335698138,-1.79020016067152,1.0526958276315737,-0.5676833663657972
1.084541591526622,-0.2149204498884549,-1.898064866674519,-1.7848508762721442,1.0507711816330274,-0.5650631445586178
1.089429437913092,-0.2153051901022874,-1.8977253976509,-1.7795015918727684,1.0488465356344812,-0.5624429227514385
1.0943172842995617,-0.2156899303161199,-1.8973859286272812,-1.7741523074733925,1.046921889635935,-0.5598227009442591
1.0992051306860313,-0.2160746705299524,-1.8970464596036622,-1.7688030230740166,1.0449972436373887,-0.5572024791370798
1.1040929770725012,-0.2164594107437849,-1.8967069905800433,-1.7634537386746407,1.0430725976388424,-0.5545822573299004
1.108980823458971,-0.21684415095761742,-1.8963675215564244,-1.7581044542752648,1.0411479516402962,-0.551962035522721
1.1138686698454408,-0.21722889117144992,-1.8960280525328055,-1.752755169875889,1.03922330564175,-0.5493418137155417
1.1187565162319104,-0.21761363138528242,-1.8956885835091866,-1.747405885476513,1.0372986596432037,-0.5467215919083623
1.1236443626183803,-0.21799837159911492,-1.8953491144855676,-1.7420566010771372,1.0353740136446574,-0.544101370101183
1.1285322090048502,-0.21838311181294742,-1.8950096454619487,-1.7367073166777613,1.0334493676461112,-0.5414811482940036
1.1334200553913198,-0.21876785202677992,-1.8946701764383298,-1.7313580322783855,1.031524721647565,-0.5388609264868243
1.1383079017777895,-0.21915259224061243,-1.8943307074147109,-1.7260087478790096,1.0296000756490187,-0.5362407046796449
1.1431957481642594,-0.21953733245444493,-1.893991238391092,-1.7206594634796337,1.0276754296504724,-0.5336204828724656
1.1480835945507293,-0.21992207266827743,-1.893651769367473,-1.7153101790802578,1.0257507836519262,-0.5310002610652862
1.152971440937199,-0.22030681288210993,-1.8933123003438541,-1.709960894680882,1.02382613765338,-0.5283800392581068
1.1578592873236686,-0.22069155309594243,-1.8929728313202352,-1.704611610281506,1.0219014916548337,-0.5257598174509275
1.1627471337101385,-0.22107629330977493,-1.8926333622966163,-1.6992623258821302,1.0199768456562874,-0.5231395956437481
1.1676349800966084,-0.22146103352360744,-1.8922938932729974,-1.6939130414827543,1.0180521996577412,-0.5205193738365688
1.172522826483078,-0.22184577373743994,-1.8919544242493784,-1.6885637570833785,1.016127553659195,-0.5178991520293894
1.1774106728695477,-0.22223051395127244,-1.8916149552257595,-1.6832144726840026,1.0142029076606487,-0.51527893022221
1.1822985192560176,-0.22261525416510494,-1.8912754862021406,-1.6778651882846267,1.0122782616621024,-0.5126587084150307
1.1871863656424875,-0.22299999437893744,-1.8909360171785217,-1.6725159038852508,1.0103536156635562,-0.5100384866078513
1.1920742120289571,-0.22338473459276995,-1.8905965481549027,-1.667166619485875,1.00842896966501,-0.507418264800672
1.1969620584154268,-0.22376947480660245,-1.8902570791312838,-1.661817335086499,1.0065043236664637,-0.5047980429934926
1.2018499048018967,-0.22415421502043495,-1.889917610107665,-1.6564680506871232,1.0045796776679174,-0.5021778211863133
1.2067377511883666,-0.22453895523426745,-1.889578141084046,-1.6511187662877473,1.0026550316693712,-0.4995575993791339
1.2116255975748362,-0.22492369544809995,-1.889238672060427,-1.6457694818883715,1.000730385670825,-0.49693737757195455
1.216513443961306,-0.22530843566193245,-1.8888992030368081,-1.6404201974889956,0.9988057396722787,-0.4943171557647752
1.2214012903477758,-0.22569317587576496,-1.8885597340131892,-1.6350709130896197,0.9968810936737325,-0.49169693395759584
1.2262891367342457,-0.22607791608959746,-1.8882202649895703,-1.6297216286902438,0.9949564476751862,-0.4890767121504165
1.2311769831207153,-0.22646265630342996,-1.8878807959659514,-1.624372344290868,0.99303180167664,-0.4864564903432371
1.236064829507185,-0.22684739651726246,-1.8875413269423325,-1.619023059891492,0.9911071556780937,-0.48383626853605777
1.2409526758936549,-0.22723213673109496,-1.8872018579187135,-1.6136737754921162,0.9891825096795475,-0.4812160467288784
1.2458405222801248,-0.22761687694492747,-1.8868623888950946,-1.6083244910927403,0.9872578636810012,-0.47859582492169905
1.2507283686665944,-0.22800161715875997,-1.8865229198714757,-1.6029752066933645,0.985333217682455,-0.4759756031145197
1.255616215053064,-0.22838635737259247,-1.8861834508478568,-1.5976259222939886,0.9834085716839087,-0.47335538130734034
1.260504061439534,-0.22877109758642497,-1.8858439818242378,-1.5922766378946127,0.9814839256853625,-0.470735159500161
1.2653919078260039,-0.22915583780025747,-1.885504512800619,-1.5869273534952368,0.9795592796868162,-0.4681149376929816
1.2702797542124735,-0.22954057801408997,-1.885165043777,-1.581578069095861,0.97763463368827,-0.46549471588580227
1.2751676005989432,-0.22992531822792248,-1.884825574753381,-1.576228784696485,0.9757099876897237,-0.4628744940786229
1.280055446985413,-0.23031005844175498,-1.8844861057297622,-1.5708795002971092,0.9737853416911775,-0.46025427227144355
