-0.05391015030728362,-0.10470954006280786,-1.8995716839497585,-2.5858405669083226,1.2014027945998547,-0.8252010842868736
-0.053529925618372595,-0.1130668223236038,-1.902126005967009,-2.5996577231755538,1.2002673807236657,-0.8352636836153995
-0.05307385077266232,-0.12078833781212994,-1.9044723891985833,-2.6123075368744106,1.1991779667135218,-0.8445076168218628
-0.05357927278782386,-0.12770713753695773,-1.9066918894489737,-2.624711320261624,1.198569247038355,-0.8532810786949246
-0.055492537462552845,-0.13378619887759646,-1.9088286236461096,-2.6373444309470195,1.1986314879132918,-0.8617999423677751
-0.05758397593658503,-0.13868197561387247,-1.9106200041065136,-2.6481538297238725,1.1989000259847629,-0.8689516192398713
-0.058239833263822496,-0.14301878708655724,-1.912052586027867,-2.656299068725239,1.1986458812416048,-0.8746198768937934
-0.057507804994910657,-0.14718557496914034,-1.9132578629889907,-2.662522845322492,1.197852945720411,-0.8793195012473612
-0.05655940320980669,-0.15100805669437128,-1.914327963718847,-2.6679026578479204,1.1970142620851134,-0.8834752332049294
-0.05648261243759688,-0.15434654790262892,-1.9153600145346297,-2.6734993349098666,1.1965880355236442,-0.8875235991989728
-0.05816914639620852,-0.15731445140267497,-1.9164975223683924,-2.680581498260721,1.1969345709255403,-0.8921244181955039
-0.06003864368289725,-0.15979524505429132,-1.9175025504214882,-2.6870114035263435,1.197402278076444,-0.8962092237234003
-0.060295426320786105,-0.16208244562001028,-1.9182427104594217,-2.6911836597509358,1.1972251319783023,-0.899142886192488
-0.05957255474871524,-0.16434131316859316,-1.9188570611029814,-2.69416966496341,1.196662853255238,-0.901505253794375
-0.05846000445251777,-0.1664734048866124,-1.9193856787653887,-2.6964795102198718,1.1959585448222865,-0.9034912459940179
-0.05822263755014328,-0.16820852487627697,-1.9198976100590897,-2.6991743986356838,1.1956577115362705,-0.9054909409897067
-0.059753386987955626,-0.1696496069144617,-1.9205340524561278,-2.703505350132924,1.1961274139773932,-0.9081609494705793
-0.061840845284517665,-0.17092665175336225,-1.9211926282185428,-2.708177419276282,1.196837206632574,-0.9109181327846652
-0.0624705599405844,-0.17218922605680848,-1.9216651613728672,-2.711045746058092,1.1969342995476813,-0.9127937452795021
-0.06168314208218776,-0.17351262134194667,-1.921987529692414,-2.7123437648702695,1.1964544706274878,-0.9139414575917721
-0.060671415319791054,-0.17480339446417742,-1.9222732961917306,-2.713331163391989,1.1958896972714976,-0.9149308512190204
-0.0601703330516595,-0.1758906812731803,-1.9225523090809702,-2.7146038447231087,1.195556315163532,-0.9159846309268107
-0.061460114264498815,-0.17682839985790733,-1.9230002704130469,-2.717797896912176,1.1959853336578155,-0.9179072835849962
-0.06322975757447166,-0.17771912665311107,-1.9234930394304683,-2.721428253950396,1.1966066427857776,-0.9200162243614323
-0.06345344211343737,-0.1786494554859616,-1.9238036940024092,-2.7232443907526496,1.1965758436313192,-0.9212708958809821
-0.06262757486680275,-0.17969288128016742,-1.9240258275964295,-2.724026946413461,1.1961124264413459,-0.9220811544742205
-0.06145452504077927,-0.1807587915400844,-1.9242164485046116,-2.724432731359058,1.1955074976095417,-0.9227106926203607
-0.061290095462758015,-0.18176896943255635,-1.9245129217437467,-2.7259904042163305,1.1953229050633232,-0.9238639393142707
-0.06281148846664886,-0.18265364429821235,-1.924970445488615,-2.729384767731266,1.1958509494576686,-0.9258637487426622
-0.06472407486753776,-0.1834566277377273,-1.9254512760542117,-2.733034282884576,1.1965406310854292,-0.9279497988172922
-0.06510455509627722,-0.18438327131738996,-1.9257855204077452,-2.7350238164409273,1.1965785310841237,-0.9292821951093749
-0.06405603301834994,-0.1854623808694598,-1.9259941717487465,-2.735579275200972,1.1960182434900912,-0.9299910267963776
-0.06257240659435678,-0.186576951035622,-1.9261648480770766,-2.735692412032283,1.1952804333228655,-0.9304943602351723
-0.0618010779740152,-0.18756778251919082,-1.926383078475625,-2.7365093724054264,1.1948511711738736,-0.9312808209873575
-0.06309568824692494,-0.18836557071398566,-1.9267829031710009,-2.73949963451446,1.1952915830041961,-0.9330542575619032
-0.0647728137567477,-0.1891437607479306,-1.9272268447943106,-2.7428292832149057,1.195886173136282,-0.9349740556442951
-0.06490534328502619,-0.1900844816306676,-1.9275405453567473,-2.7445247496914544,1.1958264682810253,-0.9361624706287568
-0.06377748813494069,-0.19118473002388986,-1.9277503035740753,-2.7450098510644496,1.1952352880183506,-0.9368406010618178
-0.06242405491814378,-0.19233881588302387,-1.9279492426994758,-2.7453323622917076,1.1945425830614917,-0.937462538795879
-0.06206193140226634,-0.1934168195990626,-1.9282392078386983,-2.746776459650867,1.1942664360304227,-0.9385944240250139
-0.06346368397478092,-0.19434019404445746,-1.92868334919909,-2.750106591049261,1.194724680637075,-0.9405914683431804
-0.06515181166885485,-0.19523420349779363,-1.92916618961907,-2.7536263187113232,1.1953108318774575,-0.942648096729548
-0.06528161769880182,-0.19623624834596776,-1.929512501421292,-2.7554251990619467,1.195259761489797,-0.9438951865623696
-0.06434534994141615,-0.19735119145871263,-1.9297549332962465,-2.7561648986351592,1.1947499407984228,-0.9446914489957223
-0.06309853055319699,-0.19853173363865217,-1.9299798007915723,-2.7566668320184835,1.1941020268821498,-0.9453991321945059
-0.06266640959313628,-0.1996427184201672,-1.9302744930417284,-2.758097988079217,1.1937952264508143,-0.9465331479525121
-0.06403637484132675,-0.20061400739879148,-1.9307192544193104,-2.7614714374572182,1.1942233274028786,-0.9485836489877781
-0.06580551672800111,-0.201555824234735,-1.9312288138351665,-2.765179313289104,1.1948402631209882,-0.9507472032919128
-0.06605449713613284,-0.20257900272257529,-1.9316095178661539,-2.767172849909472,1.1948521036722952,-0.9520798783836719
-0.0650129263247704,-0.2037548453594582,-1.9318512839508335,-2.7678930834395863,1.1942866749290033,-0.9529047240256625
-0.06384464106038465,-0.20500021158510304,-1.9320978229195298,-2.768588815887674,1.1936526011280204,-0.9537481140073356
-0.0634258442281524,-0.20614157980973447,-1.9323997057046292,-2.770102434234852,1.1933484326488544,-0.9549357966224967
-0.06485210204388409,-0.20717269576598002,-1.9328650316792544,-2.7736311167760785,1.193785569623274,-0.9570916027923351
-0.0668784470352113,-0.20815666128736313,-1.933426947177665,-2.777701157549082,1.1945091233311498,-0.959435242962213
-0.0670358625555205,-0.20922684612888903,-1.9338389225455157,-2.7796632314178797,1.1945100802920967,-0.9607366758454345
-0.06614569245212872,-0.21045138508242295,-1.9341183141029705,-2.780626956934224,1.194006509706905,-0.9616917188558103
-0.06512922401463414,-0.2117113336754823,-1.9343755764562438,-2.7815128723736575,1.1934173871522908,-0.9626469803286193
-0.06473153689523047,-0.21284747232558246,-1.9346694323073699,-2.7830587940326184,1.1931105659150067,-0.963862815469335
-0.06613135867595374,-0.21381883204442315,-1.935102833638428,-2.786442521547952,1.1935295018478524,-0.9659348485781334
-0.06738216827130919,-0.21477977526639086,-1.9355970549108807,-2.789544316011197,1.1939754959134934,-0.9677567463621402
-0.06708231279066826,-0.21581366933657808,-1.935977301211056,-2.7909532554827767,1.193839970029762,-0.9687293058984658
-0.06583816488591832,-0.2170394353207785,-1.9362042284950371,-2.791532957331119,1.1931770425428425,-0.969515071732054
-0.06457410569083026,-0.21830604961879246,-1.9364177484274068,-2.7921647655906665,1.19246955912253,-0.9703695471217649
-0.06421488876561082,-0.21946686204027344,-1.9367137889028656,-2.7938245249026608,1.192169437399866,-0.9716617671320907
-0.06566328410790365,-0.2205695696963146,-1.9372066785947721,-2.797462888068906,1.1926065660519076,-0.9738949006808928
-0.06746934198459464,-0.22159801885042912,-1.9378119744906255,-2.8013453840445193,1.1932977103376718,-0.9760933215893612
-0.0674853394898314,-0.22268520787148577,-1.9382590702953528,-2.8032681721260495,1.1933095966620604,-0.977318777399516
-0.06640395442017094,-0.22403351879712727,-1.938516815346572,-2.8042215903767396,1.192663318093146,-0.9783699126715671
-0.06546225423028142,-0.2253622840969323,-1.9387741068281696,-2.8052905606904113,1.1920556075063589,-0.9794763667928853
-0.0653747837659798,-0.22641230797676826,-1.939100307602975,-2.8070685685159993,1.1919114950087084,-0.9807399890304114
-0.06700509797786057,-0.22746896115115406,-1.9396273856253732,-2.810783697300661,1.1924558637483005,-0.9829531863217412
-0.06871684250125873,-0.22841407989073065,-1.94023266903766,-2.8144318559062964,1.1931681343916498,-0.9849529707829978
-0.06854135040174153,-0.2293293681052061,-1.9406249328522556,-2.8159277226203296,1.193153137353192,-0.985878922919653
-0.06771402257769693,-0.23059808536421367,-1.9408304383342174,-2.8170372603675444,1.1925489159235536,-0.987048937125459
-0.06669891068788239,-0.2319920195682795,-1.9409855851044444,-2.818057041263647,1.1917625384365422,-0.9883103352073558
-0.06633967503731111,-0.2331758490876896,-1.9412172062098465,-2.819661103058159,1.1913714739238388,-0.9896877243576986
-0.06757101650897943,-0.23427149364520705,-1.9417543002146598,-2.8229214388300434,1.191801457814019,-0.9916418064779355
-0.06872114405096723,-0.2351409640456628,-1.9423474870499327,-2.8258495577395113,1.192392225893823,-0.9931617787763285
-0.06844552957802934,-0.23595044934330817,-1.9426376893769386,-2.8271865127990643,1.192295245105681,-0.9940427879889941
-0.06777770845852368,-0.23727172554284448,-1.9427560595569857,-2.8285564286382936,1.191595499416696,-0.9955212690698402
-0.06706180271718079,-0.23864646054007538,-1.9428348485053313,-2.829956346651683,1.1908123385289375,-0.9970928900486242
-0.06684267430708246,-0.23973088861209535,-1.9430166060805125,-2.8316598899964722,1.1904545718522406,-0.998522974418443
-0.06795855318133347,-0.2407771731432838,-1.943691672635738,-2.834738069710987,1.1910510865343324,-1.0001499537777918
-0.06902784338126455,-0.24151284414595003,-1.9444110184052754,-2.8375050590521305,1.19185899795033,-1.0013073970310122
-0.06888167726265694,-0.24222747305511239,-1.9446418364011613,-2.838966691662587,1.1917836511848565,-1.0022744908453198
-0.06854438772394292,-0.24367085154958856,-1.9447658949268498,-2.8407697123964692,1.1910981159569975,-1.0041026741056198
-0.06818810859830107,-0.24522389298402966,-1.9448973770140752,-2.842598599082441,1.1903482320993004,-1.006012510301058
-0.06805860804245184,-0.24646670684024702,-1.9450632222017434,-2.8444577459363023,1.1898951825122226,-1.0076787816894583
-0.06865785655176739,-0.2473878800165534,-1.9458263811324026,-2.8467764919764638,1.1905354063257103,-1.0086499347438338
-0.06902408262689042,-0.24795848444575636,-1.9465473539269165,-2.848556867518703,1.1912539187528646,-1.0090840405584491
-0.06873190245973551,-0.24873283422221532,-1.9466791314585772,-2.8498730915336434,1.1909761176490856,-1.010115807575354
-0.06796727751519936,-0.25049456657728053,-1.9471673439738189,-2.8511849504611124,1.1903931141231938,-1.0113821366664564
-0.06710292551021918,-0.25242000323649333,-1.9476709279219797,-2.85249142480975,1.189699356385468,-1.0127305805847024
-0.0667793387675524,-0.2538745508829399,-1.9480124460342396,-2.8542857653029543,1.1892790803245599,-1.0142577413374427
-0.06817015573484012,-0.25475356705142826,-1.9484883996860876,-2.8578128249803956,1.189865092165105,-1.016311623338938
-0.0699534123752914,-0.2551594913776151,-1.9486459890743761,-2.861562832852962,1.1904593930945417,-1.0185699195988511
-0.07040930167477166,-0.2559324830459475,-1.9485404040515064,-2.864003501736784,1.1901210217207208,-1.0205951767798156
-0.06981784045774064,-0.2576014989040778,-1.948963552212367,-2.865656008095999,1.1895776160712863,-1.0220872274986534
-0.06889640109808023,-0.25947754224744846,-1.9494966889262473,-2.8669553043932585,1.1889485897928074,-1.0233716099091161
-0.0686426744803521,-0.2607660579245368,-1.9498639107042168,-2.8686090466256617,1.1886694363025367,-1.0247003214681578
-0.06918275087919792,-0.2613129264103755,-1.950506303601819,-2.8706510652614385,1.189388976543425,-1.025406739665424
-0.07030575578995947,-0.2614637256257681,-1.9507857617383015,-2.873187158536068,1.1900520660915817,-1.0265906147924646
-0.0712859715738059,-0.26199786919502344,-1.9506257733277859,-2.8759083498288383,1.1899088544913923,-1.0286950802099146
-0.07072361579465661,-0.2636651513977021,-1.9511404093944695,-2.877437110743524,1.189485003968957,-1.0300117846575105
-0.06966839420211177,-0.2657075679279455,-1.9518403640223194,-2.8786146423223227,1.1889356311742068,-1.0311403887889592
-0.06950082916802565,-0.26713967792205917,-1.95224366747187,-2.880578493018912,1.1886552001988502,-1.0326988416845082
-0.07029264086891113,-0.2676604593926344,-1.9525997996806126,-2.883220592588491,1.1891549963602932,-1.0341153356103883
-0.07172690273207591,-0.26774341770014887,-1.952591382586825,-2.886238992658915,1.189600530614526,-1.0359003860640024
-0.072480364913264,-0.2685318114901687,-1.9525788292709714,-2.8887396201179665,1.1893970941229992,-1.0378511246687148
-0.07188099743674604,-0.2700934218534765,-1.9531536236499656,-2.8901391220124304,1.1891006758587253,-1.0389451493178816
-0.0707167901377796,-0.27203602185770726,-1.9539129958984494,-2.8910798860867555,1.18864923665187,-1.0397876737722023
-0.07040173175238468,-0.27346679611008695,-1.9543985202854666,-2.892733807250295,1.1884281816852562,-1.041075632724784
-0.07165347345412144,-0.2737812840251682,-1.954445967156734,-2.895744675568257,1.1887975287263666,-1.0429782554987386
-0.07362115191946678,-0.2737953137939763,-1.9542230199535726,-2.899375469531347,1.1891703586828397,-1.0453601661257195
-0.07430732351004905,-0.274734797763223,-1.9543668857398688,-2.9018409682311432,1.1890497048893223,-1.0471966842479927
-0.07305522565332577,-0.27651970430110995,-1.9551330157596167,-2.902583010553877,1.188681298051829,-1.0478067043361743
-0.07149795034162607,-0.2784474738270197,-1.9560050022715099,-2.903060842329336,1.188278465696062,-1.048224273584898
-0.07116176143745681,-0.2799512394992136,-1.956562848126878,-2.904829237807858,1.1881093590154606,-1.0495383315161606
-0.07301353621932916,-0.28032118358280617,-1.9564316426620816,-2.9087204098629567,1.1883872847297756,-1.052227360792881
-0.07524781999633098,-0.2806144114620989,-1.9562143588374277,-2.9128528559904456,1.1886589520155293,-1.0550807466401575
-0.07543802152637319,-0.2820055810760873,-1.9566741254632773,-2.9150393719212957,1.188532855386532,-1.0566481523342768
-0.07384840753277999,-0.28373480310020516,-1.9574904519083849,-2.9154054008652452,1.1881786049147105,-1.0569338118852556
-0.07201041007505032,-0.28552704789525185,-1.9583627421870882,-2.9155258156164674,1.1877929333032138,-1.057050165131121
-0.0715749560024379,-0.2869272868211089,-1.9589195061332645,-2.917050373730059,1.1876549689626121,-1.0581639658319806
-0.07334806350242294,-0.28740908939212045,-1.9587698083436482,-2.9207459490866614,1.187781456518254,-1.0608314172620874
-0.07560340081619919,-0.28785217625878406,-1.9585864340498116,-2.924839475611528,1.1879952375010003,-1.0637277590655088
-0.07591849003720327,-0.28911484366883927,-1.9590693202428753,-2.926997250208555,1.1880266252385892,-1.065197378893948
-0.07394613194128995,-0.29070735242242685,-1.9598979596468349,-2.9268789458575686,1.187692635596999,-1.0650902284259236
-0.07195775118634949,-0.2922753876618647,-1.9606864186078499,-2.9267815639658967,1.1873091153203217,-1.0650187476717488
-0.07153864018433355,-0.29359856760546177,-1.9612245778770983,-2.928285482581038,1.1871925103638987,-1.0660832445223312
-0.07370069820033423,-0.29425023980257375,-1.961067702036108,-2.932493716447482,1.1872674491076887,-1.0691495313734078
-0.07667545103189313,-0.2948813754906707,-1.9608713073812545,-2.9375108355607686,1.1875112780376718,-1.072730024696708
-0.07725172769621264,-0.296174596952599,-1.9613915568921727,-2.9399972109467933,1.187664975609513,-1.0743900917520055
-0.07541367406242838,-0.29744778592955406,-1.9620003440257676,-2.9399339840961027,1.1872669743944084,-1.0743496056156143
-0.07310098894633806,-0.29870822138175,-1.962623716127522,-2.9393335144297565,1.1867641611456534,-1.0739513945269845
-0.07261653479026252,-0.30004511504451487,-1.963169498695392,-2.940869990189225,1.1866463619279273,-1.07503311037849
-0.0750095929025041,-0.30103746172110213,-1.9631648932509158,-2.9455866547972773,1.186751589967931,-1.078421281859195
-0.07773493237559846,-0.30205284318067266,-1.963281973462308,-2.9504264489938565,1.1871068929954796,-1.081788466382152
-0.07769481312353749,-0.3033813733732876,-1.963922477180012,-2.9522278926370316,1.187255393242006,-1.082940662375789
-0.07578542214264823,-0.30441730018440055,-1.9643347313475386,-2.952021604101528,1.186707331221854,-1.0828551251244878
-0.07347415911296797,-0.3054006878206332,-1.9647045996418413,-2.9513759688875743,1.1860133154903973,-1.0824984135757814
-0.07250979708667638,-0.30652841722750274,-1.9651436019335664,-2.9522326977459317,1.1857261558721022,-1.0831352442059994
-0.07474383327292118,-0.3076753427203148,-1.9653054149288942,-2.9566461281743646,1.1858763746897685,-1.0862354426684884
-0.0780443021490671,-0.3091334185350566,-1.9657635254014405,-2.962281242140985,1.1865933849276193,-1.090010407088607
-0.07850168323487676,-0.31060218184411886,-1.966525244560636,-2.964770696807023,1.186996982717062,-1.0915691034137271
-0.07649142190680798,-0.31125389305238,-1.9665690795196724,-2.9643283440080186,1.1860908628495375,-1.09141195417683
-0.07451530521674679,-0.3119458148722086,-1.9666356969896022,-2.963942941244456,1.1852117948730245,-1.0913008360149
-0.07380535621774698,-0.3129598142968148,-1.9669401888403293,-2.9650550339618444,1.1848474451950082,-1.092127572917383
-0.07644297366124762,-0.31460113223931085,-1.9674873321170705,-2.970136759698695,1.185302853951218,-1.095516711874577
-0.08015241357496428,-0.31666238127159135,-1.9684107134768092,-2.9765562411853654,1.1863581064534567,-1.099645462681352
-0.08073605866506503,-0.31808844869883296,-1.9690849228270595,-2.9792509839595613,1.1866562389025432,-1.1013612584630543
-0.07908424009436978,-0.31870337239379376,-1.969079397759768,-2.9792084215744525,1.1858379118048297,-1.101486391818139
-0.07718849261257998,-0.31933168835605663,-1.9690864769345744,-2.978946755933031,1.1849720181533343,-1.101481021957432
-0.07640702213385253,-0.3202204177804425,-1.9692522971551076,-2.9799641233393963,1.1844524145061426,-1.1022734560967167
-0.07854368129125486,-0.3218889478197335,-1.9698990010447224,-2.9844152458196334,1.18488836554164,-1.105172346628526
-0.08119155294524924,-0.32380464261487274,-1.9708210508239183,-2.9895095966045293,1.1857448838087217,-1.108387433444321
-0.0814640700798127,-0.32496444906886385,-1.9712368461634553,-2.9917503369918923,1.185682852848697,-1.1098463881448308
-0.07981713570494471,-0.32514843480844924,-1.9707908342518656,-2.9914432145196175,1.1844085218321458,-1.1098596666535374
-0.07779537180962093,-0.32531660542831986,-1.9703407402136688,-2.9907858364297275,1.1830664924284455,-1.1096689158138247
-0.07693654794449697,-0.32598307793513104,-1.970310123175484,-2.9915671562173483,1.1823447590157086,-1.110320462489663
-0.0793837556118407,-0.32820134996214334,-1.9714054989685605,-2.996767983511575,1.1831773338001121,-1.1135707758526572
-0.08248871933564944,-0.3307865879023155,-1.972838164113698,-3.0029116946673695,1.1844548520624536,-1.1173226956069704
-0.08250959583522784,-0.33171730164516766,-1.9730508018739552,-3.0047279771112443,1.184130557991706,-1.1185246365369366
-0.0810151430372265,-0.3317591541652869,-1.972509498729611,-3.004375997019359,1.1828595309593823,-1.1185098811139795
-0.07925118041750352,-0.33169966716414456,-1.9718795456104807,-3.003666795479139,1.1814458458776032,-1.1182870121354032
-0.07896887059113819,-0.3325949660659854,-1.972018571933733,-3.005150432458101,1.180995293004051,-1.1193510887058773
-0.08160226858878654,-0.33518100607537543,-1.9734716560342886,-3.010741970451379,1.1821705333969654,-1.1227307671994167
-0.08444146235967048,-0.33784682232357666,-1.9750222076695547,-3.0166506160290787,1.1834664399543935,-1.1262678010626794
-0.08438951180640775,-0.3387452265128603,-1.9751780077464849,-3.018394626938873,1.1830881128418436,-1.1274794396440824
-0.082638587232756,-0.3386660133943003,-1.9745076578025715,-3.01771674250859,1.1817473442784743,-1.1273628432765685
-0.08086428509816038,-0.3387109202272949,-1.973964486284271,-3.0171173797185746,1.1805422138383712,-1.1272976292733339
-0.08045131809200222,-0.3397531580019827,-1.9742508728007795,-3.0186087065751845,1.1802902911702464,-1.1284088791652107
-0.08300131961623361,-0.34278718956040105,-1.9761913361867667,-3.0244253565819808,1.181980512016577,-1.1318697591048634
-0.08514012490696773,-0.34544532321303534,-1.9778331468624486,-3.029620033638566,1.1833114183363946,-1.134997712699338
-0.08442137603310065,-0.34615376703459655,-1.9779435525263602,-3.0304484913774834,1.1829435899042031,-1.1357430151291128
-0.08234216067904232,-0.346023122657781,-1.977405203826351,-3.029153336140789,1.1819274856448503,-1.135309981128636
-0.0807438269134738,-0.3464845249987232,-1.977401676129879,-3.0288198983079946,1.181503427062954,-1.1354447372337544
-0.07973546031135821,-0.347414318078464,-1.9778697817788908,-3.0292818052123756,1.181674734787502,-1.1360051351406866
-0.08135095132699913,-0.35040670237474153,-1.9801189263411638,-3.033814453711478,1.1838641277294655,-1.1387666107214374
-0.08237537870583318,-0.35301807050251505,-1.9821091908395365,-3.037484154793616,1.1857991388530529,-1.141097546780676
-0.08095539350951556,-0.35411503831819935,-1.982969734081119,-3.0374378723053588,1.1866268575296592,-1.1414717730826585
-0.077686416139951,-0.354102014115403,-1.9829962210423706,-3.0344886443603762,1.1866923254068245,-1.140271536467588
-0.0744500364863073,-0.35446193441435336,-1.9834461589393186,-3.0318160689183813,1.187298398340518,-1.1392816084354456
-0.07234841937017339,-0.3558992084442685,-1.9849295905927355,-3.030999467084817,1.189074547743894,-1.1393098547417182
-0.07236372819859743,-0.3593254102388493,-1.988259620695312,-3.0336414792694244,1.1929386071195143,-1.1412158980131977
-0.07175093776600733,-0.3626298389925867,-1.9916721255678917,-3.0354321121430528,1.1970437408304364,-1.1427437224756183
-0.06877682122308756,-0.36472322540923213,-1.9943351461695105,-3.033683503796505,1.2006021192471859,-1.1424679647822669
-0.06363452432789625,-0.36557891499134404,-1.996128141171323,-3.0284999918878635,1.2034765521229231,-1.1403509828156146
-0.058050774152213,-0.36659396043488623,-1.9982521962249586,-3.0228904407838373,1.2068701391248449,-1.1381096728379474
-0.053239570598356614,-0.36856908169318614,-2.0013671427799946,-3.0186917575239303,1.2114109535065345,-1.1366847985849304
-0.05036764870107972,-0.3726410927700302,-2.0065150050307663,-3.0178828705351473,1.2182617813341936,-1.137182141991865
-0.04676233697237847,-0.37669702189090104,-2.0119762173121067,-3.016109394921923,1.2257292433063154,-1.1373348140970987
-0.041083223783427394,-0.37927378556926084,-2.0163510304774555,-3.0109891247667884,1.232291242991375,-1.1358345765464217
-0.03360312814166139,-0.38084251156610643,-2.0200285323620673,-3.0030710374389624,1.2383735615910316,-1.1329095602961194
-0.025857852395539914,-0.3818635532832906,-2.0231493295491223,-2.994643945125416,1.243844347664189,-1.1297928567845763
-0.020291966205106496,-0.3839522136292982,-2.0269358213013486,-2.9897189429348368,1.2497307408313991,-1.1286710606665835
-0.016174939516217395,-0.38641500025478615,-2.0308104803304134,-2.986867819186511,1.25548651010833,-1.1287186024071887
-0.013659564954631028,-0.38892916300277236,-2.034347987326661,-2.986263895733126,1.2606013688629876,-1.130091586938759
-0.010650645265512671,-0.3903012280769804,-2.036668088487231,-2.9846718396467824,1.2643308179290729,-1.1310550750826232
-0.006524541982673847,-0.39079399330094744,-2.0382098308849503,-2.981341238711321,1.2673421622519743,-1.131177008483211
-0.0024157596498932416,-0.39070966608085667,-2.039007207274426,-2.9778829808134804,1.2694185331339853,-1.1312274797010176
-0.00023496394574842698,-0.3911153865087724,-2.039801030008323,-2.977302351697257,1.2710304445607006,-1.1327629212202723
0.0007077828156206688,-0.39353637444709444,-2.042580348625379,-2.9793356477859234,1.2747035127385578,-1.1356069595613791
0.001599464190183886,-0.396267095484665,-2.0457242509939833,-2.9816081240402634,1.2787981792499856,-1.1385420992048316
0.004892506858115616,-0.3975897689777387,-2.0478829317078375,-2.9800860752487113,1.2822004897187278,-1.1394758615537266
0.01008206130447013,-0.3982327314511561,-2.049762558373587,-2.975842213014693,1.2857219106738773,-1.139087996371916
0.015559871713339394,-0.39865839151561894,-2.051479431400859,-2.971136963002218,1.2891220208145622,-1.138470272653532
0.019705313932982603,-0.39949421774219984,-2.053295000865221,-2.968394681886175,1.292302097431305,-1.1388323823133346
0.021227500358100213,-0.4018502014683569,-2.0561757327852455,-2.9699128816752394,1.2961620685863418,-1.141473505234576
0.022021965808479215,-0.404439278767789,-2.0591088347717075,-2.9725977495793474,1.2998985814377133,-1.1447303088372869
0.025251900500958865,-0.4052559212916859,-2.0606018808995543,-2.9712786998529035,1.302449109048521,-1.145851763416293
0.02997936866754969,-0.40518766784810456,-2.061419359331783,-2.9677789737126394,1.304549744897657,-1.1459582434557143
0.034441534688287895,-0.40503418996635326,-2.0620125952487927,-2.96463842965581,1.3062718827324877,-1.146188818199469
0.03735683069505401,-0.40531523554206345,-2.0626603406482302,-2.963704153078007,1.3076137421167249,-1.1474170325773745
0.03796811594464102,-0.40677189443565964,-2.064033600952022,-2.966437957892766,1.3092324685787342,-1.1505386434908602
0.038262651814035015,-0.40809840849106166,-2.0651447006830486,-2.969498414054716,1.31042977377312,-1.153695521184639
0.040320566493252906,-0.4083379244189201,-2.0654232629471725,-2.9697474264782984,1.311017070548277,-1.1553175553280912
0.04379164316102806,-0.4080823025153336,-2.065383521064756,-2.9682549251457306,1.311515850034663,-1.1561632911286237
0.047503571292456734,-0.40767863154806805,-2.065174042725207,-2.9664381217453175,1.3118060390024984,-1.1567718193634469
0.049879709265953726,-0.40770427235383966,-2.0650883645703884,-2.966455689385805,1.3118463760605863,-1.1581393170328445
0.05026024716339232,-0.40860141680381834,-2.065504680564899,-2.9694481940837854,1.3119572563868416,-1.1609601588603862
0.050419910685941344,-0.4094946613158917,-2.0658335365293268,-2.97267254352582,1.3118783412152293,-1.1637592192722321
0.05248911916190607,-0.4095175958542104,-2.065575682503419,-2.9731223885670186,1.3115229004820659,-1.1651108081335075
0.05588720376879586,-0.40905783988802596,-2.06499484520554,-2.9719175525710613,1.3110381919687395,-1.1656600350526256
0.05963282335199262,-0.408501427169085,-2.0643556189946417,-2.9702108790753803,1.3105303169638625,-1.1658912861265516
0.06227810874957301,-0.40841043295866164,-2.063996233250833,-2.9699231631597502,1.3100494007940604,-1.1666782098906645
0.06311443633328709,-0.4089839875242324,-2.0639873576755634,-2.9721320738925563,1.3095164113718514,-1.168628960763635
0.0635616098559347,-0.4096695981733177,-2.0640230727555755,-2.9747817436560005,1.308942640214621,-1.1707070676327593
0.06590541112929306,-0.4096862023837856,-2.063692601039202,-2.9748786865257846,1.3083776497627346,-1.1715359547549933
0.06997459882394783,-0.4091781481840971,-2.063052378426705,-2.972896803208477,1.3077763606152297,-1.171377134373899
0.07394265636408547,-0.40868155839884224,-2.062414129825754,-2.9709394979773034,1.3071403022477477,-1.1711449234523816
0.0770780004622838,-0.40849310734031463,-2.0620067588043174,-2.969855825759001,1.3066008921106644,-1.1712161073867442
0.07820731750557856,-0.4090558519236258,-2.062022422447103,-2.9715537179149827,1.3060603914043547,-1.1726526278227851
0.07898041251433659,-0.40972359020977805,-2.0621108815066598,-2.9736327189182,1.3055513139033392,-1.1742384697054002
0.0817303154539328,-0.4097336314327099,-2.061892922618008,-2.972954629591081,1.3051827354394006,-1.1744564435414229
0.08591012826794521,-0.40940729337103704,-2.061493326183994,-2.9707037259286726,1.3048523220325507,-1.173955360411508
0.09041984457674579,-0.40901646918981627,-2.061097664591065,-2.9680059070919786,1.3045909373005626,-1.1732073537270453
0.0939292038930359,-0.40894407517468695,-2.060961989169348,-2.9662978834941924,1.3044819864502049,-1.1728648158310442
0.09546226696398662,-0.40939590458967456,-2.0610546670745657,-2.967034240745115,1.3041879973807005,-1.1736509455844408
0.09659020433997055,-0.4099360773051811,-2.0611928378447573,-2.9681870288381553,1.3038872461938054,-1.1746126006236517
0.09943124280930493,-0.4100445574453466,-2.0611895474382673,-2.967159466240007,1.303842996589054,-1.174564870334935
0.10379355220171321,-0.40981106719228144,-2.0610269411201525,-2.964449110934112,1.3038861377320015,-1.1737478687733622
0.10845393847551037,-0.40959576350494253,-2.0609631384318083,-2.9613837048285996,1.304143063504522,-1.1728075536578704
0.11220298340537709,-0.4096106995323181,-2.061117953251052,-2.9591311516378225,1.3045493139704956,-1.1722128130074738
0.1143262554345153,-0.40991777605041624,-2.0613226214886984,-2.9587157959379535,1.3046551100628148,-1.1724028274084983
0.1160963013925262,-0.41030032415387274,-2.061549538604827,-2.958676073521263,1.304734358959923,-1.1727537711964784
0.11954087428426229,-0.4102817812414306,-2.0616368938513014,-2.9565810958697716,1.3050402770200944,-1.1721495343251962
0.12452095410263525,-0.41002899739074405,-2.0616600616559997,-2.952973076031477,1.305526612597165,-1.1709234533966357
0.12984210275040164,-0.4097687664185714,-2.0617636292933113,-2.948979621281423,1.3062070216051103,-1.1695625579438143
0.13451396188664497,-0.40961621191391173,-2.062000814791187,-2.9454117124338937,1.3070240838229195,-1.1683778761375518
0.13723596532309384,-0.4097662219082394,-2.0622797519485467,-2.943910670026372,1.3074994052759097,-1.1680566608448482
0.1389079554240787,-0.41004889525041255,-2.0625670554234885,-2.943396872896124,1.307816086671904,-1.168115202538642
0.14234780350815499,-0.4100456850833085,-2.062806358094936,-2.9409868659743097,1.3084377810528376,-1.1673720295435845
0.14730202739436968,-0.40984789863130444,-2.062999597890852,-2.9371975632202734,1.3092350182663526,-1.1660892208232572
0.1522977967666076,-0.4096136738509374,-2.0632058400904283,-2.933245710739696,1.3100947361164117,-1.1647213362252076
0.15665717058562942,-0.409541164132907,-2.0635493938751686,-2.9299052046973104,1.3110522712781356,-1.1636776312379427
0.15928844907770176,-0.4097013765325116,-2.063904240828525,-2.928306271147723,1.3117098424333982,-1.1633607069306917
0.1612095270109996,-0.4099203035587179,-2.0642594329750574,-2.9272571835640604,1.3122920265421298,-1.163223432876526
0.16451264650153194,-0.4099029919433798,-2.064565494113535,-2.924704363022905,1.3130903712535762,-1.1624204367988353
0.16915310066361708,-0.40968438642144267,-2.064795669009719,-2.9209335881761183,1.3139839699436369,-1.1611072421251922
0.17416977929468627,-0.4094787531846182,-2.065088429418225,-2.9168924628852793,1.3150220794290057,-1.1597618387104522
0.17837694325151443,-0.4092881621609,-2.0653640924952725,-2.913411991464863,1.3159695916117475,-1.158602914467535
0.180923491450918,-0.40920118208569517,-2.0655604208176204,-2.9113704022707942,1.3165625277655968,-1.1579552431355922
0.18285214112947593,-0.4092054797117558,-2.0658020848311636,-2.909804378253055,1.3171536540316378,-1.1574715390408734
0.18619835535660817,-0.4090642875318987,-2.0660662891351844,-2.906869630731091,1.3180157070792327,-1.1564353001342345
0.1910794052783112,-0.4087972494575399,-2.066294952592054,-2.902796580843635,1.3189906737155495,-1.155015981357789
0.1961277148172972,-0.40850307823085275,-2.066519061464928,-2.8985994697483326,1.319993925998049,-1.1535809768569711
0.20019304263806167,-0.4082104360304344,-2.06669429492506,-2.8950691025354347,1.3208496046082976,-1.1523512520241699
0.20264369335561927,-0.4079882720724469,-2.066782384957147,-2.8928198112878905,1.321391169188285,-1.1515452533188975
0.20450029342744652,-0.40782060214250515,-2.0669002788794275,-2.8909317009233533,1.3219191683713682,-1.150817979858439
0.20773993600549337,-0.40757421851412,-2.0670775063567017,-2.887824906021592,1.3227273134321575,-1.1496241678599008
0.2125335127063236,-0.4072085000579768,-2.067193424255242,-2.883682608753821,1.3235829954231528,-1.1481126004092599
0.21759480229531739,-0.4067938786204196,-2.067284168844103,-2.879330088063137,1.3244439113081055,-1.1465358853602248
0.22172297592637924,-0.40637305089613474,-2.067322006486748,-2.8755720595091114,1.325168232388663,-1.145124450381209
0.2239079779587053,-0.4059449963933402,-2.067215090084569,-2.87313790076826,1.3255255185829273,-1.1440825162052781
0.22572478584061711,-0.40558286719363423,-2.067176827199585,-2.8708701330685678,1.3259531320770033,-1.1430516783683364
0.22925696751645044,-0.40518291676811946,-2.0672162992870993,-2.867317046541869,1.326653328007945,-1.1415761769845747
0.23403659514238342,-0.4046909724471617,-2.067174181562644,-2.863068118374815,1.3273186551631917,-1.1399453323343969
0.23918342901564196,-0.40416321971023583,-2.0671098584505083,-2.8585979555464616,1.3279918119578995,-1.1382731989508716
0.24335129778115713,-0.4035676543270085,-2.0669479926384557,-2.854635362244526,1.328485387447968,-1.136677246730434
0.24583580653680617,-0.40298026354434235,-2.0667355532982437,-2.8516757023091124,1.3288179977415318,-1.1353466434431598
0.24770425980557065,-0.4024542553234842,-2.066596388682099,-2.8489588844024585,1.3292262931891257,-1.1340113264011307
0.2509799051940659,-0.40187875754588964,-2.0664613421504434,-2.84525664316811,1.3297386963484878,-1.1323142714385566
0.2558770981847476,-0.4012206843613276,-2.0662451845556316,-2.8407702959813363,1.330223805578301,-1.1305336409319562
0.2609239121883261,-0.40051807834915865,-2.0659855219435066,-2.836205619365455,1.3306662743137787,-1.1287408550776497
0.2651413036121255,-0.39979531004864177,-2.0656916139157344,-2.832022522644149,1.3310322914964359,-1.1269868641698002
0.26801950761865706,-0.39908755757255704,-2.0654382119988237,-2.8284635603140202,1.3314321910829514,-1.1253582843552314
0.27036682350544217,-0.3983834792101779,-2.0652024376737756,-2.825016392578198,1.331836342275829,-1.123609792779391
0.27395398122347886,-0.3976352645097597,-2.0649170797380583,-2.8208740787292856,1.3322175167346657,-1.1216621972968976
0.2785586757293011,-0.3968440138879823,-2.0645965056768185,-2.8163423595965176,1.3326267996334034,-1.119820366424832
0.2834224474119535,-0.39600133773009705,-2.0642398101370283,-2.8116414963445955,1.333015807247762,-1.1179440531877458
0.2875477236838675,-0.3950667708733646,-2.063801695607289,-2.807126360419912,1.333291249610702,-1.1159539244336276
0.29029347587944104,-0.3941037887476262,-2.0634123469116235,-2.8030274257762873,1.3336497407579966,-1.1139040645305733
0.2928372197916508,-0.39318427450057314,-2.0630515967822793,-2.7989698480173164,1.334012468637317,-1.1117626182136395
0.2964732897548207,-0.3922147386304846,-2.0625735835646424,-2.7944681542469296,1.3342178905486461,-1.1095597831229553
0.3012306307460321,-0.3912292980644476,-2.0621619774904243,-2.7894730647841812,1.3346550683186549,-1.1075347146117727
0.30632776880082735,-0.39020747843106196,-2.061741540472971,-2.7842810648864837,1.3351201537333792,-1.1055099673120623
0.3106208844874065,-0.3890615614403411,-2.0611822281753946,-2.779309953805564,1.3353592058073913,-1.1033178549805633
0.31351170855790356,-0.38786920781241885,-2.0606962410906196,-2.7744814255141876,1.3357464696496688,-1.1007871412550543
0.3159212569592192,-0.3866277310523418,-2.0600972282949153,-2.76978898039279,1.3359096828728036,-1.0980715436065125
0.3194648644742151,-0.3853340272890216,-2.0593219575688115,-2.7649240027801634,1.335809851883821,-1.0955812095989592
0.3242138214559889,-0.3841000402978583,-2.058770928326606,-2.7594621521620177,1.336204444462635,-1.093307002499602
0.3292884470179035,-0.38283812978576576,-2.0582213252254213,-2.7538321870966236,1.3366463375700606,-1.0910667810023609
0.33379957715488867,-0.3814512377385594,-2.057546136784735,-2.7482364880683567,1.3368907711770897,-1.088578697280015
0.33716220813465836,-0.3799786082635886,-2.056901019802668,-2.742542311166396,1.3372106801111894,-1.0855582340345526
0.3399980476436042,-0.37841699312201826,-2.056020675122878,-2.737209668280993,1.3371012994419331,-1.0824927928629124
0.3438622326030622,-0.37680389568798967,-2.05497467356769,-2.731827573507186,1.3367652290386434,-1.0798078541889065
0.3491464599021571,-0.3753520802678535,-2.0543622437577067,-2.7256332088784245,1.3372688982790262,-1.077332070046034
0.3547454559237659,-0.3738792635615251,-2.0537741253478856,-2.71920052695959,1.337855336366382,-1.0748286265542597
0.3593968395106197,-0.37216825193033143,-2.052835464406648,-2.7130301034825175,1.3378629034769642,-1.0719899138992988
0.3626635145982802,-0.3702358488089764,-2.0516728029751206,-2.7068406592746985,1.3375028408513043,-1.0684000453242202
0.3654580361178227,-0.36813044569764386,-2.050151686771448,-2.701061990879674,1.3365435451346568,-1.0648375674342208
0.3691302272888392,-0.36602947541957775,-2.048572442633529,-2.695380366522242,1.3355377618546966,-1.0618419746728343
0.37417385269132747,-0.36418270423283355,-2.047569699304579,-2.688752282981808,1.3355677046898982,-1.0589017263429181
0.37990921055534965,-0.36240671133489355,-2.046784074069138,-2.6816012559540185,1.335988925833321,-1.055910524583072
0.3847504156722252,-0.36035313235959304,-2.045554439753716,-2.6748429277066172,1.3356862313674873,-1.0527084279437569
0.3882426412191492,-0.3578792511833804,-2.0437610885715483,-2.6681282421902033,1.3344984402213775,-1.048680181304503
0.39143812008364515,-0.3553243878266446,-2.0418072444337234,-2.661620945455904,1.3330390542013282,-1.0446824811646886
0.3955621189274655,-0.3529423258657858,-2.040100638300661,-2.6551699815568712,1.3320098174737294,-1.041399262802447
0.4012806826892987,-0.3508574637390327,-2.0390801383801724,-2.647334683859755,1.3321685504454086,-1.037811753807628
0.4071947060367024,-0.34872594363447046,-2.0380286483383943,-2.639376963285818,1.3322962532938085,-1.0342184881432062
0.41227600854086877,-0.34607464778592895,-2.0361892079308586,-2.6318336537411238,1.3312462889485306,-1.0304325348412164
0.41554431949125836,-0.3428525071443415,-2.033412861951771,-2.6251594200181305,1.3287017046980383,-1.0263142426460337
0.41813790532874023,-0.33954823993045125,-2.030426179092852,-2.619236607580873,1.325779883049873,-1.0226131891321026
0.422459874962282,-0.33658379274794414,-2.028161065207002,-2.612204085579445,1.324096373813648,-1.0190209691817576
0.4285080064609879,-0.3340780975781932,-2.0267873140735695,-2.603502077937746,1.3238151073822708,-1.014808271179204
0.43533554534860996,-0.3317235747008641,-2.025730168979819,-2.5941274681718696,1.3240401847108003,-1.010391316835216
0.4410366076426478,-0.32887318046422914,-2.0238845881614624,-2.5855889615355254,1.3230680605419551,-1.0061060576134415
0.4445782504325152,-0.3251665591295936,-2.0206948714132547,-2.578322722640194,1.3200337246068878,-1.0017082456338873
0.44766033015971923,-0.32121748404107175,-2.0171880220885976,-2.571497408722924,1.3165772150311388,-0.9976267446142485
0.452228341099741,-0.3177507473053274,-2.0144871184347624,-2.5638672137184875,1.3143866511380198,-0.9937881668520452
0.4578242510003993,-0.3144923568166693,-2.012081288165958,-2.555451008638663,1.31264236178887,-0.9896926889985798
0.463691398178593,-0.31123501233868944,-2.0097112507051453,-2.5467915887717067,1.3109497836105102,-0.9854887481599093
0.46901985758705145,-0.30774730629424263,-2.007071181900977,-2.5383095115451177,1.3088282220926788,-0.981105843310604
0.4732161557309021,-0.3035388529508122,-2.0034727251399493,-2.530037517794125,1.3052751971987808,-0.9760948018548656
0.47750273095987106,-0.2993217694853385,-2.000005435726653,-2.5215231967288987,1.3019528504855051,-0.9710152571453178
0.48314948784610756,-0.2956585817396967,-1.9974414855252625,-2.5122635467513383,1.300029161656385,-0.9662359443733191
0.48947497922015504,-0.29212717401868493,-1.9949481531635604,-2.5027666661472217,1.298190766585218,-0.9615666218120473
0.4956801639004884,-0.28850791035870127,-1.9922949575121374,-2.4934280881491606,1.2960867005733987,-0.9569466554719904
0.5013449185238541,-0.2846273709550733,-1.989310465943022,-2.4843498789367446,1.293472626640499,-0.9522278701517248
0.5049766205798879,-0.279666471448245,-1.9846774686082396,-2.4767508335312374,1.2884155400793205,-0.9477077424360038
0.5089509887061777,-0.27482878174623543,-1.9803588957559624,-2.468673735953594,1.2838090703897826,-0.9429680829476972
0.5150605550648717,-0.27106312262614124,-1.977639716107154,-2.459055292492531,1.2814990459402138,-0.9379785862678012
0.5213650810409449,-0.2672862444559576,-1.9747282005526774,-2.4496093552940104,1.2788485173887278,-0.9332021663852595
0.5279808328906241,-0.26354333632664506,-1.9718904923503917,-2.439933274964817,1.276307913794636,-0.9283639461504092
0.5339999635949213,-0.259539085054035,-1.9687140145686446,-2.430653672322017,1.2732529190425201,-0.9235677526187251
0.5385585619525735,-0.25452145108623214,-1.9642608785793119,-2.422139828695,1.2684362095812654,-0.9187767783828358
0.5430916856249716,-0.24958596386251153,-1.9599112952367572,-2.4136770104382954,1.263692991554168,-0.9139968060858419
0.5486175314893931,-0.24550134192237835,-1.9565542151699402,-2.4049057479615192,1.260198903599949,-0.9093676249670275
0.5547362405158986,-0.24141989020871601,-1.953145632500754,-2.395802962762327,1.2566242722829661,-0.904719128588819
0.5610162622492514,-0.23738894725716275,-1.949785800663574,-2.386634185249661,1.2530887556580166,-0.9000628169207767
0.5670884103307088,-0.23307625159936696,-1.9461972815099708,-2.3773430902645725,1.2493021299965597,-0.8952096228529317
0.5726621987990155,-0.22794369020130603,-1.9418417838445186,-2.367791717595736,1.2446148804287236,-0.8899821978170105
0.5778915191034111,-0.22288687864363754,-1.93751998633851,-2.3586554960067083,1.2398502869446877,-0.884915783156542
0.5834128146682649,-0.21853458387551583,-1.9338057933696846,-2.349978282093173,1.2356773973010733,-0.8802646529263638
0.5893084912447025,-0.21449216121056694,-1.930265815055463,-2.3414965540318295,1.2316053918126364,-0.8759037359554983
0.5953967522507767,-0.21058827186795487,-1.9268628356669895,-2.3329847084474165,1.2276860160377558,-0.8715729198739758
0.6011306861715586,-0.2066188648739045,-1.9234681466426045,-2.3245916125535215,1.2237838296675967,-0.8671683684840567
0.6066106795659411,-0.20190986059876748,-1.9195711945139096,-2.3155559441324596,1.219401009281702,-0.8622033376545692
0.6120126452799,-0.1971774290685491,-1.915654704074493,-2.3065804814738873,1.214940150048764,-0.8572140713143515
0.6174645345831841,-0.1934287932252627,-1.9123839922082277,-2.2988175320540236,1.2109658387178712,-0.8530817146390095
0.6233011309987261,-0.18993623304603144,-1.909230127736565,-2.291207506632329,1.2070170513879457,-0.8491868313322173
0.6294059703992906,-0.18654977621923904,-1.9061699173773012,-2.2834739956477774,1.203163933904099,-0.8452615083309036
0.6356762702773248,-0.18302056985429282,-1.9031159786144975,-2.2752487298969486,1.1994288456909294,-0.840991579547473
0.6420208871903703,-0.17890468283587488,-1.8997837157831232,-2.2661244033105508,1.195539639799743,-0.8360719033811702
0.6481405482368404,-0.17476324083218683,-1.8965051254162675,-2.2570692192787596,1.1916967025042526,-0.831056585002319
0.6536875531096188,-0.1713962579000718,-1.893760517262617,-2.24938580392934,1.1882154134180287,-0.8267608404583509
0.6597176420440156,-0.16811812090576983,-1.891032622203217,-2.241530354479821,1.1846399479290817,-0.82245926577771
0.6660079454897699,-0.16484147520227568,-1.8883869706304213,-2.233310327170684,1.1812183269480578,-0.8179423386242752
0.6720417409511091,-0.16159016459435185,-1.8859254598462205,-2.225024563631163,1.1780917289753807,-0.8132352770502832
0.678065539008119,-0.15786506557184987,-1.883369031073612,-2.215889374591784,1.1750654999292958,-0.8078732416632423
0.6838427971563359,-0.15437784628961645,-1.8810464221920666,-2.207170935724249,1.1722482459670251,-0.8026544948831923
0.6896870482279558,-0.15169499912346407,-1.8791451146896554,-2.199569634783278,1.169586357117923,-0.7981784430921883
0.6959781529800712,-0.14926269606350123,-1.8773491332002568,-2.19204075662093,1.1669022549076706,-0.7938473869189165
0.702254974985066,-0.14712474431257827,-1.8757892485800496,-2.184764712056202,1.1644263889505084,-0.7896421262944852
0.7084123606889202,-0.14512844900445387,-1.87443031008157,-2.177516980409525,1.1622375926534274,-0.785380672799328
0.714682643378081,-0.14271671696825397,-1.873063526880154,-2.1692991807793387,1.1602568686317736,-0.7803897707686492
0.7209409462929627,-0.14049104444722782,-1.8719064351267707,-2.161189893698666,1.1584337230912105,-0.7753461414170106
0.726915441290392,-0.13907073416189397,-1.8711868238038745,-2.1543956432443254,1.1567987616707756,-0.7710755326668893
0.7332475379030379,-0.13791721465057388,-1.8706151193613496,-2.1476855648368725,1.1551923570384102,-0.7669068303935791
0.7397893344085735,-0.13681803610072976,-1.870088793370807,-2.1407673590148546,1.153615237668609,-0.7626138584875701
0.7464459828739096,-0.13535589205687665,-1.8694472948661467,-2.132972386296622,1.152077933949136,-0.7576924300394928
0.7535334674254962,-0.13327358297755432,-1.8686237937228278,-2.123693964062273,1.1505403954218885,-0.7517525438233642
0.7604496912274694,-0.13136908193740676,-1.8679845913252195,-2.1146107161604855,1.1491394964091142,-0.7458189566942918
0.766933393365017,-0.13035434248087074,-1.8678187235061943,-2.1070685688900572,1.1479648682922499,-0.7408094399669025
0.7734375172981007,-0.12997008668075366,-1.8680404258940002,-2.1003248150522587,1.146982249989343,-0.7362993016709894
0.7797577468005129,-0.12975265641492942,-1.8683745093055477,-2.0938159133397605,1.1460867366469762,-0.7318996693304024
0.7860736251862573,-0.12922519854028325,-1.8685658275493329,-2.0866524188327498,1.1451459971471927,-0.7270318549714946
0.792332474127024,-0.1285174532901415,-1.8688573569883076,-2.078935220315196,1.1444291109116183,-0.7216914309864961
0.798444912156605,-0.12797541863146,-1.8693073853581708,-2.071357991326444,1.14381756012003,-0.7163550299524205
0.8044212758131086,-0.12816140121157227,-1.8700812276211107,-2.06489679355075,1.143239718154498,-0.7117289880799641
0.8107217239211387,-0.12866235569992732,-1.8710072033603247,-2.0585876851327187,1.1426449964123204,-0.7072319822414832
0.8170379593805921,-0.12916723522744009,-1.8719052934090703,-2.052192029958997,1.1420017329708898,-0.7026900503187532
0.8232198707263728,-0.12937505670164673,-1.872640016050704,-2.045323504580933,1.141287580459318,-0.6978175868820201
0.829347372916335,-0.12936524409922243,-1.8734497785556847,-2.037815996901524,1.140785818223827,-0.692407476462026
0.8354399934824503,-0.12956738808189744,-1.874437065455766,-2.0304058937600686,1.140377275616358,-0.6869927701879047
0.8412227034125732,-0.13060292220262582,-1.8758151196544939,-2.0243746209938487,1.1400781585654358,-0.6824485781175516
0.8472304524353166,-0.13209426892135193,-1.8774219379424546,-2.0187225596515237,1.1397900675793582,-0.6781542549650017
0.853314424094977,-0.1334792296334291,-1.8789205892731369,-2.0128250226820468,1.1393795757288492,-0.673722350161888
0.859241358809929,-0.13457081243415642,-1.8802192484134261,-2.0065428964555854,1.1388359180206538,-0.6690413093938425
0.86531975676456,-0.13532820174353782,-1.8815412794178004,-1.99923594406906,1.1384528023712035,-0.6635752719483508
0.8712788588312688,-0.1363133553433019,-1.8830543723861997,-1.992079406214315,1.138202031381497,-0.6581340115891801
0.8767792345781239,-0.1381052788565072,-1.8849215508885528,-1.986415772038638,1.1380643385540692,-0.6536771903301463
0.8826170838511571,-0.1402713011003675,-1.8869130179114117,-1.9809980154853448,1.137808233454092,-0.6494287923079773
0.8884488886858181,-0.14245370374037436,-1.8888215774141723,-1.9756134052469565,1.1374029139891684,-0.6452562765592387
0.8941266724071897,-0.1442349886167249,-1.89044739026615,-1.9697731371707323,1.1368110621271763,-0.6408279928964763
0.8997913503398147,-0.14565757426151113,-1.8920273088947088,-1.9630439812135416,1.136318373351099,-0.635748582416167
0.9050186370250227,-0.1473327938328307,-1.8937622304908373,-1.95683432007893,1.1359832214128889,-0.6310109036566316
0.9100791056384249,-0.14966065999055989,-1.8956816780006929,-1.951761521977064,1.1355651536627405,-0.62712744489469
0.9154427753314444,-0.15243476564771097,-1.8977702213154881,-1.9469755071952415,1.1350329171966942,-0.6234742725148164
0.9208634721624817,-0.15508885776308642,-1.899662290115053,-1.942084625543715,1.1342786541813004,-0.619864086665269
0.9259969264271873,-0.15729204038264794,-1.9012019105890252,-1.9369644475590786,1.1333249603765596,-0.6162035840420925
0.9309416601113004,-0.1591304766172434,-1.9026611539379747,-1.931138940914465,1.132487135388813,-0.612042734514181
0.935635480793416,-0.161097717222923,-1.90414938603365,-1.9255930860196242,1.131690366741783,-0.6081572221902181
0.9399010177344157,-0.16363111105839157,-1.905737103417367,-1.9214832038891219,1.1308412982436236,-0.6053646691702659
0.9444683153670447,-0.16651101467263407,-1.9074406468160219,-1.9175325947300554,1.1298841335580647,-0.6027303390296636
0.9490688177396591,-0.16938406709411785,-1.908990992151585,-1.9137191844983645,1.1287192217251076,-0.6003148759254056
0.9531905825145861,-0.17186586118635763,-1.9102290804752797,-1.909974969924361,1.1274362880520261,-0.5980432135561142
0.9571726941818289,-0.17388756647150322,-1.911267384921838,-1.9054754339615796,1.1261739113374363,-0.5953128224856494
0.9605881109993133,-0.17592773783261806,-1.9121806413879643,-1.9016200896208384,1.124934049028381,-0.593206249560021
0.9634059813632205,-0.178440467268209,-1.9131065955442672,-1.8993265746658554,1.1236572352019003,-0.592343178778433
0.9664689355332865,-0.18127791496637916,-1.914069697957131,-1.89727220887077,1.1221965840619088,-0.5917672896874058
0.9692835945728548,-0.18404518788653615,-1.914833929120563,-1.8956288508008854,1.1205852566125836,-0.5916029087576439
0.9718934711823454,-0.18631371857836537,-1.9152114025305496,-1.8937665132483272,1.1187923764333352,-0.591434409714698
0.9742777292984102,-0.18808659717459314,-1.9153327601721173,-1.8912929734155914,1.117008280401286,-0.590946880437639
0.975820374684008,-0.1897923104149605,-1.915255656566861,-1.889796402036474,1.1153184588104876,-0.5913133283478581
0.9769762009641809,-0.1919267069849379,-1.9151669223903531,-1.8896572866943488,1.1135523476664098,-0.592801240180111
0.9781968198057281,-0.19450725277213404,-1.9151675499019376,-1.890111802969331,1.1116591831038256,-0.5948012995683238
0.9794156121890782,-0.1967902888920523,-1.914884399943817,-1.89050239215254,1.1096004026364628,-0.5968978507929138
0.9802438726769639,-0.1984677506922289,-1.9141706827721743,-1.8908497214377038,1.1074489214604748,-0.599105651317218
0.9807271389635907,-0.19965461700171566,-1.9131515029533224,-1.8908693324094838,1.1052914754923353,-0.6012266742707564
0.9807708148864454,-0.20048446903456013,-1.9117891610981113,-1.891307369672586,1.103123488512161,-0.6038527189933796
0.9806441880040057,-0.2016294403374913,-1.9105270165938757,-1.8927848965953766,1.101027587624107,-0.6071793772723914
0.9807658658679527,-0.2030478983445425,-1.9092337442629903,-1.8945365270244656,1.0986922207853427,-0.6108651531596225
0.9812321510123645,-0.20438399951966293,-1.9079482576697235,-1.895938058485561,1.096312419704954,-0.6142436527049245
0.9821850489085451,-0.20517865735079127,-1.9066408547567026,-1.896085138184779,1.0940246268169784,-0.6165188826041811
0.9837682618779794,-0.20532525312329597,-1.9052731305578274,-1.8943620121692601,1.091799567767965,-0.6173332608937129
0.9858601447339446,-0.20530411648164873,-1.9041444405892083,-1.8917564118459775,1.089839624729204,-0.6172067676064861
0.9887126404029083,-0.20580717783211497,-1.9035496527689646,-1.8889006824449064,1.0880590029556674,-0.6165648067449301
0.9924812368446019,-0.2068443060903265,-1.9034659616231702,-1.8854474216525534,1.0863396990875238,-0.6151947853004947
0.9968964727272707,-0.20815822199553413,-1.9038530904494937,-1.8812620138741212,1.0848183238969549,-0.6129153243677272
1.000938917373417,-0.20932340012511025,-1.9041795925346572,-1.87720513934814,1.0833780538490911,-0.6106966619911294
1.001450582374189,-0.20929423725784488,-1.9024215211618065,-1.8768755438506413,1.0811640035161232,-0.6127571116554231
1.002531551243164,-0.20909203341815652,-1.900806357509763,-1.8756092979530012,1.0790791997198075,-0.6139609846834185
1.0040927838940685,-0.20938305689517553,-1.899583194525424,-1.8745199608531473,1.0771034731760767,-0.6150711435693672
1.0061280376328376,-0.20987141228659095,-1.898460690707911,-1.8732963588224663,1.0750415808875144,-0.6160623652649138
1.0086681594850737,-0.21039787792932446,-1.8975115045819022,-1.8715146164839498,1.0730111596728977,-0.616498709024965
1.0115809052974511,-0.2107084928052609,-1.8967647145375501,-1.8687434765109552,1.0711893014223337,-0.6159432936756638
1.0146425098513445,-0.21043316074666363,-1.8958627703925641,-1.8647850993240023,1.0694270189175967,-0.61451095347486
1.0176290837426394,-0.21001170800904556,-1.8949271039702782,-1.8608208548602765,1.0677581343045235,-0.6130320350027088
1.0206039860183678,-0.2100738556769129,-1.8941915158472602,-1.8577027133196244,1.066112098781367,-0.6121096402163849
1.0239962914614391,-0.21037284679095858,-1.893556695081989,-1.8545041443140506,1.064360805977313,-0.6111341132857195
1.0276444542545673,-0.21080020747103279,-1.8930404182747391,-1.851168680506068,1.0626009785742048,-0.6099890324591837
1.0313427653593048,-0.21114069500411065,-1.8926607158583306,-1.8474841095686905,1.0609991931370364,-0.608406423393872
1.0350281919918598,-0.21086029357676678,-1.8920689758848805,-1.8428100161611607,1.0594616023657033,-0.6061136428925931
1.03875970795603,-0.21041789913433467,-1.891418779525504,-1.8378904958144209,1.0579407895092396,-0.6036555445860528
1.042463261769052,-0.21048296951746837,-1.890951496559933,-1.8338475382957238,1.0564107388127448,-0.601804490963456
1.0464358043448831,-0.21086274127736837,-1.8905484706780409,-1.8300450642234614,1.0547331864425629,-0.600194230795888
1.0505829675845897,-0.21139510592594601,-1.890257538910904,-1.8261699857219837,1.0530434792387169,-0.5984891766576769
1.0546075121517862,-0.211873883300113,-1.8900936524113328,-1.8220699366874171,1.051516308085152,-0.596469655209592
1.0586953382638618,-0.21170869479883356,-1.8896961442663223,-1.8168630612590575,1.0500115823861473,-0.5936853841679504
1.0627165277422226,-0.21130100727509957,-1.8891870080597446,-1.8115043773261859,1.0485499874132347,-0.5908002105299126
1.0665391885741806,-0.21141924257194036,-1.8888616424519526,-1.8072825885402934,1.0471122235708887,-0.588689282319194
1.0705555267561169,-0.2118845964698864,-1.8886041749683882,-1.8034652673449525,1.045535001633587,-0.5869315891375619
1.0746067033243245,-0.21252895952586937,-1.888442032007092,-1.7997879868110593,1.0439552205649243,-0.5852507614428908
1.0788358686489528,-0.21303845427858592,-1.8882774381053558,-1.79535643247743,1.042341796281553,-0.5830568383135142
1.0832932005600484,-0.2129576047600782,-1.887869031805824,-1.7897246746642814,1.0406695910394976,-0.5800867493680011
1.0875299366482836,-0.21268821487966286,-1.8873914915088676,-1.7842217722360052,1.0391019980940097,-0.5771622608143719
1.0916677201774139,-0.21279497621742444,-1.8870177812049103,-1.7795081974653126,1.0375133120804532,-0.5748119269052223
1.0957720573680991,-0.2132561418784371,-1.8867464694448666,-1.7754650069200206,1.0358823275786446,-0.5729389313319572
1.09980707239759,-0.21393138876053802,-1.8865638451103148,-1.771784047894874,1.03425899550378,-0.5713056597880954
1.1036289403929682,-0.2145794937659122,-1.886420248569297,-1.7680899811237327,1.0327158453836724,-0.5696195369801639
1.107319695558335,-0.214625977677321,-1.8861008875575243,-1.7635587663086847,1.0312927081213763,-0.5672880303715654
1.1110655560519476,-0.21444205082091075,-1.8856719000161917,-1.7587295188005219,1.0298674236854508,-0.5647729196117517
1.1148191557072937,-0.21464394578638538,-1.8853353824213333,-1.7545925683400991,1.0283719191817227,-0.5627829758965227
1.1188034167120728,-0.21515039662919982,-1.8850577290089434,-1.750743622106817,1.0267322086661537,-0.5610669362188139
1.122760664446876,-0.2158382435922083,-1.8848446905425034,-1.747120445354945,1.0250773597442653,-0.5595204213086522
1.1264640295759736,-0.21642852367211654,-1.8846310403812492,-1.7434054894140045,1.0235012571668585,-0.5578843888157542
1.130304794831897,-0.21643397877813025,-1.8842148734638529,-1.7385835822435964,1.021938437105387,-0.5554808957145332
1.134102040810684,-0.21622429780159264,-1.8837290856898963,-1.7336210684900077,1.0204381305893166,-0.5529447459821082
1.1377449554339674,-0.2163865652421358,-1.8833587043373035,-1.729538895924262,1.0189445069431073,-0.5510126074266968
1.141639204584755,-0.21684668592451,-1.8830416486243484,-1.725704863393081,1.0173025452241808,-0.5493256003660597
1.145547398400711,-0.2175367315558636,-1.882794588274982,-1.7221350247644163,1.015616961758836,-0.5478572346697279
1.149160265987016,-0.2181146346986355,-1.882541910320191,-1.7185315886941224,1.0140285836732783,-0.5463321644481249
1.152802880354492,-0.21811962375145846,-1.8821133264142107,-1.7139794514197606,1.012508112034329,-0.5441109439175745
1.1564769331565832,-0.21792277380182898,-1.8816184381194652,-1.709186289744369,1.0110250702922632,-0.5416995528792468
1.160118335967812,-0.21808568934759065,-1.8812230771480851,-1.7051033099079123,1.009497928267022,-0.5397966882898801
1.1640198895660974,-0.21860588563864075,-1.8809031793429054,-1.7013595252481752,1.0078190609610513,-0.5382036221561003
1.1678827939090264,-0.21926636081921894,-1.8806292293889078,-1.6978018289696026,1.0061271608104967,-0.5367630573648361
1.1715028900011288,-0.21973374849838773,-1.880311894876277,-1.6940418073495942,1.0045179684565442,-0.5351580902299358
1.1752189115172254,-0.2197236704052541,-1.8798376252740348,-1.6893881370586716,1.002933755721381,-0.5329192241765686
1.1788465388416367,-0.2195588246819355,-1.8793366907713782,-1.6847076104526326,1.0014357170534263,-0.5306056585352201
1.1824249472300392,-0.2196605873911664,-1.878914877120232,-1.6806070121410914,0.9999250533374301,-0.528685893275904
1.1863218549906158,-0.22017682014950052,-1.8785853128725334,-1.6768497036164423,0.9982332280882809,-0.5270969675253814
1.1902399653105544,-0.2209379966289456,-1.8783238340025772,-1.673429884180935,0.9964928750506429,-0.5257744556718136
1.1938656632735838,-0.22149290556032927,-1.8780202896709661,-1.669865413486339,0.9948623898915375,-0.5243161121996788
1.1974272081826653,-0.22157889736247988,-1.8775857344584796,-1.6655835038388356,0.9933205130953267,-0.5223114420358599
1.2010239211222256,-0.22141239678622987,-1.8770792530906144,-1.6609417678385503,0.9918252915524639,-0.5200206797113451
1.2047063557297053,-0.22153478390959808,-1.8766510020797704,-1.656752153367573,0.9902654966755443,-0.5180674834579708
1.2086494087378785,-0.22199919165714865,-1.876296262637392,-1.6528476635808045,0.9885566438401736,-0.5163871176553012
1.2126088206811796,-0.22268584695959914,-1.8760053766433362,-1.6492469406058705,0.9868036907216304,-0.5149512674914045
1.2162624455552857,-0.22333095382815216,-1.8757264582294297,-1.6458241334365138,0.9851536895851614,-0.5135979337094079
1.2199362466054315,-0.2234156983138391,-1.8752775344306254,-1.6414260184193212,0.9835661562210123,-0.5115364737159378
1.2235789969917774,-0.22322699753311556,-1.874758082636014,-1.6366864611832441,0.9820531247883602,-0.5091913371321037
1.2271516669702305,-0.22340076546031937,-1.8743610363830048,-1.6327107484820709,0.9805320913888677,-0.5073583264258921
1.2309855453279828,-0.22418248130959753,-1.874120359297876,-1.629461787475248,0.9788289185767614,-0.5061153806710796
1.2348045692805776,-0.22501165474151588,-1.8738936846144174,-1.6262817191168708,0.9771193583392264,-0.5049345531486934
1.238399244017652,-0.2254892690633004,-1.8735758424367028,-1.6227010197843887,0.9755284752177694,-0.5034317744176509
1.2420599644995718,-0.22527993762665582,-1.87304056980074,-1.617870707011787,0.9739955657842919,-0.5010377043293809
1.2458116595005966,-0.22475000476710383,-1.8724054660746057,-1.6124307716985318,0.972480041799305,-0.4982115800467332
1.2494923261228144,-0.2248024826114855,-1.87196024573419,-1.6081060517365064,0.9709283612413339,-0.49615393378316736
1.2533279277330474,-0.22549559503928185,-1.8716967986217412,-1.6047062725882,0.9692373349405102,-0.4947956793949379
1.2572200441443293,-0.2262617961546903,-1.8714446408156018,-1.6013152985162462,0.9675051752844152,-0.4934828589510249
1.2609229267055178,-0.2266894673635086,-1.8711012489361791,-1.5975052261124993,0.9658785766760256,-0.49184449619217346
1.2646971273683125,-0.2263339741560999,-1.8705083896028336,-1.592284069482794,0.9643172421591008,-0.4892066282702696
1.2684954776226842,-0.22576648396324533,-1.8698529543062494,-1.586731091303645,0.9627889058725576,-0.48631554574356384
1.2721624121904942,-0.225869057584222,-1.8694269336928189,-1.5825188649305384,0.9612416486587076,-0.4843320851611141
1.2759978056112289,-0.226768877865913,-1.8692312640301112,-1.5794715884420187,0.9595329705932838,-0.4832237289098914
1.2798614363417473,-0.22797624904087255,-1.8691220722014286,-1.5768902735980987,0.9577693773139445,-0.4824761373596173
1.283501739428693,-0.22866274699835598,-1.8688724360759434,-1.5736359280124452,0.9561501315268782,-0.48120775841639424
1.2872125138152442,-0.22818122905503507,-1.868251551133314,-1.5682990986452692,0.9546412904117537,-0.4784600891949835
1.29084823673325,-0.22743878582331892,-1.8675640954858124,-1.562667582181097,0.9532110250323521,-0.4754609239399133
1.2943956576559157,-0.22769262855465813,-1.8672016495210289,-1.5588815281614319,0.9517097447980097,-0.47374990265638395
1.2981569362657872,-0.22911301386574975,-1.8671793516452873,-1.5568382217919765,0.9499814425643032,-0.4733451806128893
1.3019129209327331,-0.23043302115036038,-1.867118770828875,-1.5545722834777704,0.9482627152269543,-0.47281333423923627
1.3058043416451952,-0.23101063379011097,-1.866801777533758,-1.550832193954045,0.9465680603691486,-0.4712907170386687
1.309793060844056,-0.22950333953585128,-1.865822506009809,-1.5434290095746963,0.9450856095159498,-0.46716266692583713
1.3135185237083449,-0.22773059391971492,-1.8647985308302495,-1.535952288659752,0.9437614253329069,-0.46289686688621584
1.3170413858124816,-0.22811413493680982,-1.8644724370143477,-1.5324407566141984,0.942278907900679,-0.46141244940253406
1.320643345491478,-0.22940878679523333,-1.8644232745011085,-1.5303906258944524,0.9406572777521994,-0.4610004327943672
1.324257285884376,-0.23127861981149878,-1.8645455862725568,-1.5293231017484046,0.9389666009912714,-0.46131039915771943
1.327735180617538,-0.2321509380135225,-1.864368979017591,-1.526735386995492,0.9374548012706209,-0.46049956169274503
1.331229343779963,-0.23136780017191877,-1.8636732384423835,-1.5213095248241206,0.9361327892283411,-0.45765440205008673
1.3347585790054401,-0.2304023289022531,-1.8629180636017875,-1.5155763837972276,0.9348326109458125,-0.454592714927237
1.3383082050983102,-0.23044717460548758,-1.8624758934130603,-1.511566557666968,0.9334129066646091,-0.4527739812611817
1.3420842561899284,-0.2306185586914266,-1.8620451956229642,-1.5074905436612407,0.9318810167224865,-0.45097327178616015
1.3459051149668866,-0.23079177370061515,-1.8616107277954512,-1.503364062752857,0.9303304180737058,-0.44914679622759207
1.3495892204218694,-0.23095828087280795,-1.8611914732756651,-1.4993859199171906,0.928835479491708,-0.44738693298578963
1.353292167741565,-0.2311269768305217,-1.8607708954977125,-1.4953862054766942,0.9273319522151946,-0.44561571801984073
1.3568959788896822,-0.2312653377189438,-1.8603568507868085,-1.4914807669387868,0.9258816215814556,-0.44387416401053265
1.3604629052567014,-0.23139085717748464,-1.8599462765077002,-1.48760875107256,0.9244515975510286,-0.44214099895865827
1.364282765348251,-0.23154399054765257,-1.8595115839759702,-1.4834661580395814,0.922908921806491,-0.4402874590255122
1.3681997642405619,-0.23170321641896263,-1.8590675038013975,-1.4792171717210536,0.9213247673279754,-0.43838308600505943
