1067758.146,-0.6888635007300925,0.031243440249996226,0.3387782588449716,-2.807804293100276,-1.6136537792692147,0.9462732666834917
1067758.15,-0.6888645659945286,0.031243440249996226,0.33877899121427135,-2.807802695203622,-1.6136537792692147,0.9462732666834917
1067758.154,-0.6888635007300925,0.0312422543110733,0.3387782588449716,-2.807802695203622,-1.6136537792692147,0.9462732666834917
1067758.158,-0.6888645659945286,0.031243440249996226,0.33877899121427135,-2.807802695203622,-1.6136537792692147,0.9462732666834917
1067758.162,-0.6888635007300925,0.031243440249996226,0.3387782588449716,-2.807802695203622,-1.6136537792692147,0.9462732666834917
1067758.166,-0.6888635007300925,0.031243440249996226,0.3387782588449716,-2.807799765726423,-1.6136537792692147,0.9462732666834917
1067758.17,-0.6888635007300925,0.031243440249996226,0.33877899121427135,-2.807799765726423,-1.6136537792692147,0.9462732666834917
1067758.174,-0.6888635007300925,0.031243440249996226,0.3387782588449716,-2.807802695203622,-1.6136537792692147,0.9462732666834917
1067758.178,-0.6888590399352666,0.031239491281442343,0.3387804226633573,-2.807799765726423,-1.6136537792692147,0.9462732666834917
1067758.182,-0.6888409304398542,0.03122961469886843,0.33878784622489583,-2.807799765726423,-1.6136537792692147,0.9462732666834917
1067758.186,-0.6887913290645514,0.03120591880695053,0.3388087853289666,-2.807799765726423,-1.6136537792692147,0.9462732666834917
1067758.19,-0.688727280040335,0.03116918590925885,0.33884676866401386,-2.807799765726423,-1.6136537792692147,0.9462732666834917
1067758.194,-0.6886381307228446,0.031120604025310923,0.33890246202031016,-2.8077949720364606,-1.6136537792692147,0.9462755969494454
1067758.198,-0.6885378627078031,0.031055040328224533,0.33897343526336077,-2.8077915099270436,-1.6136537792692147,0.9462779937944266
1067758.202,-0.6884230804648207,0.030977232331907585,0.33906038747295186,-2.807775797276612,-1.6136537792692147,0.9462779937944266
1067758.206,-0.6882918532021071,0.03088876128825731,0.3391590575913393,-2.80776301410338,-1.6136537792692147,0.9462779937944266
1067758.21,-0.6881405856521905,0.030791599600956055,0.3392704775934455,-2.807739311969678,-1.6136557766400323,0.9462803240603803
1067758.214,-0.6879712751858887,0.030684168098701177,0.3393996409063143,-2.807707087720488,-1.6136537792692147,0.9462827209053614
1067758.218,-0.6877807925889209,0.030564492297215744,0.33954441700107374,-2.807671933994099,-1.6136557766400323,0.9462850511713152
1067758.222,-0.6875684054919871,0.03042783468259185,0.3396994795555436,-2.807641840273781,-1.6136557766400323,0.9462885798597596
1067758.226,-0.6873323828403788,0.03027774682981447,0.33986486185923753,-2.807601360225212,-1.6136603040138855,0.9462909767047407
1067758.23,-0.6870753212161589,0.030113835506503896,0.34004049733312824,-2.8075560864866804,-1.6136632334910845,0.9462957038156755
1067758.234,-0.6868022806253985,0.02993728665158306,0.3402274845311654,-2.807512943277021,-1.6136632334910845,0.9463028277715915
1067758.238,-0.6865132610680976,0.02975244038539094,0.3404262562170262,-2.8074642074290725,-1.6136650977038476,0.9463134804159519
1067758.242,-0.6862020706947218,0.02956127743398829,0.34063275107004826,-2.8074106778911623,-1.6136696250777007,0.9463241330603122
1067758.246,-0.685872903983988,0.029354707679560613,0.3408485004078583,-2.8073558167727066,-1.6136744187676628,0.9463419096605884
1067758.25,-0.6855296890985041,0.02913629310006589,0.3410752352851649,-2.807298825125379,-1.6136773482448619,0.9463655452152628
1067758.254,-0.6851714273528612,0.028900892546243503,0.34131372136078153,-2.8072335776786717,-1.613681875618715,0.9463963713048805
1067758.258,-0.6847932584780699,0.028654038319139173,0.34156459113546694,-2.807173123921927,-1.6136864029925682,0.9464365850373407
1067758.263,-0.6843927856291493,0.02840126063920402,0.3418225848660684,-2.807105479630239,-1.6136957240563834,0.9464756669263377
1067758.266,-0.6839750022331431,0.02813742251836663,0.3420880021582084,-2.807037569022442,-1.6136986535335827,0.9465206077697328
1067758.271,-0.6835371119709068,0.02785936561402174,0.3423637391995725,-2.806967794201882,-1.6137059772265803,0.9465679454581089
1067758.275,-0.6830811787922852,0.027570252429963818,0.3426504617804332,-2.8068913614785966,-1.613712501971251,0.9466164815689756
1067758.279,-0.6826121961243223,0.02727560278367097,0.34294254397298757,-2.8068141298069844,-1.6137200919803578,0.9466638858363791
1067758.283,-0.682121708430557,0.0269746406133568,0.34324484604622524,-2.806733436025955,-1.6137218230350663,0.9467182809016439
1067758.287,-0.6816136438735971,0.026661827376191775,0.34355570352446474,-2.8066471496066363,-1.6137319430472086,0.9467750728118898
1067758.291,-0.6810955924625495,0.02633795369812451,0.3438693906113624,-2.806562461083972,-1.6137386009499337,0.9468354599896074
1067758.295,-0.6805659563007599,0.026010526364477676,0.34418770494065415,-2.8064695167619282,-1.6137477888556946,0.9468910534773628
1067758.299,-0.6800244024930923,0.025678361516922942,0.34451524046522025,-2.806377371388211,-1.6137552457067468,0.9469502422325897
1067758.303,-0.6794772560471355,0.02533710863214831,0.3448534286341467,-2.80628922075613,-1.6137580420258915,0.9470177533662233
1067758.307,-0.6789231188033173,0.024990327607517165,0.34520330142235583,-2.806194678537432,-1.6137673630897067,0.9470828010758485
1067758.311,-0.6783530025929586,0.024637623130055193,0.3455599319818311,-2.806102799479824,-1.6137768173115765,0.9471491137869914
1067758.315,-0.6777747637412751,0.02427939051273671,0.3459219221530001,-2.8060061267322545,-1.6137813446854294,0.9472165583415977
1067758.319,-0.6771875367209127,0.02391641413972652,0.3462866753538001,-2.8059123834618838,-1.6137934620683894,0.947284002896204
1067758.323,-0.6765983789087598,0.02354830493983412,0.3466582196153798,-2.8058194391398397,-1.6138001199711145,0.9473562411407723
1067758.327,-0.6760066245145443,0.023173876974136587,0.3470382859924477,-2.8057275600822322,-1.6138074436641123,0.9474284793853408
1067758.331,-0.675400422471415,0.02279431410096225,0.3474307360685845,-2.8056383441857142,-1.6138149005151645,0.9475053781618168
1067758.335,-0.6747896264754053,0.0224096163203111,0.34782641522754304,-2.8055408724898174,-1.6138240884209254,0.947579946672339
1067758.339,-0.674173370999161,0.0220178091479062,0.34822775360381797,-2.8054441997422477,-1.6138334094847406,0.9476533167603707
1067758.343,-0.673545064718984,0.02162323686527574,0.34863015724452895,-2.8053451301496968,-1.6138428637066105,0.9477279518499202
1067758.347,-0.6729082363233189,0.02122432238171169,0.3490403506314284,-2.8052449952927097,-1.6138473910804636,0.9478095777373311
1067758.351,-0.6722619537057839,0.020817505799850675,0.34946053087241563,-2.8051464583323766,-1.6138567121442788,0.9478900717812787
1067758.355,-0.671609612396769,0.02040713556241008,0.349881410193189,-2.805042595049864,-1.6138669653144755,0.9479681689802453
1067758.359,-0.6709462189692302,0.019990446559164356,0.35030791544176526,-2.8049424601928767,-1.6138734900591463,0.9480462661792118
1067758.363,-0.6702733713198217,0.01956625285119057,0.3507398135915488,-2.8048393958586906,-1.6138856074421062,0.948124496536233
1067758.367,-0.6695879402342625,0.019138898720016916,0.35117980109314356,-2.8047320704667604,-1.6138949285059214,0.9482013287336818
1067758.371,-0.6688975157216595,0.01870522582303813,0.35162478202178216,-2.8046226145459583,-1.6139042495697367,0.9482782275101578
1067758.375,-0.6682020977820126,0.01826760187691086,0.35207405729767854,-2.8045131586251557,-1.6139137037916065,0.9483587881331327
1067758.379,-0.6675016864153217,0.01782207791308122,0.35252403165336105,-2.8043999742788275,-1.6139238238037488,0.9484345550661455
1067758.383,-0.6667856955562539,0.017372608101589603,0.3529768023281881,-2.804285192035845,-1.6139330117095096,0.9485149825310658
1067758.387,-0.6660632465315427,0.016913261707524073,0.3534405918320255,-2.80417120874119,-1.6139451290924693,0.9485955431540407
1067758.392,-0.6653352714475695,0.01645154343561269,0.3539058460744623,-2.804050034911591,-1.6139564475271022,0.948672508509544
1067758.396,-0.6645932481888461,0.015986274629013635,0.3543756609802659,-2.8039301926625377,-1.6139639043781544,0.9487528693954371
1067758.4,-0.6638466975562697,0.015515079248691853,0.3548469073351554,-2.803805290407413,-1.6139732254419699,0.9488298347509404
1067758.404,-0.6630931561258318,0.015040329172493197,0.3553259434362334,-2.8036857144744682,-1.613982280189676,0.9489103953739153
1067758.408,-0.6623300273154696,0.01456083950179204,0.35580681046056084,-2.8035597469549076,-1.6139963949434535,0.9489872275713641
1067758.412,-0.6615584429686464,0.01407937534681394,0.3562904738040329,-2.8034420352347262,-1.6140066481136504,0.949067788194339
1067758.416,-0.660778869138553,0.013597120565887225,0.35677839820524904,-2.803318997192364,-1.6140159691774656,0.9491447535498423
1067758.42,-0.6599958331990424,0.01310736212052975,0.35727091655934556,-2.8032047475815998,-1.614027953402371,0.9492275112807166
1067758.424,-0.6592061393568066,0.01261444325197241,0.357769493604922,-2.8030798453264754,-1.6140372744661862,0.9493104021696452
1067758.428,-0.658413049984181,0.012119155626461119,0.3582680706504985,-2.802957606232441,-1.6140484597427645,0.9493861025236308
1067758.432,-0.6576149006054843,0.011624657586601143,0.358769843489383,-2.802836432402842,-1.6140587129129613,0.9494654647241151
1067758.436,-0.6568137551705612,0.01112976527406416,0.3592740797522759,-2.8027187206826607,-1.6140698981895396,0.9495494208774798
1067758.44,-0.656008614994003,0.010625787004901884,0.3597850737864348,-2.8025943510597537,-1.6140820155724995,0.9496335767679264
1067758.444,-0.655201943499818,0.010117070181534408,0.3603003288783379,-2.802470247752956,-1.6140913366363148,0.9497152692343646
1067758.448,-0.654395272005633,0.009610722115120882,0.36081947884333526,-2.8023472097105944,-1.6141005245420756,0.949795696699285
1067758.452,-0.6535851384020309,0.009102005291753406,0.3613414917065044,-2.8022239053521236,-1.6141126419250353,0.9498797194316769
1067758.456,-0.6527689461069489,0.008592893675560272,0.36186453654459594,-2.802097937832563,-1.6141247593079953,0.94996613900905
1067758.46,-0.6519512890732673,0.008077857046090361,0.3623915095452954,-2.801965845042495,-1.614131284052666,0.9500489633189515
1067758.464,-0.6511301033511414,0.007558870927917918,0.3629252070277473,-2.801834018568536,-1.6141480619675335,0.950133119209398
1067758.468,-0.6503058549937618,0.007043044192648041,0.36345930398436266,-2.801701925778468,-1.614155385660531,0.9502206706302343
1067758.472,-0.649479675844592,0.006521688277224347,0.363994033441737,-2.8015677024595282,-1.614166704095164,0.9503070236285801
1067758.476,-0.6486419785237075,0.005997567251575095,0.3645298947425745,-2.8014297507150623,-1.6141786883200693,0.9503969718943975
1067758.48,-0.6477977564581524,0.005465942561495084,0.36507494394917284,-2.801288869493397,-1.6141908057030292,0.9504845898942612
1067758.484,-0.6469559978166056,0.004937081941343331,0.3656181955220354,-2.801147455639514,-1.6142018578215531,0.9505745381600786
1067758.488,-0.6461117757510505,0.004407036942714603,0.36616364420279723,-2.8010103028433746,-1.6142121109917498,0.9506668832708771
1067758.492,-0.645260030255416,0.0038698825523321248,0.3667118892027037,-2.8008771447888705,-1.6142262257455273,0.9507568315366945
1067758.496,-0.6444077521275633,0.0033291729459241208,0.3672636961805681,-2.8007450519988026,-1.614237277864051,0.9508491100684657
1067758.5,-0.6435580040027463,0.0027892537053904086,0.36780841249203017,-2.800615356053716,-1.6142495284050655,0.9509390583342832
1067758.505,-0.6427183093110443,0.0022635532483641983,0.3683428090542682,-2.800489122218046,-1.6142588494688808,0.9510326018675722
1067758.508,-0.6418986549065452,0.0017508864161455383,0.3688644557327875,-2.8003687473367744,-1.614270833693786,0.9511166245999643
1067758.512,-0.6410979755248128,0.0012492788544946503,0.36937262015828826,-2.800251035616593,-1.614282951076746,0.9511995154888929
1067758.516,-0.6402843132327664,0.0007358221765503488,0.36988537853666936,-2.80012027440707,-1.614296932672469,0.9512847366437754
1067758.521,-0.6394130600821469,0.00018642363322911884,0.3704375516991837,-2.7999825889787133,-1.6143062537362842,0.9513793454415006
1067758.525,-0.6385021258312854,-0.00038746292338599867,0.37102271476970133,-2.799843039337593,-1.614320235332007,0.9514740873972801
1067758.529,-0.6375872634178159,-0.000965299082486167,0.37160824402486886,-2.799702158115928,-1.6143294232377678,0.9515698946174957
1067758.533,-0.6366799244344259,-0.0015360258823418755,0.3721795586577181,-2.7995636737392435,-1.6143416737787821,0.9516634381507848
1067758.537,-0.635782638884151,-0.002099643225425252,0.3727433831500015,-2.7994310483169578,-1.6143555222164507,0.9517498577281578
1067758.541,-0.634892210973683,-0.0026573362054176657,0.3733101038299704,-2.7992885691986387,-1.614364843280266,0.9518434012614468
1067758.545,-0.6339993862182339,-0.003217398722587004,0.37388744386478595,-2.799142361654793,-1.6143788248759887,0.9519286224163294
1067758.549,-0.6330995706649234,-0.003781015935633218,0.3744782994421336,-2.7989942898981846,-1.6143909422589486,0.9520197025256101
1067758.553,-0.6321847082514539,-0.004351743060581833,0.3750755133165839,-2.7988510118315384,-1.614404790696617,0.9521049236804926
1067758.557,-0.6312587937194606,-0.004922865238430431,0.37566919850258984,-2.79870294007493,-1.6144170412376315,0.9521925416803563
1067758.561,-0.6303358752436936,-0.005494776481781695,0.3762543615731075,-2.7985540693699944,-1.6144328870461175,0.9522813581027104
1067758.565,-0.6294184828271886,-0.006063133549404735,0.3768402237234113,-2.7984097260389125,-1.6144448712710229,0.9523713063685278
1067758.569,-0.6284996256720841,-0.006634255207104683,0.37742678495350124,-2.79826538270783,-1.614452328122075,0.9524612546343453
1067758.573,-0.6275777058817259,-0.0072061669706045975,0.37801481092219075,-2.7981245014861647,-1.6144635133986533,0.9525500044776721
1067758.577,-0.6266583826734305,-0.007782818328607013,0.37860526702537495,-2.7979804244711914,-1.6144773618363217,0.9526388209000263
1067758.581,-0.6257363963040451,-0.00835907489378377,0.3791961226027226,-2.7978371464045453,-1.614489612377336,0.952729901009307
1067758.585,-0.6248210678373848,-0.00893927990736576,0.3797873110752066,-2.797694400970117,-1.6145015966022416,0.9528198492751244
1067758.589,-0.6239006793646534,-0.009522645344147616,0.38038132915634876,-2.797555383961215,-1.614515711356019,0.952907467274988
1067758.593,-0.6229757635180689,-0.01010956651710365,0.380982105008757,-2.7974150353717677,-1.6145250324198341,0.9529997458067593
1067758.597,-0.6220488503006668,-0.010700436658613565,0.3815857104698235,-2.7972696267762496,-1.6145370166447395,0.9530850335406691
1067758.601,-0.6211164776030301,-0.011294466183026049,0.3821936102781477,-2.797123685548513,-1.6145463377085547,0.9531689896940339
1067758.605,-0.620181108849167,-0.011887707162084517,0.38279791481900033,-2.7969673579925254,-1.6145528624532255,0.9532518805829625
1067758.609,-0.6192436095664319,-0.012483315857799632,0.38340824476181923,-2.7968118293848647,-1.6145603193042777,0.9533299777819291
1067758.613,-0.6183041794919064,-0.013087220924488725,0.3840182750990155,-2.796651773403351,-1.6145603193042777,0.9534081415599229
1067758.617,-0.6173582912517376,-0.013698233302336969,0.38462897122648426,-2.79648559215133,-1.6145621835170407,0.9534862387588895
1067758.621,-0.6164147998565497,-0.014308062862154186,0.3852425302521249,-2.7963172803704373,-1.6145621835170407,0.9535584770034579
1067758.625,-0.615467380298754,-0.014917100755725488,0.3858606499411323,-2.796140712790165,-1.6145603193042777,0.9536259215580641
1067758.629,-0.6145229567971847,-0.01553482721235317,0.38648592687556926,-2.795970803112618,-1.6145603193042777,0.9536910358467166
1067758.633,-0.6135764693457705,-0.016160454726980526,0.38711296815422847,-2.795803290280052,-1.6145573898270786,0.9537514230244342
1067758.637,-0.6126350419004275,-0.016788848392130736,0.3877460348348539,-2.795636842711922,-1.6145482019213178,0.9538070830912168
1067758.642,-0.6116956784049293,-0.0174196108142349,0.38838692455118146,-2.795464003557176,-1.6145388808575025,0.9538566844665195
1067758.646,-0.6107537183273682,-0.0180570852345239,0.3890309767713035,-2.7952903654541026,-1.614522102942635,0.9538981632004975
1067758.65,-0.6098178169412872,-0.018696535179387144,0.3896807214982556,-2.795110335764413,-1.6144942729092437,0.953938443511985
1067758.654,-0.6088833137147783,-0.019340333566967786,0.39033542636273794,-2.7949252460686527,-1.6144615160278357,0.9539773922429273
1067758.658,-0.6079434175870622,-0.019990843952733265,0.39098943214743415,-2.7947433521662,-1.614423565982302,0.9540023593781468
1067758.662,-0.6070039875125367,-0.020650436133934837,0.3916483980696606,-2.7945532024643684,-1.614383618565951,0.9540235980878402
1067758.666,-0.6060635587526024,-0.02131003247632561,0.3923137555785033,-2.7943508022215227,-1.61433421692773,0.9540390444221627
1067758.67,-0.6051256599957038,-0.021979894472480797,0.39298160980086794,-2.794140146179297,-1.6142773584384569,0.9540437715330976
1067758.674,-0.6041917559804403,-0.022658051799312663,0.39365365850194944,-2.7939215006538016,-1.614216904681712,0.9540461017990514
1067758.678,-0.603259782756967,-0.023343318517898278,0.3943346620821963,-2.793698061438344,-1.6141452656483888,0.9540437715330976
1067758.682,-0.6023299400623658,-0.024030561801355436,0.395022356854682,-2.7934756874873226,-1.6140698981895396,0.9540437715330976
1067758.686,-0.6014044915835633,-0.02472886344512023,0.3957139797897756,-2.7932493187946656,-1.6139898701987827,0.9540390444221627
1067758.69,-0.6004781109983793,-0.025438616681572362,0.3964144910250073,-2.793022417469791,-1.6138994558797746,0.9540307886227835
1067758.694,-0.5995542604162308,-0.026154295451449924,0.3971206614775555,-2.7927915214032812,-1.6138027831322046,0.954015342288461
1067758.698,-0.5986318079936546,-0.026877087774270437,0.3978338893069923,-2.792553434801828,-1.6137005177463457,0.9539952354222309
1067758.702,-0.5977108868887052,-0.027607378560035204,0.3985538749076952,-2.792314549252048,-1.6135895970869438,0.9539739301335103
1067758.706,-0.5968005518490889,-0.02834794124134819,0.39927712288073347,-2.7920644784256896,-1.6134686895734542,0.953940840356966
1067758.71,-0.5958886854918457,-0.029096799253337854,0.4000077611257967,-2.791808814961042,-1.6133357978350593,0.9538957663555164
1067758.714,-0.594979815190829,-0.029857899483963477,0.40074409187769,-2.791538770426508,-1.6132034387288823,0.9538271233784197
1067758.718,-0.5940704122575942,-0.030626502338722557,0.40148501658246366,-2.7912562090348505,-1.6130638890877622,0.9537383735350927
1067758.722,-0.5931630732742041,-0.031403009372373204,0.40223409721807574,-2.790968587637122,-1.6129086267962105,0.9536329789349529
1067758.726,-0.5922577316616318,-0.032191363311685504,0.4029889036500314,-2.7906870915099007,-1.6127363202736824,0.9535241222253958
1067758.73,-0.5913528561022501,-0.03298761310751097,0.4037483040348675,-2.7904031985376982,-1.6125622826964459,0.9534081415599229
1067758.734,-0.5904485131750864,-0.03379018583033077,0.4045172585101143,-2.7901166424044055,-1.6123726656268322,0.953275516137637
1067758.738,-0.5895476323573399,-0.034601447116206954,0.40529087351726867,-2.7898212978395156,-1.6121753253900573,0.9531335030725085
1067758.742,-0.588644820747803,-0.03542771989213386,0.40607261116574783,-2.789523290113536,-1.6119622725028508,0.9529784405180386
1067758.746,-0.5877460038799012,-0.03626425624123058,0.4068650014585873,-2.7892124992143237,-1.61174908645759,0.9528127918982358
1067758.75,-0.5868505825423893,-0.03711067125349581,0.40766628005156486,-2.788883598819699,-1.61152764461295,0.9526411511659801
1067758.754,-0.5859582904191583,-0.037963802425135085,0.4084725187820727,-2.7885357899813346,-1.6113004769719663,0.9524589243683914
1067758.758,-0.585066996981336,-0.0388240325855551,0.4092872463385552,-2.788191443252387,-1.6110661187960393,0.9522612512364803
1067758.762,-0.5841811630237485,-0.039696912761152996,0.41011049601052596,-2.7878537544261652,-1.6108223063982425,0.9520481317702467
1067758.766,-0.5832968603837876,-0.04057808202564376,0.41093947147884036,-2.7875181961288154,-1.610569306094685,0.9518220959727263
1067758.771,-0.5824165524854619,-0.041471102356985375,0.41177660287799317,-2.787176512560958,-1.6103085826239663,0.9515864727952815
1067758.775,-0.5815402393287713,-0.042379523249568216,0.41262398744734274,-2.7868196489748875,-1.6100349428219605,0.951335603020596
1067758.779,-0.5806689195991247,-0.04329308321081707,0.41347919505239444,-2.786444409577295,-1.6097427940503788,0.9510669566456342
1067758.783,-0.5797946703922788,-0.04422006716843561,0.41433866371519024,-2.7860521259487268,-1.6094338673639297,0.9507852607813311
1067758.787,-0.5789278780364854,-0.045153771446617384,0.4152066212039607,-2.7856558475785227,-1.6091129564525752,0.9504869867392423
1067758.791,-0.5780670777931445,-0.04610089972116885,0.416082068833297,-2.7852694229043524,-1.6087947087023107,0.9501792584752836
1067758.795,-0.5772088075528392,-0.04705908843662254,0.4169621104155137,-2.7848888571845802,-1.6084755288456647,0.9498632078329184
1067758.799,-0.5763510699447519,-0.048033077187480976,0.417855268066099,-2.784495508291575,-1.6081395710741513,0.9495494208774798
1067758.803,-0.575496328392891,-0.04902009878292399,0.4187566149370363,-2.784082718322613,-1.607797088557967,0.9492157933719202
1067758.807,-0.5746465802680739,-0.050014231850715345,0.4196671497137344,-2.783645160955513,-1.6074396923396783,0.9488689166399373
1067758.811,-0.5737988295140745,-0.05102020766297915,0.42058414265607597,-2.7831990814729246,-1.6070619229390506,0.9485115204216488
1067758.815,-0.5729581361369638,-0.0520372480773344,0.42151172166375056,-2.7827633883185876,-1.6066591198241762,0.9481434049799725
1067758.819,-0.5721213709224608,-0.053067716649248524,0.42245175094952125,-2.782336749911957,-1.6062560503931926,0.9477563145155296
1067758.823,-0.5712876683432115,-0.05410924566206489,0.42339953669196684,-2.781901855705947,-1.6058569757038443,0.9473467869189026
1067758.827,-0.5704614891940417,-0.05516024970269705,0.4243584078424499,-2.7814395309407094,-1.6054559036436784,0.9469242098329342
1067758.831,-0.5696387721542889,-0.05622744909170826,0.42531934294277773,-2.780950574564571,-1.6050408499877895,0.9464969722150582
1067758.835,-0.5688191177497898,-0.057306894860544626,0.4262902316076797,-2.780457889762906,-1.604602626830417,0.946064874328193
1067758.839,-0.5680009280838902,-0.058400555251699286,0.42726574751497576,-2.7799899723593793,-1.6041327120560724,0.945630512754401
1067758.843,-0.5671903284270974,-0.05950607087089401,0.42825224896176833,-2.779520190743089,-1.6036581367498204,0.9451737140484252
1067758.847,-0.5663835903538851,-0.060619480266007296,0.42924194620186906,-2.7790365606891307,-1.6031936814557106,0.944700204006609
1067758.851,-0.5655804475481445,-0.06175066210020765,0.4302468567496968,-2.778504194787224,-1.6027265630005105,0.9442101823660345
1067758.855,-0.5647773047424038,-0.06289606687910472,0.4312613879669625,-2.777966236247028,-1.6022380060985355,0.9436916649017961
1067758.859,-0.5639826840521515,-0.06405292325068912,0.4322883694623243,-2.7774509145760975,-1.6017132302057355,0.9431649582172057
1067758.863,-0.5631885294150898,-0.0652180770335448,0.4333245388634469,-2.7769478434461816,-1.6011734074527764,0.9426454420675584
1067758.867,-0.5623999008372901,-0.06639310115719059,0.4343677989309718,-2.7764218691308913,-1.600653292091884,0.9421233959148757
1067758.871,-0.561618329636379,-0.06758195291255878,0.4354210125630709,-2.7758436968582347,-1.6001258530379938,0.9415801110524995
1067758.875,-0.5608372244886588,-0.06878936357177345,0.4364873755530522,-2.775264459321143,-1.5995877613397433,0.9410072651020235
1067758.879,-0.560064175403236,-0.0700054586328553,0.4375615615787357,-2.7747182449815675,-1.5990062601157244,0.9404071883294014
1067758.883,-0.5592925910564128,-0.07123499849625287,0.43864317116595775,-2.774177090648063,-1.5984078478187835,0.9397999876008633
1067758.887,-0.5585260001366336,-0.07247914413375382,0.43972900852141034,-2.773595722582099,-1.597834602394144,0.939211761895092
1067758.892,-0.5577599418490723,-0.07373671376762445,0.4408216369376426,-2.7729698797259306,-1.5972531011701252,0.9386080898549983
1067758.895,-0.5570058344969027,-0.07501443187961722,0.4419284133971659,-2.772360282152411,-1.5966313862136463,0.9379807822602302
1067758.9,-0.5562528589881964,-0.0763028109583487,0.44304587579056315,-2.7717765172414657,-1.5959735854243966,0.9373237804193076
1067758.904,-0.5555017809817668,-0.07759988692251499,0.4441703955608491,-2.771177305996198,-1.5953446799329745,0.9366456064477189
1067758.908,-0.5547552303491904,-0.07890643375330786,0.4453098290332395,-2.7705261631096736,-1.594722831818441,0.9359756216964823
1067758.912,-0.554016236436207,-0.08022681237701233,0.4464599151499902,-2.769876351803694,-1.5940632999744828,0.935310497214235
1067758.916,-0.5532817366075632,-0.08156376085612414,0.44762348351975945,-2.769255835269706,-1.5933541001761948,0.9346251327077031
1067758.92,-0.55255073217785,-0.08291495724706788,0.4487934767656585,-2.7686294597813195,-1.5926711325146439,0.9339007528912016
1067758.924,-0.5518237557792857,-0.08428272349341895,0.44997159265288234,-2.767956745289965,-1.5919973527588538,0.9331502740960171
1067758.928,-0.551102771493174,-0.0856587788286629,0.45115396959785026,-2.767274709734796,-1.5912920145441465,0.9324270927020062
1067758.932,-0.5503852493164794,-0.08705538211619247,0.45234769826696464,-2.766611582623366,-1.5905363425848364,0.9317039113079951
1067758.936,-0.54966832635103,-0.08846818075210111,0.4535521461594666,-2.765932476545396,-1.5898089001330813,0.930950036982421
1067758.94,-0.5489598589220417,-0.0898936127584308,0.4547685449873603,-2.7652227441148898,-1.5890866508454518,0.9301403694320096
1067758.944,-0.5482574168950197,-0.09132615207591964,0.4559956630386416,-2.7645138106327107,-1.588315133077656,0.9293355621505877
1067758.948,-0.5475564728961109,-0.0927681872271703,0.45723230189081987,-2.7638179266398732,-1.5875205789664306,0.9285531920013497
1067758.952,-0.5468585582429419,-0.09422798233394042,0.4584746665393418,-2.7630980741972246,-1.5867491943566892,0.9277601026287241
1067758.956,-0.5461666024127121,-0.09570120143708022,0.4597297810715825,-2.7623515901436755,-1.5859499797135566,0.9269102213458525
1067758.96,-0.5454812046166666,-0.09718943411086535,0.46099771206656925,-2.761622416637212,-1.585130791362248,0.9260426300417319
1067758.964,-0.5447998015622562,-0.09869860588872122,0.46227519715196663,-2.760884987331369,-1.584318527229774,0.9252069966706924
1067758.968,-0.5441219271962902,-0.10022041935937656,0.46355694329510816,-2.760121991679061,-1.583493080449904,0.9243535866993764
1067758.972,-0.5434495123105587,-0.10175881100781764,0.4648518055066183,-2.7593627244522794,-1.5826360752111164,0.9234386577068797
1067758.976,-0.5427836887485253,-0.10330906204548798,0.4661594841808745,-2.7585960003744456,-1.5817781378659472,0.9225249271368735
1067758.98,-0.5421192633460642,-0.10486877562740651,0.4674773827358138,-2.7578018457373843,-1.5809006262867662,0.921642022656485
1067758.984,-0.5414584332110747,-0.10643086940954931,0.46880633340927697,-2.7570010331975974,-1.5800036736316276,0.9207140441746469
1067758.988,-0.5408050932166509,-0.10800876738828603,0.4701438061982284,-2.7562047480316636,-1.5791224336269203,0.9197505790712835
1067758.992,-0.5401603086272291,-0.10960916907823394,0.4714901339978043,-2.7553959460086066,-1.5782114993760588,0.9188000968782342
1067758.996,-0.5395139594306669,-0.1112273390460797,0.47284744733687684,-2.754575692392862,-1.577280724575076,0.9178496146851849
1067759.0,-0.5388721376079578,-0.11285934912921548,0.4742090550232071,-2.7537490471905013,-1.5763475529291122,0.9168589187596754
1067759.004,-0.5382343438163975,-0.11450675561240328,0.4755763219268538,-2.7529114830276717,-1.5753892144108472,0.9158646275666944
1067759.008,-0.5376085009602288,-0.11616639599184864,0.47696096595661325,-2.7520688588587707,-1.5744324737892363,0.9148704029527406
1067759.012,-0.5369822586298967,-0.1178311879235276,0.47836155566339955,-2.7512185115227084,-1.573462683678284,0.9138454188281963
1067759.016,-0.5363599777516861,-0.11951097678109508,0.4797781909157536,-2.7503449946851624,-1.5724670609047577,0.9128179712796437
1067759.02,-0.5357412255619197,-0.12120341565384044,0.4812035813101912,-2.74947041258318,-1.5714723702376132,0.9117906568891456
1067759.024,-0.5351284654846061,-0.12291006082652568,0.48263263355112773,-2.748595564165089,-1.5704497163790228,0.9107323832509754
1067759.029,-0.5345201994916321,-0.12463843572923029,0.484068743168953,-2.747694616768315,-1.569433587265103,0.9096506072161852
1067759.033,-0.5339174928474335,-0.12638892319136097,0.48551197674269414,-2.7467963325326314,-1.5684053407682235,0.9085830125141997
1067759.037,-0.5333167502845388,-0.12815641327257613,0.4869597709798021,-2.7458916567103318,-1.5673472668671349,0.9074845251435693
1067759.041,-0.532720035752793,-0.1299349388275583,0.4884235441834505,-2.744963811386548,-1.5662939866560086,0.9063837740860123
1067759.045,-0.5321307780720993,-0.1317146544826526,0.48990079964011746,-2.7440418250171628,-1.565207017457093,0.9052806927625014
1067759.049,-0.5315445830266593,-0.1334999045193872,0.49138834155649486,-2.7431078544228717,-1.5641322987991912,0.9041348677034948
1067759.053,-0.5309628820655587,-0.13530609366019258,0.4928922286240626,-2.7421491164304435,-1.5630445306519485,0.9029904408040605
1067759.057,-0.530383245054303,-0.13713596828994282,0.4944095979446489,-2.7411983679212852,-1.5619278672068782,0.9018528715444333
1067759.061,-0.5298135283181078,-0.13898283721639915,0.49592913108362086,-2.740226047807297,-1.5608065432299003,0.900677551976354
1067759.065,-0.5292443775036442,-0.14085142755049643,0.49744933001286534,-2.739251330848328,-1.5596581881678582,0.8994963068748494
1067759.069,-0.5286797207735202,-0.14272554394385564,0.4989716927604955,-2.738281407579321,-1.5585295404978825,0.8983185238827618
1067759.073,-0.5281185594423269,-0.1445988613888878,0.5005128307938107,-2.73728591796385,-1.5573737285847882,0.8971160400715638
1067759.077,-0.5275649548307266,-0.1464820658194669,0.5020759066166055,-2.736284835710089,-1.5562077966595516,0.8959170183697829
1067759.081,-0.5270163436461703,-0.14837790362046707,0.503655027984968,-2.7352632471159346,-1.5550111052237243,0.8946943611133275
1067759.085,-0.5264686978575092,-0.1502958623032717,0.5052391427803744,-2.734242723786216,-1.5538218706389495,0.8934609846334846
1067759.089,-0.5259250468104831,-0.15223988667524546,0.5068306478478057,-2.733226195198133,-1.5526382286924638,0.892240657642983
1067759.093,-0.5253874877444505,-0.15419932409202808,0.5084218533096144,-2.732184366579694,-1.5514238272353877,0.8909871742969099
1067759.097,-0.5248533574983215,-0.15616665112354006,0.5100154889059179,-2.731142005329037,-1.55019371312788,0.8897159809295878
1067759.101,-0.5243253192331861,-0.15812687084389287,0.5116233391245395,-2.7300791377379863,-1.5489542779565573,0.8884483162507102
1067759.105,-0.5238016751838492,-0.16010052288299378,0.5132535598963179,-2.7290191996241346,-1.5477230985846135,0.8871628749715561
1067759.109,-0.5232781310030533,-0.16209037027047374,0.5148937009431569,-2.727950739394795,-1.54647713866862,0.8858810289598738
1067759.113,-0.522763075648232,-0.16409679583573944,0.5165484560864776,-2.726858843347862,-1.5452060118803252,0.8845743489710264
1067759.117,-0.5222470216080018,-0.16613166729039855,0.5182116667662593,-2.7257637515076216,-1.543923699815452,0.8832580816022547
1067759.121,-0.5217379916551469,-0.16818153567094615,0.5198723807325191,-2.724657740706912,-1.5426395235378159,0.8819383521240659
1067759.125,-0.5212349205252309,-0.17022627746639538,0.5215313636440704,-2.723561050970017,-1.541349887779945,0.8806043747340453
1067759.129,-0.5207354446627865,-0.1722820713803684,0.5231945077448248,-2.722444121208838,-1.540039612523626,0.8792633399671359
1067759.134,-0.5202359022213149,-0.17434182674646295,0.5248861476692431,-2.7213168051194074,-1.5387200162034917,0.8779175115102643
1067759.137,-0.5197433838672184,-0.17642568372042272,0.5266018559120131,-2.7201687163734745,-1.5373921640839783,0.8765634938330408
1067759.141,-0.5192573569682789,-0.17853755382009873,0.5283218585020407,-2.719022225524195,-1.5360727009218984,0.8752059474673729
1067759.145,-0.5187718959910711,-0.18066483696458357,0.5300471874142486,-2.717872538881608,-1.5347196819300837,0.8738340200318185
1067759.15,-0.5182914284409073,-0.1828032055171059,0.5317696534282846,-2.716717525916841,-1.5333601381935982,0.872462292333346
1067759.154,-0.5178149556323784,-0.18492850793553,0.533491020888371,-2.715554789784912,-1.5319923386577334,0.8710726548765426
1067759.158,-0.5173399475624492,-0.18707200307315072,0.5352305311333835,-2.7143595630876844,-1.5306318628148665,0.8696878111097015
1067759.162,-0.5168695001558866,-0.18922811493643568,0.5369842560007142,-2.7131744564025992,-1.5292396953550276,0.8682804636316491
1067759.166,-0.5164070089430808,-0.19140518254854821,0.5387557241788077,-2.7119701749576652,-1.527852321585151,0.8668896943313824
1067759.17,-0.5159440849665977,-0.19360275650105435,0.5405367797368255,-2.7107688229899307,-1.5264407130493545,0.8654694305220432
1067759.174,-0.5154846230995318,-0.19580154552080783,0.542317402531166,-2.7095403067790773,-1.5250328329390839,0.8640383809102891
1067759.178,-0.5150306872917279,-0.19800586059982322,0.5440998229592424,-2.7083229758448017,-1.5236016501692753,0.8626358271221989
1067759.182,-0.5145757860880287,-0.2002081949527779,0.5458741207459942,-2.7070901985762044,-1.5221825847824266,0.8612023806654637
1067759.186,-0.5141253456791554,-0.202432650187537,0.5476690580311939,-2.7058574213076065,-1.5207504699062366,0.8597749263211812
1067759.19,-0.513683993307502,-0.20468080755599782,0.5494929571932483,-2.704596148215345,-1.5192959844768898,0.8583250348447149
1067759.194,-0.513239045668377,-0.20694870560603887,0.5513300390026986,-2.7033348751230837,-1.5178424311539245,0.8568892581220259
1067759.198,-0.5127990914562959,-0.20921304167812194,0.5531710489747568,-2.7020634820186795,-1.5163834183507245,0.8554582085102719
1067759.202,-0.5123667938323488,-0.21147461472057402,0.5550049682804126,-2.700798214184783,-1.5149104239518019,0.8540058536097971
1067759.206,-0.5119318330473116,-0.21375081850426475,0.5568324294204249,-2.699516701068237,-1.51342238269272,0.8525654829342277
1067759.21,-0.5114969721308152,-0.21603885671004952,0.5586702768886886,-2.6982261332039843,-1.5119299472178396,0.8510977482784579
1067759.214,-0.5110720980684068,-0.21835730488653163,0.5605322259648176,-2.6969142600510114,-1.5104325848949425,0.8496478568019914
1067759.218,-0.5106472572955119,-0.22067929839621492,0.5624104869026232,-2.6956021205819294,-1.5089185778152325,0.8481872461021375
1067759.222,-0.5102238146821892,-0.2229965814397201,0.564296204691481,-2.6942849211067763,-1.5074166881184823,0.8467478741119769
1067759.226,-0.509804000625852,-0.22531622803869275,0.5661773285274585,-2.692966390051078,-1.5058972215585376,0.8452755455033266
1067759.23,-0.5093891799965584,-0.22765323511902133,0.5680505960382202,-2.6916300158160764,-1.5043532539165643,0.8438125379584915
1067759.234,-0.5089722288383929,-0.23001316202948144,0.5699245293392544,-2.6902848531494774,-1.5028244662928043,0.8423460017252122
1067759.238,-0.5085584734735354,-0.2323904660660543,0.5718280237283886,-2.688939956798987,-1.5012843602344115,0.8408819289159412
1067759.242,-0.5081510764057806,-0.23476815293203385,0.5737541549867884,-2.6875790814819567,-1.4997397268021655,0.8394189213711061
1067759.246,-0.5077447446024618,-0.2371359861019801,0.5756842809868233,-2.686215809319945,-1.4981680622848552,0.8379500548718729
1067759.25,-0.5073399108272562,-0.23951803389424467,0.5776110780354957,-2.6848378897719383,-1.4966149067371208,0.8364954362844716
1067759.254,-0.5069375737655724,-0.24191273170168712,0.5795258908592626,-2.6834639649655663,-1.4950516311772444,0.8350324953186639
1067759.258,-0.5065357693361067,-0.24433505980543913,0.5814456971100735,-2.682064207496621,-1.4934631887450667,0.8335871977950778
1067759.262,-0.5061359622774585,-0.24675777073859784,0.5833811494322886,-2.680673504775381,-1.4918868636958487,0.8321301157836682
1067759.266,-0.50573761995741,-0.2491737904795177,0.5853341786176982,-2.679263627294293,-1.4903096065402492,0.8306848848391095
1067759.271,-0.5053453030393277,-0.2515909753534145,0.5872997912392585,-2.6778582771870587,-1.4887081146187302,0.829229134408245
1067759.274,-0.5049540513856814,-0.25402162583557303,0.5892596114854477,-2.676434284952193,-1.4871028942716848,0.8277968863740003
1067759.279,-0.504566727894643,-0.25647947385036396,0.5912095780356038,-2.6750044337629295,-1.4855089923592726,0.8263493251634877
1067759.283,-0.504177407032787,-0.25894960569568287,0.5931574140568877,-2.673567658354832,-1.4838989783222651,0.8249159452857798
1067759.287,-0.5037900835417486,-0.26140826930355765,0.5951307498456092,-2.672132480843388,-1.482280841643933,0.8234836972515353
1067759.291,-0.5034033259724419,-0.26386142349692737,0.597125058027915,-2.670690911745328,-1.4806597754884017,0.8220551110637895
1067759.295,-0.503018099720762,-0.2663255965193072,0.599122562003529,-2.669235760525709,-1.4790315187979273,0.8206525572756992
1067759.299,-0.5026387657129937,-0.2688079789056405,0.6011175359761073,-2.6677766145644544,-1.477404860004107,0.8192274997763979
1067759.303,-0.5022574676239216,-0.27131086763236745,0.6030994604593443,-2.6662974948950247,-1.4757698122528526,0.8178306717846513
1067759.307,-0.5018761695348496,-0.2737987594332058,0.6050848470519984,-2.6648218373350114,-1.4741403571398877,0.8164340435299865
1067759.311,-0.5014984001342218,-0.27628075899013244,0.6070773576005684,-2.6633483103038706,-1.4724905288445838,0.8150623158315139
1067759.315,-0.5011161699387682,-0.2787618930197048,0.6090915063329954,-2.6618670601055685,-1.470841632655661,0.8136856612850247
1067759.319,-0.50073986527674,-0.2812786468288569,0.6111163742888098,-2.660372494101816,-1.469198195946973,0.8123067430516089
1067759.323,-0.5003650919323386,-0.28381157934163126,0.6131336522355176,-2.658856356493234,-1.4675373155331453,0.8109515269518949
1067759.327,-0.4999878218744152,-0.2863413493506111,0.6151361496381754,-2.6573468767873774,-1.4658846909186967,0.8095951124296903
1067759.331,-0.4996035610186304,-0.28884898183302976,0.6171414433599778,-2.6558419244553733,-1.4642199489212882,0.8082741845290109
1067759.335,-0.4992227289827491,-0.2913676997234858,0.6191669771060648,-2.6543287163239904,-1.462550546391972,0.806940140559963
1067759.339,-0.4988454922143394,-0.29390416092470456,0.6212074245542563,-2.652808317657664,-1.4608952586164332,0.8056204110817742
1067759.343,-0.4984732155834599,-0.29646828571174644,0.62324927016202,-2.6512636842254182,-1.4592201302907732,0.8043231853147966
1067759.347,-0.4980984422390585,-0.29902568601703594,0.6252815283898595,-2.649722779218698,-1.4575395424848787,0.8030247611253285
1067759.351,-0.4977126500656469,-0.3015637451149087,0.6273031339733387,-2.6481802763153244,-1.455869207849181,0.8017606917139224
1067759.355,-0.4973303865806797,-0.3040903526200941,0.6293294000887255,-2.6466364418314057,-1.4541924816268672,0.8005012162553967
1067759.359,-0.49695005388750274,-0.30664219357660805,0.6313676504290177,-2.6450931399797044,-1.4525044369699205,0.7992619808211555
1067759.363,-0.49657434843671977,-0.3092233293051128,0.6334230115793135,-2.643525603362084,-1.4508173244193554,0.7980440506756351
1067759.367,-0.4961985764069096,-0.311808792670389,0.6354797708891817,-2.641948745680648,-1.4491274155496454,0.7968213268401524
1067759.371,-0.4958197750313595,-0.3143666257393556,0.6375237470258175,-2.6403769480052834,-1.4474339114124641,0.7956424120046016
1067759.375,-0.49543295088302547,-0.3169160698508885,0.6395464178737327,-2.6388086124393357,-1.445748663074662,0.7944647621705686
1067759.379,-0.4950436633106831,-0.31947466857866846,0.6415861329526243,-2.6372384126606248,-1.4440540936730446,0.7933059542012478
1067759.383,-0.4946609337725251,-0.3220617298405987,0.64364222647222,-2.6356461086448664,-1.4423475400465218,0.7921803691665258
1067759.387,-0.4942806010793482,-0.32465308544978666,0.6457074413185493,-2.634046347778056,-1.4406577643348666,0.7910583128202482
1067759.391,-0.4938993362797897,-0.32722433419274455,0.6477663311572895,-2.6324495163884443,-1.4389639938815761,0.7899634207170894
1067759.395,-0.49350901673252495,-0.32977461054211804,0.6498071115006172,-2.630855348159923,-1.437248119191238,0.7888969578585672
1067759.4,-0.4931157344185475,-0.33234625875923945,0.6518464936843726,-2.6292585167703115,-1.4355508866285305,0.787832891845026
1067759.404,-0.49272391684316963,-0.3349396450287586,0.653891135611281,-2.6276505001041217,-1.43385178985306,0.7867924613861593
1067759.408,-0.4923336305854185,-0.3375376918301854,0.6559560841415012,-2.6260307655291353,-1.4321347167402314,0.7858017654606498
1067759.412,-0.4919408476141454,-0.3401133014994283,0.6580305534726184,-2.624406237264187,-1.43043854944196,0.7848134663801214
1067759.416,-0.49154650003573197,-0.34268531590119955,0.6600876456776229,-2.622796622701343,-1.4287307973929466,0.783842877320842
1067759.42,-0.49115072100823254,-0.34525533293215327,0.6621167081121543,-2.6211691649591957,-1.4270149227026085,0.7829243530608737
1067759.424,-0.49075287803088835,-0.34784628906717774,0.6641486334448574,-2.6195483651197735,-1.4253093011824673,0.7820236054011817
1067759.428,-0.49035456900035335,-0.3504396753366969,0.666207589862625,-2.617907591572176,-1.4236074080878522,0.7811193290530453
1067759.432,-0.4899572253657135,-0.3530120892126317,0.6682692094414826,-2.616263355915161,-1.4218932644522226,0.7802695809282282
1067759.436,-0.4895524248800215,-0.35556948951792117,0.670331295073531,-2.6146335013280324,-1.4201792539746476,0.7794670373337328
1067759.44,-0.489139568332032,-0.3581411377350426,0.6723664161995422,-2.6129991193670508,-1.4184699040289803,0.7786680224276818
1067759.444,-0.4887242150705205,-0.36073212715958064,0.6743904852070297,-2.611355150026145,-1.4167585567124954,0.7778880491234248
1067759.448,-0.48831085917982653,-0.36332744422089014,0.6764231429090327,-2.6097039901502956,-1.4150529351923542,0.7771542150850536
1067759.452,-0.4878945072329063,-0.3658903705854415,0.6784710472082763,-2.6080530965905555,-1.4133527731524476,0.7764724458459932
1067759.456,-0.48747262922672413,-0.36844740470608106,0.6805284723084171,-2.6064064640885594,-1.4116339689849104,0.7758025942528111
1067759.46,-0.48703973239153175,-0.371007967515165,0.6825688531775813,-2.6047619621154356,-1.40992275482648,0.7751443939893979
1067759.464,-0.4866003441011823,-0.3735957944359086,0.684586663756507,-2.6031022801240984,-1.408220861731865,0.7745419203717948
1067759.468,-0.48616045646812844,-0.3761776625337132,0.686593688533018,-2.601444728661633,-1.4065104465217615,0.7739785286431885
1067759.472,-0.485721068177779,-0.3787303357280678,0.6886138293778976,-2.5997890414119307,-1.4048093523754734,0.7734612761804679
1067759.476,-0.4852796492270984,-0.38126326824084217,0.6906486176087727,-2.5981317562655746,-1.4031074592808583,0.7729582716295792
1067759.48,-0.4848292088182251,-0.3838099826122577,0.6926830729445115,-2.59647127532591,-1.4013915845905203,0.7724789026333649
1067759.484,-0.4843692808979684,-0.3863867574144775,0.6946985532574834,-2.594817185972862,-1.3996998115080475,0.7720432760580552
1067759.488,-0.4839073556068942,-0.3889592045799259,0.6966883340659361,-2.5931505797626904,-1.3980025789453399,0.7716574505951299
1067759.492,-0.4834438989981931,-0.39149330222567713,0.6986772493470346,-2.5914863703974995,-1.3962986884799071,0.7713177643980904
1067759.496,-0.48297990975727406,-0.3940151826199277,0.7006722898986402,-2.589826422090053,-1.3946031869719082,0.7710182919335109
1067759.5,-0.48251096037882474,-0.39653663025050107,0.7026789817800149,-2.588169669575915,-1.3929040901964378,0.7707448518685871
1067759.504,-0.48203145822455595,-0.39908018211812213,0.7046856736613896,-2.5865057265268336,-1.3911984686762964,0.7705176176485761
1067759.508,-0.4815464633005389,-0.40162696306856493,0.7066703944637711,-2.5848407182133157,-1.38949830663639,0.770319944516665
1067759.512,-0.4810564416599643,-0.40414168621738583,0.7086253544409711,-2.5831767751642345,-1.3877992098609193,0.770172005918111
1067759.516,-0.48056295790997267,-0.4066319415736917,0.7105784502054079,-2.581517359489006,-1.3861065046720649,0.7700666113179712
1067759.521,-0.48006191744038784,-0.4091210650865343,0.7125489896749848,-2.57987072698701,-1.3844119352704476,0.7700062907192808
1067759.524,-0.4795598782853943,-0.4116342236282148,0.7145226583588425,-2.578215838685635,-1.3827108411241593,0.7699885141190046
1067759.529,-0.4790508483325393,-0.41415334099283435,0.7164904015092748,-2.5765574882748425,-1.381012543297016,0.7700062907192808
1067759.533,-0.4785277702049341,-0.41664003437118224,0.7184307141004793,-2.5748970073351782,-1.3793264960108866,0.7700240673195571
1067759.537,-0.47799720193676304,-0.419099496927384,0.72035125272059,-2.573246912723765,-1.3776423129375206,0.7701175442738188
1067759.541,-0.47746110760933014,-0.4215538328984874,0.72227059291821,-2.571610400233911,-1.375940286684851,0.770297507384481
1067759.545,-0.4769169905091133,-0.42401406111350265,0.7241907986431844,-2.5699741540601666,-1.3742559704534303,0.7705270718704458
1067759.549,-0.4763703766953745,-0.42648574092120517,0.7261180617450476,-2.5683296520870424,-1.3725727194864457,0.7707862640235378
1067759.553,-0.47581121273499877,-0.42893534978137365,0.7280378014168312,-2.5666755627339946,-1.3708716253401576,0.7710928604440331
1067759.557,-0.47524156257783085,-0.4313584601886959,0.7299313089518775,-2.565045708146866,-1.36920129070446,0.7714598440422461
1067759.561,-0.47466432241155615,-0.4337555381963626,0.7317932580280063,-2.5634230440946806,-1.3675281597496176,0.7718787592817156
1067759.565,-0.47408015802644726,-0.4361707256994418,0.7336548076299717,-2.5618105000546376,-1.3658429114118156,0.7723451453676157
1067759.569,-0.4734904342925628,-0.4385926709737871,0.7355284080358697,-2.5601897002152154,-1.3641661851895017,0.7728777775856315
1067759.573,-0.47289218844319014,-0.4410023657071181,0.7373988792274869,-2.558561443524741,-1.3625033074048563,0.773458945914514
1067759.577,-0.4722799609980946,-0.4433788707953639,0.7392594301440435,-2.5569582205485135,-1.3608300432919593,0.7741146161748915
1067759.581,-0.4716586455157791,-0.4457419602096185,0.7410918847110998,-2.555363253371665,-1.3591606407626433,0.7748200875476535
1067759.585,-0.47102641107299426,-0.44810148764591506,0.742898440036555,-2.5537706830397973,-1.35750255666796,0.7755527897425616
1067759.589,-0.47038905004511106,-0.4504638114013562,0.7446990032495576,-2.5521935590422524,-1.355841409938023,0.7763434156911789
1067759.593,-0.46973774071101854,-0.4528229393634893,0.7464985011981241,-2.5506081792453283,-1.3541777332050504,0.7772347091290012
1067759.597,-0.4690829026884817,-0.45514887768053724,0.7482972001983637,-2.5490345173572004,-1.3525324322835994,0.7781851247430231
1067759.601,-0.46840749174652396,-0.4574554747901685,0.7500889084007417,-2.547478964964485,-1.350871418711717,0.7791604409132374
1067759.605,-0.4677205959223653,-0.4597443285890371,0.7518535855180555,-2.545930869422822,-1.3492245198936121,0.7801831613508551
1067759.609,-0.46702517798271836,-0.4620390746318175,0.7535882354940786,-2.5443891654677753,-1.3475837463460143,0.7813087463855771
1067759.613,-0.4663251993797047,-0.4643267300081956,0.7553049757117709,-2.5428575815248706,-1.345941508059817,0.7824829341101931
1067759.617,-0.46561526721211677,-0.4665985728656013,0.7570185867151824,-2.5413414439162887,-1.344298071351129,0.7837079216326023
1067759.621,-0.464887791470848,-0.4688356947602951,0.7587371245666106,-2.5398338284231947,-1.3426603604387848,0.7850111395120325
1067759.625,-0.4641432382090891,-0.4710561718981759,0.760443611614106,-2.53833180556839,-1.34101878794286,0.786372281145172
1067759.629,-0.4633881654610244,-0.47326682862953706,0.7621232007345918,-2.536849490105652,-1.3394006512645278,0.7878103881338148
1067759.633,-0.4626211084880543,-0.47546756508583765,0.7637778892988852,-2.5353860830866535,-1.337779718267051,0.7893041551892402
1067759.637,-0.46184556268910965,-0.4776580483719415,0.7654094749407223,-2.533925339228745,-1.3361558557923752,0.7908641683767814
1067759.641,-0.4610574334540143,-0.4798205018875722,0.7670315397816623,-2.532486166975666,-1.3345357217432254,0.792496419808891
1067759.645,-0.4602507619598293,-0.4819513303652582,0.7686429519782421,-2.5310533863092037,-1.3329261071803817,0.7941877934172004
1067759.649,-0.4594265468919634,-0.48406637961348553,0.7702398499468808,-2.5296467046214235,-1.3313134299822842,0.7959407526257177
1067759.654,-0.4585913462846009,-0.486166814765231,0.7718203028957883,-2.528250142945786,-1.3296988885714236,0.797764751656313
1067759.658,-0.4577431294774107,-0.4882628889906915,0.7733831789815013,-2.526872223397779,-1.3280973966499046,0.7996561952415145
1067759.662,-0.45687983252054787,-0.49034082043122584,0.7749200226675588,-2.5255057554424596,-1.3264921763028592,0.8016209423357205
1067759.666,-0.4559970279087002,-0.4923930523672409,0.7764320989554785,-2.5241656527819316,-1.324906530189826,0.803645011343208
1067759.67,-0.4551061672345551,-0.49440816649556296,0.7779178765276338,-2.5228471217262336,-1.3233210172348473,0.8057293343703584
1067759.674,-0.45419483350953,-0.4964071019202628,0.7793908709265566,-2.5215389769987864,-1.321731642696288,0.8079095311967518
1067759.678,-0.45326645555352835,-0.4983918227226444,0.7808496839926747,-2.5202601270433305,-1.3201412028932928,0.8101549754698522
1067759.682,-0.4523244954759673,-0.5003540065243012,0.7822943157259882,-2.5189908644677987,-1.3185749978562171,0.8124606737626155
1067759.686,-0.45136003168719513,-0.5022952512218871,0.7837109176888286,-2.51775302719313,-1.3170191791473929,0.8148409405659011
1067759.69,-0.45038148643415915,-0.5042096312819769,0.7851008880407682,-2.5165306362527833,-1.3154419219917934,0.817301634834107
1067759.694,-0.4493869622145827,-0.5060940507798034,0.7864667567848426,-2.515336208503883,-1.3138907638148767,0.8198263115475022
1067759.698,-0.4483748611318117,-0.5079527707731106,0.787806992603425,-2.514163086043703,-1.3123450651181947,0.8224232265054656
1067759.702,-0.44734578239709144,-0.5097806979663138,0.7891203304949975,-2.513023519413258,-1.3108041601114748,0.8250958418174147
1067759.706,-0.44630059153777624,-0.5115844569726244,0.7904137612574218,-2.511900730697681,-1.309277236700478,0.8278466209073575
1067759.71,-0.44523243091405906,-0.5133661783209147,0.791687085153616,-2.510804040960786,-1.3077593680371873,0.8306706369272776
1067759.714,-0.4441481914552606,-0.515122166875172,0.7929293832231106,-2.509739309156972,-1.3062436299027687,0.8335611653954224
1067759.718,-0.4430444443414772,-0.5168505917121471,0.7941483120540399,-2.508691088951917,-1.304727625452241,0.8365261292160348
1067759.722,-0.44192115628319545,-0.5185500879617811,0.7953378129549238,-2.5076884088015023,-1.3032294641810171,0.8395739839255759
1067759.726,-0.4407807907044235,-0.5202089710047915,0.7965010151400431,-2.50669851182432,-1.301750877143805,0.8426809608113169
1067759.73,-0.4396163900968136,-0.5218354633510438,0.7976329917613814,-2.5057504264762516,-1.300266697468304,0.8458768206984393
1067759.734,-0.43843244854470526,-0.5234330936889823,0.7987370051912737,-2.5048382938028997,-1.2987935699113267,0.8491495127830103
1067759.738,-0.43723149605113404,-0.5249983000406492,0.7998115241120934,-2.5039346832450358,-1.2973401497464159,0.852503963913047
1067759.742,-0.4360115019557687,-0.5265303833262581,0.8008554832594045,-2.5030835369606463,-1.2958912569553582,0.8559257264396353
1067759.746,-0.4347694369128694,-0.5280344701309075,0.8018689492122341,-2.5022718054603903,-1.294457277866405,0.8594233890572908
1067759.75,-0.43350686552957646,-0.5295084632152391,0.8028497914417103,-2.5014717918689304,-1.2930346172120848,0.8629719846307942
1067759.754,-0.4322142004259656,-0.5309429749364104,0.8038004067928141,-2.500715986751566,-1.2916284681565229,0.8666293703348272
1067759.758,-0.4309025270100743,-0.5323297494950419,0.8047198631591639,-2.5000070532693868,-1.2902187238334895,0.8703637213943636
1067759.763,-0.4295728106777978,-0.5336746125560183,0.8056056305377243,-2.499311435592658,-1.2888424021821365,0.87416784727446
1067759.766,-0.4282235201115091,-0.5349775641193395,0.8064551123464323,-2.4986557653322805,-1.2874773989654165,0.8780288982228569
1067759.77,-0.42684566714252936,-0.5362450623506492,0.8072741009606589,-2.498066407783046,-1.2861309047182723,0.8819679132121658
1067759.774,-0.4254463091477472,-0.5374772736975152,0.8080576695323874,-2.4975130029085277,-1.284781480993929,0.8859828948715693
1067759.779,-0.4240188880929784,-0.5386772275056776,0.8088056849035635,-2.4969670548850615,-1.283464814150994,0.8900923521706433
1067759.783,-0.4225709274083023,-0.539829743756923,0.8095150844389334,-2.496463983755145,-1.2821621289037817,0.8942658584939337
1067759.787,-0.4211003964333878,-0.54093921666705,0.8101860678755788,-2.4960264263880454,-1.2808740910425649,0.8985103380602748
1067759.791,-0.41961132319938366,-0.541994927012671,0.8108212317955628,-2.495641599610529,-1.2796049616250877,0.9028328482465552
1067759.795,-0.41809771559383707,-0.543004098618243,0.8114177798797405,-2.4952727517995528,-1.2783664585601462,0.9072395809023093
1067759.799,-0.41656157098756574,-0.5439653999032207,0.8119709850171771,-2.4949260082256246,-1.2771426028812003,0.9117124931111519
1067759.803,-0.41500442069819643,-0.5448828921882667,0.81248697247838,-2.494639185776223,-1.275939519858757,0.9162505196086469
1067759.807,-0.41342413419685703,-0.5457546113920768,0.8129635451554497,-2.494405626548623,-1.2747513505384183,0.9208619161941736
1067759.811,-0.4118208779311157,-0.5465753643505257,0.8133989054146504,-2.494218140007882,-1.2735983349444684,0.925549079712713
1067759.815,-0.410192022029396,-0.5473474813295669,0.8137928535189004,-2.4940783240506526,-1.2724704862228198,0.9303274564985877
1067759.819,-0.4085340710927672,-0.5480663683763201,0.8141437915715456,-2.4939755260325756,-1.271363143841565,0.935170747836033
1067759.823,-0.4068596751364071,-0.5487331240447351,0.8144575119479569,-2.4939166701724846,-1.2702725793751775,0.9400710308208061
1067759.827,-0.405162675600295,-0.5493456843849669,0.8147243606891829,-2.4939046859475793,-1.2692182338996152,0.9450552699589438
1067759.831,-0.4034466677519024,-0.5499073450588646,0.8149444043742506,-2.4939166701724846,-1.2681945147765887,0.9501176062960482
1067759.835,-0.4016985688123744,-0.550409750398508,0.8151245672219946,-2.4939709986587224,-1.2671952967355908,0.9552321405905182
1067759.839,-0.3999224401023733,-0.5508575942253185,0.8152611873859156,-2.4940783240506526,-1.266227503995456,0.9604057304821606
1067759.843,-0.3981237078126202,-0.5512446181107343,0.8153524006532508,-2.4942511632053987,-1.2652727607446628,0.9656574841517969
1067759.847,-0.396306999185509,-0.5515692907371286,0.8153914159632204,-2.4944783308463823,-1.2643794033569957,0.9709838063319554
1067759.851,-0.39446372552652426,-0.5518399011933942,0.8153814956881599,-2.494734793259357,-1.2635130770543928,0.9763787714892106
1067759.855,-0.3925953848637792,-0.5520543522401729,0.815328698519549,-2.495041855733043,-1.2626616644538946,0.9818423796235627
1067759.859,-0.3907109986554664,-0.5522028234709448,0.8152328912993335,-2.495408839331256,-1.2618576561207997,0.9873758957365293
1067759.863,-0.3888071380816823,-0.5522901418651858,0.8150926758679408,-2.49583734195065,-1.2610926630976744,0.9929602116472892
1067759.867,-0.386883636694859,-0.5523138772884011,0.8148989308986375,-2.496314314101883,-1.260341917986381,0.9985943286704336
1067759.871,-0.38494319094560003,-0.5522822189609428,0.8146527216558597,-2.496823510502306,-1.2596616134859202,1.0043052778910269
1067759.875,-0.3829791429311802,-0.5521858458189955,0.8143538484025256,-2.497355876404213,-1.259027914304536,1.010100249844012
1067759.879,-0.38099305725874,-0.5520243250988822,0.8140110995702324,-2.4979489623789735,-1.2584015388161494,1.0159568739762324
1067759.883,-0.3789854332709837,-0.5517924636364773,0.8136239425267621,-2.498624606347527,-1.2578135128474597,1.021850249731496
1067759.887,-0.3769507781981632,-0.5514950884112563,0.8131789948876371,-2.4993508503767914,-1.2572989901248566,1.0278121353058018
1067759.891,-0.37489202151747747,-0.551128937050884,0.8126775882334024,-2.500080023883255,-1.2568337358824195,1.0338284825244
1067759.895,-0.3728147891567293,-0.5506885833646393,0.8121253817813745,-2.500849411122179,-1.2563869906095588,1.039874457410125
1067759.9,-0.3707194805900822,-0.550175492091122,0.8115225086896078,-2.5017096121542743,-1.2559728690600516,1.0460032566057518
1067759.903,-0.3685946109353352,-0.5495921599438538,0.8108652405325762,-2.502604167964432,-1.2556257260119597,1.052198301933494
1067759.908,-0.3664417115101152,-0.548936423104449,0.8101527117829256,-2.5035312143398887,-1.255346493571665,1.0584444133751385
1067759.912,-0.36427772667685765,-0.5482109114444842,0.8093894498145089,-2.5045184481559812,-1.2551028143319227,1.0647388611905682
1067759.916,-0.36208877470838063,-0.5474134611455735,0.808571459885691,-2.505534177795737,-1.2549046751468207,1.071077251163984
1067759.92,-0.3598832445621179,-0.5465386127274825,0.8077010056833986,-2.506599708547878,-1.2547677886667907,1.0774475324914534
1067759.924,-0.3576697249325849,-0.5455911265906596,0.8067790193140132,-2.5077158393607304,-1.254680436983036,1.0838758041516596
1067759.928,-0.355440625810675,-0.5445649773331385,0.8058036365647717,-2.5088687217966257,-1.2546375600894857,1.0903892969667481
1067759.932,-0.3532000085170504,-0.5434614632459505,0.8047759227001101,-2.51006474744218,-1.2546534058979717,1.0969394748258525
1067759.936,-0.3509408489643362,-0.5422820490676953,0.8036910840300663,-2.511298323659105,-1.254712927548335,1.1035169500861302
1067759.94,-0.34866168241393275,-0.5410311955931987,0.8025520500318394,-2.5125755757179067,-1.2548246471560638,1.1101238532764532
1067759.944,-0.34636297491903084,-0.5397041424220121,0.8013551588589306,-2.513893840457496,-1.2550024131588267,1.1167487328041343
1067759.948,-0.3440487212212656,-0.5383036192942532,0.800107068414065,-2.515246193659038,-1.2552462255566235,1.123451443214673
1067759.952,-0.3417119305227756,-0.5368121825047815,0.7987990568446726,-2.5166390269091496,-1.2555438338084397,1.130207616584095
1067759.956,-0.33937360850665876,-0.5352386204851945,0.7974353852084974,-2.518063818092342,-1.2558975016012022,1.1369828315553112
1067759.96,-0.3370313250384205,-0.5335880598205907,0.7960226448292377,-2.5195293556402127,-1.256310691044328,1.143800523945914
1067759.964,-0.33466497325183053,-0.5318549411621943,0.7945607025488387,-2.5210204595345482,-1.2567964516271586,1.1506395216252374
1067759.968,-0.3322895667175344,-0.5300369342440518,0.7930432999387388,-2.5225568371674147,-1.2573732923192698,1.1574890387908667
1067759.972,-0.32990067793021965,-0.5281525813252526,0.7914698377876928,-2.524114253772893,-1.2580089888714716,1.1643907539138616
1067759.976,-0.32750826045446063,-0.5261958902933441,0.7898439113631721,-2.5257073567369783,-1.2586685207154298,1.1713518575291653
1067759.98,-0.3251103502089533,-0.5241677266756807,0.7881625911879778,-2.527337211324107,-1.259388905790296,1.178317488518322
1067759.984,-0.32269939047410456,-0.5220506800566358,0.7864245456815648,-2.5289827785616668,-1.26022540468869,1.1853020279512183
1067759.988,-0.3202804412559856,-0.5198392909559749,0.7846444888089559,-2.53066509742227,-1.2611206262891201,1.1922937579190578
1067759.992,-0.317852470579674,-0.5175433132011903,0.7828173605640798,-2.5323724499971196,-1.2620354221235623,1.1993090568625446
1067759.996,-0.3154079217255766,-0.515176728388005,0.7809436935791545,-2.534099243647927,-1.2630404991189583,1.206362305851565
1067760.0,-0.31295438470280024,-0.5127543836394962,0.7790101054697025,-2.535848407851891,-1.2641338599044902,1.2134284711718721
1067760.004,-0.3104833373958566,-0.5102443876016102,0.7770122685989523,-2.537623937350647,-1.265283946021241,1.2205351165407485
1067760.008,-0.30800376797342466,-0.5076450757986656,0.774961567980564,-2.5394173100287065,-1.2664926216819734,1.2276249839947575
1067760.012,-0.30552516394688795,-0.5049553496767127,0.772867590994462,-2.5412357164210126,-1.2677600200447423,1.23470313353997
1067760.016,-0.30304859058068234,-0.5021910217547242,0.7707433871299875,-2.543069569147641,-1.269115968513756,1.2418167031276808
1067760.02,-0.30056745655111006,-0.49937882351214136,0.768574508738227,-2.544917536628047,-1.2705460860191287,1.2489788754052855
1067760.024,-0.29808239435892986,-0.4965003125584156,0.7663495708055202,-2.546772162011178,-1.2720303988526842,1.2561314603029656
1067760.029,-0.29558974215764294,-0.4935112138404243,0.7640553906844715,-2.548647560050812,-1.2735832880843094,1.2632663351793971
1067760.032,-0.2931001525916096,-0.49043599515068254,0.761718999460145,-2.5505442633791664,-1.27520994687813,1.2703882937245414
1067760.037,-0.29061102907876707,-0.487311807586397,0.7593627676856974,-2.5524524183002084,-1.276899988905894,1.277511317534122
1067760.041,-0.2881234368835513,-0.4841437777326659,0.7569837658839296,-2.554358176376269,-1.2786483541615312,1.2846615055868211
1067760.045,-0.2856378420591531,-0.4808829367149457,0.7545395832144821,-2.5562623365556756,-1.280475948459598,1.2918094299525937
1067760.049,-0.2831507159171281,-0.47752019649601624,0.7520335486287176,-2.558180078856642,-1.2823667928335543,1.298959884321402
1067760.053,-0.2806630904323987,-0.4740954379132016,0.7494796437223589,-2.560118860130219,-1.2843199551770184,1.3060734539091128
1067760.057,-0.2781769962652961,-0.47063316204853045,0.7469179490698117,-2.562057641403797,-1.2863456886601872,1.3131693134755742
1067760.061,-0.27569944085843856,-0.4670871297675763,0.7443303551756634,-2.5639836395041424,-1.2884302780034467,1.3202698335739436
1067760.065,-0.2732338696764864,-0.4634672946349134,0.7416866351615418,-2.565916295507213,-1.2905815795320128,1.3273822047391637
1067760.069,-0.27076883112675226,-0.4598063136634087,0.7389737395381053,-2.5678561420452266,-1.2927962642945225,1.3344746021962082
1067760.073,-0.2682952371720162,-0.4560703647072183,0.7362428009982835,-2.5697903959449513,-1.2950797917712111,1.3415373054070983
1067760.077,-0.26583367737645597,-0.45224629840845987,0.7335199850997864,-2.5717193235224953,-1.2974220419499358,1.3485406201256798
1067760.081,-0.26337513028187887,-0.4483629434859336,0.7307467688776598,-2.573639728984552,-1.2998210174598792,1.3555443343184246
1067760.085,-0.2609150685144318,-0.4444516253719615,0.7279029123076186,-2.5755590691821717,-1.302285107258475,1.3625561711524943
1067760.089,-0.25845801944796787,-0.44046204361145463,0.7250342217604125,-2.5774770777992466,-1.304806854494671,1.3695230005641414
1067760.093,-0.25600198571166954,-0.43640694808813185,0.7221726551691223,-2.579385499036398,-1.307394648125901,1.3764754489059023
1067760.097,-0.25355798613454705,-0.43232811714159375,0.7192852559152585,-2.581278473939226,-1.310029979182589,1.38337370191948
1067760.101,-0.25112096071052914,-0.4281738521571791,0.7163360047450774,-2.583167454100419,-1.3127256308379671,1.3902128327568581
1067760.105,-0.24869600273520068,-0.4239449520832151,0.7133647824959033,-2.585036460553437,-1.3154726815023838,1.3970588878130703
1067760.109,-0.24627953358584684,-0.41969431395685325,0.7104052781555255,-2.586900140684274,-1.3182876427745975,1.4038848360030525
1067760.113,-0.2438710872092769,-0.41539074550382604,0.707416012989966,-2.58874810816468,-1.3211500083142147,1.4106633799256312
1067760.117,-0.24147767104810905,-0.4110157377545575,0.7043720864430327,-2.590584624052399,-1.3240523212701831,1.4173863969394815
1067760.121,-0.2391027971460309,-0.40662448472263946,0.7013107161909594,-2.5923939756969987,-1.3270169521956594,1.4240466965096608
1067760.125,-0.2367334326584578,-0.4021783372827522,0.6982578680543743,-2.594197734703309,-1.330030052652975,1.4306501375905667
1067760.129,-0.23436759685932912,-0.3976642459455543,0.6951844469983683,-2.5959895094847147,-1.3330924215904572,1.4372406623401859
1067760.133,-0.23200873521330506,-0.3931485900012159,0.692060958513869,-2.597748261068603,-1.336200463740634,1.4437765922874584
1067760.137,-0.22966994714399747,-0.3885725135896464,0.6889464581980486,-2.599491033685951,-1.3393504506779799,1.450265251125382
1067760.141,-0.22734216125894327,-0.38394430579973854,0.6858445413183787,-2.601212234698469,-1.3425626224267788,1.4566922577840702
1067760.145,-0.22503343362043995,-0.3793105386610552,0.682708003344538,-2.60291665779612,-1.345812078430839,1.4630365732909114
1067760.15,-0.22273971955258196,-0.3746108582853923,0.6795291876883921,-2.604603770346685,-1.3491052102767764,1.469330022420932
1067760.153,-0.22045953767201293,-0.3698941669682666,0.6763713444258306,-2.606250136532572,-1.3524320311105036,1.4755877851923458
1067760.158,-0.2181908739631585,-0.36517035169522494,0.6732226890690299,-2.6078855837579895,-1.355807055159961,1.4817852273650691
1067760.162,-0.21593173105520108,-0.36038964464339646,0.6700388799858402,-2.6094962635852696,-1.3592156350391533,1.4878915894285119
1067760.166,-0.2136846389511763,-0.35559755257790787,0.6668374274604287,-2.611061935990127,-1.3626604339091708,1.4939386961577004
1067760.17,-0.21144603567312611,-0.3507659125702316,0.6636639381264631,-2.6126145589056433,-1.366142650192504,1.4998983180450796
1067760.174,-0.2092319834113751,-0.34588610263633857,0.6604754685113656,-2.6141354902041876,-1.3696506991384108,1.5057737840420125
1067760.178,-0.20703146333691308,-0.34102763128067975,0.6572531101713971,-2.6156401762200825,-1.3732044212970125,1.5115973183976887
1067760.182,-0.20485249822252388,-0.3361288796135335,0.6540508586976586,-2.617113969567332,-1.3767721250513372,1.5173425558173166
1067760.186,-0.20267804383723098,-0.33120912226328925,0.6508724425156762,-2.6185398260149606,-1.3803828388572665,1.5230085641945148
1067760.19,-0.20051259426537393,-0.3262835059586468,0.647680843686298,-2.6199510350765935,-1.3840323016570568,1.5285822940399416
1067760.194,-0.19837169570981605,-0.3212950723417921,0.6444668743037631,-2.621331085153473,-1.387690286572335,1.534070802730486
1067760.198,-0.1962458440144171,-0.3163303741481528,0.6412852623284727,-2.6226935583671573,-1.3913882189039646,1.5394478581294104
1067760.202,-0.19414099800211618,-0.31135891818324735,0.6381149687878152,-2.624000904146277,-1.3951169107461845,1.5447399586895614
1067760.206,-0.19205422819571416,-0.30636415955880375,0.6349226375891371,-2.6252949341199465,-1.3988633126096535,1.5499669449610598
1067760.21,-0.18998298794741864,-0.3013800868682341,0.631734234553067,-2.6265372987684685,-1.4026422050384215,1.5551001879621875
1067760.214,-0.18792626192706408,-0.2963371583175737,0.6285753260260696,-2.6277671465598673,-1.4064481285522537,1.5601177166139513
1067760.218,-0.18587854072014534,-0.29131789861110136,0.6254245401403968,-2.6289567806188057,-1.4102643052362827,1.5650285856640576
1067760.222,-0.18384536703068116,-0.2862979065353292,0.6222489202775591,-2.630114456744663,-1.414107513005376,1.5698459777599019
1067760.226,-0.18182674085867154,-0.2812612697027441,0.6191006643949218,-2.6312332507186054,-1.417968297637664,1.5745567102540885
1067760.23,-0.1798246262854204,-0.2762558417891834,0.6159978154088706,-2.6323219509722295,-1.4218421317592933,1.5791397441740058
1067760.234,-0.17783903995568456,-0.27121649186123775,0.6128845800945679,-2.633377095396119,-1.4257279501058278,1.5836009384740521
1067760.238,-0.17587251187249964,-0.2661719654139233,0.6097529689687438,-2.6343981513580554,-1.4296429300662987,1.5879860995249766
1067760.242,-0.17392654006397873,-0.26114643063413245,0.6066568444644449,-2.635382988329167,-1.4335762858382912,1.5922554130684825
1067760.246,-0.17200207328126021,-0.2561070307719164,0.6035920121029544,-2.636331872625562,-1.437497524227324,1.5963745243265082
1067760.25,-0.17009363539935263,-0.25110677937772446,0.6005177920986214,-2.6372575874204736,-1.441446858965857,1.6003775217610063
1067760.254,-0.168199262336952,-0.24608121130842,0.5974522273678312,-2.6381316368902374,-1.4454220263669637,1.6042765227549367
1067760.258,-0.16631940350249233,-0.24104537342416194,0.5944341334834717,-2.6389729294785935,-1.4494011885097056,1.6080532846548325
1067760.262,-0.1644595849552355,-0.23606088461467192,0.5914316856705164,-2.6398022378420443,-1.4533864759229547,1.6116753168953948
1067760.266,-0.16262182071075587,-0.23105232748683036,0.5884157888940561,-2.640574820874276,-1.4573878754607987,1.615163392133126
1067760.27,-0.1608040801087223,-0.22608088816668176,0.5854148058197004,-2.6412981354263416,-1.461399395010785,1.61851790984219
1067760.274,-0.15900138636684766,-0.22110034416455643,0.5824616930659388,-2.642024379455606,-1.4654240972081674,1.6217621726821245
1067760.278,-0.1572117088248008,-0.2161091475180708,0.5795347458698872,-2.642712806597392,-1.4694598515240735,1.6248643558779032
1067760.282,-0.15543506412733848,-0.2111807681837974,0.5765955481328212,-2.6433343883958162,-1.4734861516181097,1.6278199320556732
1067760.287,-0.15367594635880027,-0.20624132008624338,0.5736746596282496,-2.643933865957193,-1.4775284306786864,1.6306227759449272
1067760.291,-0.15193437216394295,-0.201327538203695,0.570809564348515,-2.6445221582419918,-1.4815848244930407,1.6332952580988216
1067760.295,-0.150206829499079,-0.19643506160986723,0.5679575851371492,-2.6450627799432778,-1.4856354925110513,1.6358083500614748
1067760.299,-0.148491304348634,-0.19152445887587013,0.5650992143391671,-2.645550138422762,-1.4896852284226803,1.6381696418419938
1067760.303,-0.14678629868449483,-0.18666795160151525,0.5622664098876499,-2.646011397923564,-1.493740423814544,1.6403923160877738
1067760.307,-0.14509883659403655,-0.1818224964456842,0.5594822081260266,-2.6464745216371286,-1.4978041413218959,1.6424602606742202
1067760.311,-0.14343041610537235,-0.17698494754933936,0.5567239056060042,-2.646895833721579,-1.5018762477866814,1.6443658855922265
1067760.315,-0.1417815199164498,-0.17219992950549629,0.5539627068982964,-2.6472628173197923,-1.5059436937195596,1.6461237050697333
1067760.319,-0.14013916511695473,-0.1673987161132742,0.5512229133478501,-2.647594647191616,-1.5100026175369492,1.647722666988217
1067760.323,-0.1385013044017992,-0.16262831216591295,0.5485330873573565,-2.6479089002002456,-1.514076588214498,1.649158510289933
1067760.327,-0.13687294784278387,-0.1579120036781939,0.5458726892969082,-2.648198652126846,-1.5181384415090868,1.6504354960326262
1067760.331,-0.13526816858179416,-0.1531897863018063,0.5432130901847869,-2.6484532503270577,-1.522196433220095,1.6515610810673482
1067760.335,-0.13366838274784834,-0.14852208050398122,0.5405622795042629,-2.6486785537552784,-1.5262656102076817,1.652499845351601
1067760.339,-0.13208262844389587,-0.1438666086024137,0.5379643991504043,-2.6488982645452097,-1.5303378498305218,1.653292801566172
1067760.343,-0.13050538793305327,-0.13920915597478545,0.5354080308200372,-2.649076430022136,-1.5343949094351486,1.6539367539177534
1067760.347,-0.12894018158138645,-0.13462555613313645,0.5328679077723196,-2.6492300944170335,-1.538444778504832,1.6543936192027564
1067760.351,-0.127385977413973,-0.13006487612161893,0.5303235569563716,-2.6493478061372153,-1.542493449152025,1.6546645958436719
1067760.355,-0.12585033215040609,-0.12552474406238706,0.5278176222391479,-2.649447940994202,-1.5465236108296418,1.6547900307310146
1067760.359,-0.12432520637314495,-0.12104740434823223,0.525366981404057,-2.6495251726658147,-1.550555636720022,1.6547699238647846
1067760.363,-0.1228010709589142,-0.11657598184512441,0.5229436379701393,-2.649583229577578,-1.5545728820663518,1.654598283132529
1067760.367,-0.12129298109025116,-0.11213893076483543,0.5205216926957941,-2.6496218454133844,-1.5585722842333785,1.65423023426988
1067760.371,-0.11979540238551555,-0.10777927780372687,0.518105872691956,-2.64964181912156,-1.5625615663882626,1.653675098340653
1067760.375,-0.11831736462527838,-0.10343268265433811,0.5157393211682842,-2.6496402212249057,-1.5665443237984762,1.652972023812872
1067760.379,-0.11684934700864263,-0.09912596001989486,0.513431392478108,-2.649634628586617,-1.5704963216980992,1.652124605954009
1067760.383,-0.11539136618036513,-0.09488480940491643,0.51115209276965,-2.6496234433100385,-1.5744511159168668,1.6510793152261527
1067760.387,-0.11393237002192204,-0.09066142706783586,0.5088725267450831,-2.6495896211641945,-1.5783919285399115,1.6498673106140578
1067760.392,-0.11248539137789793,-0.08647755106105094,0.5066049782349351,-2.6495289010913408,-1.58229825322684,1.6485132263578068
1067760.395,-0.11105295192894996,-0.08238096015899336,0.5043899605772889,-2.6494551315291455,-1.586186068944192,1.6469898982142817
1067760.399,-0.10962652955958989,-0.07830055628293643,0.5022328000943248,-2.649364317735974,-1.5900656288621648,1.6453021198734439
1067760.403,-0.1081955881387551,-0.07426004988896025,0.5001054337260559,-2.6492631176145505,-1.5939133640051113,1.6434533534447109
1067760.408,-0.10676915744701662,-0.07031551716276778,0.4979858571039754,-2.6491536616937483,-1.5977258122636144,1.6414613089493315
1067760.411,-0.10533872369126462,-0.0664029798203591,0.49587803168020494,-2.64903515102524,-1.6015149578625791,1.6393024174116588
1067760.416,-0.10391630438591809,-0.06251413628927373,0.4938052934037963,-2.648907585609025,-1.6052781376409155,1.6369858667374535
1067760.42,-0.10249688945917629,-0.058709024207336126,0.4917936413848913,-2.648768568600123,-1.6089843257719243,1.634533494847654
1067760.424,-0.10108098657612204,-0.05499160086547858,0.48982273573066454,-2.6486212957918416,-1.61266854282394,1.6319353148881728
1067760.428,-0.09966307799987181,-0.05130261092944684,0.4878748997093806,-2.648466832448617,-1.616317206675403,1.6291929247556636
1067760.432,-0.09824666745173477,-0.04767721228681914,0.4859409787047923,-2.6483160975309183,-1.619914604675882,1.6263096534014894
1067760.436,-0.09683677332589001,-0.044143051878661875,0.48403079312341935,-2.648163764716566,-1.6234767157919174,1.6232831039806688
1067760.44,-0.09543239693692876,-0.04065746919326334,0.48217556852904286,-2.6480071708444695,-1.6269923547469312,1.620133383359432
1067760.444,-0.09402550718968875,-0.03722007724002763,0.4803750386055539,-2.6478529738173537,-1.6304595241701052,1.6168477083645467
1067760.448,-0.09261560474146557,-0.03387549853137578,0.47862028176330074,-2.647703304164091,-1.6338839498577837,1.613444854281698
1067760.452,-0.09120571061562081,-0.030631241933225056,0.4768853654711686,-2.647556830304137,-1.6372496528434257,1.6099152337309615
1067760.456,-0.08979432678404128,-0.02743675315794519,0.4751703563081848,-2.6474143511858177,-1.6405623589233753,1.6062684340922615
1067760.46,-0.08838792805712725,-0.024308221312131416,0.47349219863678504,-2.647280127866878,-1.643813812298253,1.6025032569431075
1067760.464,-0.08697954028177407,-0.021279223031464754,0.47185951444099833,-2.6471469698123737,-1.6470073419194216,1.5986126449066107
1067760.468,-0.08556764878511175,-0.018344621327873793,0.4702768643841915,-2.647019937028377,-1.650150670954042,1.5946168380070558
1067760.472,-0.08415775465926699,-0.01547439738244629,0.46874354938657836,-2.646895833721579,-1.653219564636195,1.5905298178401657
1067760.476,-0.08275286228284452,-0.012674084536525273,0.46724175955836905,-2.646775458840308,-1.6562039029537379,1.5863609054697556
1067760.48,-0.08134497385019573,-0.00997409276080808,0.46577339240184024,-2.6466660029195053,-1.659116469079903,1.5820740150630552
1067760.484,-0.07994310249713484,-0.007389826257576488,0.46434720305907556,-2.6465669333269544,-1.6619723098748493,1.5777074961397612
1067760.488,-0.07854422720030027,-0.004902721441646154,0.46296432337353827,-2.6464721247921474,-1.6647490547854205,1.5732464349977695
1067760.492,-0.07715037029764484,-0.002485525644627701,0.46162685058458686,-2.646386637321156,-1.6674431085441446,1.5687214579896158
1067760.496,-0.07575599740752818,-0.00015166782055763356,0.4603419419376509,-2.6463094056495438,-1.6700458158774791,1.5641195156259589
1067760.5,-0.07436313919028152,0.00206725486933609,0.4591059688757451,-2.6462401634612016,-1.6725711583811467,1.5594394094843083
1067760.504,-0.07296828360221731,0.00416729236743835,0.45791753323929724,-2.646181307601111,-1.6749953007633913,1.5546823379871542
1067760.508,-0.07157792209849259,0.0061583186718344495,0.45677313962937655,-2.6461283106954183,-1.6773495351670213,1.5498628153624376
1067760.512,-0.07019508402484735,0.008061663258157268,0.4556748519958279,-2.64608490116965,-1.6795901857501596,1.5449731184429978
1067760.516,-0.06881224595120213,0.009870215954430078,0.45462413507725075,-2.6460601337715124,-1.6817490772878323,1.5400505314840953
1067760.521,-0.06742640766014134,0.01158674083058114,0.4536134987330793,-2.646046285333844,-1.6838428545368527,1.535062697078486
1067760.525,-0.06604607462239646,0.013212029552856368,0.4526429762528272,-2.646032703212285,-1.6858500790504454,1.5300535573841558
1067760.529,-0.0646642310729708,0.01473738939701018,0.45171679540472487,-2.6460281758384316,-1.6877810039988073,1.5250100629117638
1067760.533,-0.06328590372842188,0.016169933915985524,0.45082962986659225,-2.6460281758384316,-1.6896224467345426,1.5199180989075323
1067760.537,-0.06190356499748103,0.017504525081413695,0.44998507490590084,-2.6460281758384316,-1.6913700130418525,1.5147883180158217
1067760.541,-0.06051722320252666,0.01874195664013521,0.4491848615773593,-2.646032703212285,-1.6930422118903132,1.5096265791910302
1067760.545,-0.05913237943568545,0.019903947919196422,0.4484201681598567,-2.6460420242761,-1.6946483643437402,1.5044492608738615
1067760.549,-0.05775204223675137,0.020986156717663747,0.44769305860323777,-2.6460601337715124,-1.6961754209127915,1.4992495720035364
1067760.553,-0.05636770197380376,0.021972387687158135,0.447010357257796,-2.6460987496073187,-1.6975971494607303,1.4940239173125829
1067760.557,-0.05498136017884939,0.022864617392551138,0.4463715980703405,-2.6461557412546464,-1.6989493695042182,1.4887769573329088
1067760.561,-0.05359250918680545,0.02368614849338094,0.4457608353638444,-2.6462063413153576,-1.700272561091824,1.4835334594626517
1067760.565,-0.052209167609266624,0.024448039349955177,0.44517640466262653,-2.6462633329626852,-1.701533434709922,1.478280507370525
1067760.569,-0.050822821653123046,0.02513922952137162,0.4446225004454037,-2.6463312435704824,-1.7026957713676871,1.4729921352359001
1067760.573,-0.04943998774066701,0.025735234570358343,0.44411576746898884,-2.646413268932057,-1.7037490515788134,1.4676881836088982
1067760.577,-0.048052135434031855,0.026224996136607722,0.4436661260084426,-2.6464995553513755,-1.704727097489145,1.4623689188056286
1067760.581,-0.04666728750600145,0.0266065314134644,0.4432680167149894,-2.646582379661277,-1.7056102017066153,1.4570332755616549
1067760.585,-0.04528695862944577,0.02691460713672153,0.442906059833334,-2.6466750576672116,-1.7064168732008003,1.4517116139134039
1067760.589,-0.04390261420530896,0.0271776525510157,0.4425607809980052,-2.6467690672536914,-1.7072228789047128,1.4463924822681886
1067760.593,-0.04251477022105221,0.02741265987245838,0.4422286182310451,-2.6468737294845317,-1.7079914671953096,1.4410577711305965
1067760.597,-0.04112942711150662,0.02761014158966616,0.44192168891541345,-2.646980255928135,-1.7086474037717962,1.4356912352179778
1067760.601,-0.03974257765146945,0.027745222113582022,0.44165693741354595,-2.647089711848937,-1.7092532729197891,1.4303412109041176
1067760.605,-0.03835723038073465,0.027800120682740487,0.4414347964891197,-2.6472002330341753,-1.7098245209736112,1.4249901213258214
1067760.609,-0.03697139208967387,0.027766943521222984,0.4412527694286128,-2.647316879489921,-1.7102907073224296,1.419632906477018
1067760.613,-0.035586548322832666,0.0276591187865884,0.44110479754054527,-2.6474367217389743,-1.7106518319662443,1.4142746263637784
1067760.617,-0.03420370816859283,0.027477037630621842,0.44099550806731114,-2.647565086103516,-1.7109449128442076,1.408927132052954
1067760.621,-0.03281535651925328,0.02721122502550751,0.440932324570449,-2.64769291783584,-1.7111636915277575,1.4035745777360582
1067760.625,-0.03143101625630567,0.026851804388671498,0.44091777705299445,-2.6478234127292537,-1.7112762100838133,1.3982080418234395
1067760.629,-0.03005068321856079,0.02639206580252356,0.4409546951236057,-2.6479658918475732,-1.7112965832661524,1.3928451011782925
1067760.634,-0.02867185237011828,0.025842272840233514,0.4410427125976328,-2.6481150288686175,-1.7112407900413154,1.3874880194875436
1067760.637,-0.027293525025569365,0.02519255099982205,0.4411892530366144,-2.6482721553729323,-1.7110762066859484,1.382121483574925
1067760.642,-0.025918199979030592,0.024478058168867417,0.4413791031328234,-2.648436738728299,-1.7108361227136777,1.3767573445072874
1067760.646,-0.024542877013086422,0.023741049143134,0.44158776180423115,-2.64860025681923,-1.7106098871790756,1.3714238317921856
1067760.65,-0.023165550434540886,0.022991797898764633,0.44180813838443517,-2.648766438071251,-1.7103651426748971,1.3660832617001952
1067760.654,-0.021794234693799444,0.022214502319759966,0.44204552590610213,-2.64893581511658,-1.7100608765203558,1.360715527365086
1067760.658,-0.02042542606955296,0.021389020169781676,0.4423010229231816,-2.649103327949146,-1.7097092060984107,1.355358445674337
1067760.662,-0.019061627517107188,0.020509827470162455,0.4425774257548182,-2.649266846040077,-1.7093230477403492,1.3500132150504391
1067760.666,-0.01770183410926954,0.01956822525487291,0.4428758995339888,-2.6494314293954435,-1.7088902840632114,1.3446702481134676
1067760.67,-0.016333025485023057,0.018568170814845325,0.44319561202285285,-2.6495968116991375,-1.7083933382038026,1.3393344717114393
1067760.674,-0.014956699672480905,0.01751756000659287,0.4435362969053012,-2.6497595308417417,-1.7078258185755066,1.3340117447987525
1067760.678,-0.013580875283237741,0.01640809853973617,0.44390108339561485,-2.649915059449402,-1.7072320668104735,1.3287091247522957
1067760.682,-0.012209560582793601,0.015240577040223838,0.44429959216323156,-2.6500676585798635,-1.7066114171184306,1.3233874631040448
1067760.686,-0.010844257760450853,0.01401657571965581,0.44473142373398794,-2.6502303777224676,-1.70591899523501,1.31806952988132
1067760.69,-0.009482963203608134,0.012738069062309029,0.4451973437666973,-2.650395760026161,-1.705124441123785,1.312771570366771
1067760.694,-0.008112149406314335,0.011397156010183823,0.4456994495007181,-2.6505656697037083,-1.7042756916843766,1.3074725455877858
1067760.698,-0.006739331996419171,0.009996209481423348,0.44624489818147994,-2.650740373071218,-1.703397247998814,1.3021732544926916
1067760.702,-0.005370021428725044,0.008536412294058625,0.4468371186288863,-2.650909483800438,-1.7024323847358782,1.2969120466011856
1067760.706,-0.004002714213557957,0.0070157920444073145,0.4474669895162037,-2.651087116645146,-1.7013920208560387,1.291668681888983
1067760.71,-0.002632902482639164,0.005431580501351956,0.4481320141299101,-2.651261820012655,-1.7002912032194546,1.2864169282193467
1067760.714,-0.001262589588495705,0.00378022478953595,0.44883961603154415,-2.6514375886446,-1.6991139528595849,1.2811569187503313
1067760.718,0.00010922635644632902,0.0020652797348733355,0.44958766469223377,-2.6516082972704744,-1.697857872931449,1.2759335277463044
1067760.722,0.0014820443352540798,0.00028793004093399246,0.45037329721380714,-2.6517750111547134,-1.6965168381645397,1.2707255830766
1067760.726,0.0028583694976104202,-0.001552219540237806,0.45120436992148,-2.6519419913550615,-1.6951070938415063,1.265521233674367
1067760.73,0.0042371998259042795,-0.003450034166183832,0.4520812489999022,-2.652099384175485,-1.6936219820596237,1.2603439153571985
1067760.734,0.005617032220573146,-0.005427237260121065,0.4530077627431408,-2.6522599727892167,-1.6920419285848796,1.2552034818211277
1067760.738,0.006993356992817998,-0.007475534271595804,0.4539903360273255,-2.6524173656096406,-1.6903921002895754,1.2500689072394549
1067760.742,0.008376196106760537,-0.009603219490987424,0.45502514055838944,-2.6525707636884293,-1.6886546539944078,1.2449391263477443
1067760.746,0.00976103883330444,-0.011825301807603394,0.45611770239559446,-2.65272629229609,-1.6868177386325256,1.2398365096991524
1067760.75,0.011150890591351754,-0.01412084783900812,0.45726176311037886,-2.6528807556393144,-1.6849121137145193,1.2347586604486984
1067760.754,0.012539742623692987,-0.016487092474976043,0.45845089782661286,-2.6530314905570127,-1.6829207350094126,1.2297152991343607
1067760.758,0.013929595422037602,-0.018921665918255913,0.4596953930040069,-2.6531768991525313,-1.6808233624929207,1.2246776636163668
1067760.763,0.015324458292182928,-0.021460513561482698,0.46099488245791104,-2.6533193782708504,-1.678645695669563,1.2196805081469422
1067760.767,0.016717316509429588,-0.02410244634484156,0.4623404778881872,-2.6534597268602975,-1.6763678939892181,1.2147316890513025
1067760.771,0.0181131822261729,-0.0268470689553582,0.4637315135045629,-2.6535976786047635,-1.6740097980020074,1.209792457335587
1067760.775,0.019507045370612142,-0.029658441201884152,0.4651782757667484,-2.6537311029753767,-1.6715503687353195,1.2048745309085922
1067760.779,0.020899402164559815,-0.03256104960228594,0.46668076467474384,-2.6538634620815538,-1.6689959977757698,1.1999930897885314
1067760.783,0.02229125753520849,-0.03555371237882983,0.4682460043159243,-2.653973716950683,-1.6663505467069397,1.1951462697626418
1067760.787,0.02368562418354133,-0.03867316034861291,0.469877623247275,-2.6540887655097745,-1.663604561306959,1.1903405955755937
1067760.791,0.025079483166791372,-0.041878312171226104,0.4715710275159155,-2.6541899656311974,-1.6607692268524061,1.1855731377501884
1067760.795,0.026475347843237382,-0.04513915735013558,0.47331586408310816,-2.6542855731143313,-1.6578277654284135,1.1808633373623831
1067760.799,0.027871716023576982,-0.04851177623223352,0.4751064737315365,-2.654378517436375,-1.6547922944179412,1.176201074400036
1067760.803,0.029269584312624355,-0.05197168438024801,0.4769286418388824,-2.6544632059590394,-1.65173645022513,1.1715410751246154
1067760.807,0.030666951178372738,-0.05542646178197489,0.47877744155712904,-2.654544698688396,-1.6486972507891313,1.1668540447641305
1067760.811,0.032065824394612696,-0.0588729376112413,0.48063656102459973,-2.6546312514238233,-1.6456572524048059,1.16218459126684
1067760.815,0.03346569421566683,-0.062328110325942494,0.48249281759389856,-2.654714874682052,-1.642595682415651,1.157532980948853
1067760.819,0.034867074548401746,-0.0658314612892389,0.48434977324298356,-2.654791840037555,-1.639491368691,1.1528920232752264
1067760.823,0.03626644502675149,-0.06934626384522265,0.4862078274460182,-2.6548664085480773,-1.6363665486259555,1.1482627835103962
1067760.827,0.03765930740518735,-0.0728650278533279,0.48807363810572774,-2.6549327212592204,-1.6332314753907142,1.1436383374355281
1067760.831,0.039050164090427254,-0.0764442081674751,0.4899579577350133,-2.6550016971314534,-1.6300704363348446,1.13904345244876
1067760.835,0.04043951442517557,-0.08006053125645052,0.4918578568566758,-2.655063216152634,-1.6268916872577261,1.134473468018184
1067760.839,0.041833371327831013,-0.08366814913761272,0.49377796271310936,-2.655120207799962,-1.6236804476153086,1.1298869719888496
1067760.843,0.04322873874216723,-0.08728328212647601,0.4957051925254588,-2.6551716068090006,-1.6204449732069712,1.1253193844032545
1067760.847,0.04462560418461663,-0.09094028500110238,0.4976338204973806,-2.655217679495859,-1.617195517202911,1.120777762638288
1067760.851,0.04602047225624845,-0.09459885248286917,0.4995660104472603,-2.6552738721948597,-1.6139089101016444,1.1162503887851534
1067760.855,0.04741482850160829,-0.0982396516867381,0.5015258972724769,-2.6553279343649883,-1.6106137808848893,1.111746650486693
1067760.859,0.04880919306934652,-0.10192824630979552,0.5035283613856211,-2.6553785344256995,-1.6072842968900722,1.107251167987612
1067760.863,0.05020756486228749,-0.10565199465924201,0.5055570576355025,-2.655421677635359,-1.6039361707676245,1.1027996942255447
1067760.867,0.051604426143547676,-0.10935954766030945,0.5076020990365744,-2.655458429258402,-1.6005658072500748,1.0983657973266716
1067760.871,0.053000796404481874,-0.11306354700579731,0.5096425464847659,-2.655490653507592,-1.5971694779118968,1.09393429727278
1067760.876,0.054395160972220115,-0.1168066448850389,0.5116893855195735,-2.655524741969545,-1.5937458511725455,1.0895288296185435
1067760.879,0.0557925299185631,-0.12055606777186943,0.5137585618180243,-2.655555900954299,-1.5902935954514756,1.0851564517408514
1067760.884,0.05719139689301925,-0.12429599482493814,0.5158610276301009,-2.6555806683524366,-1.5868208333900125,1.0807983883540184
1067760.887,0.05858826233546864,-0.12807938966042398,0.5179884605773971,-2.6555865273068346,-1.5833247686690108,1.0764722829002664
1067760.892,0.05999064967599074,-0.13189752210337857,0.5201172251052383,-2.655596381002868,-1.5797999418082365,1.072180399066522
1067760.896,0.06139703175814796,-0.13571132690956175,0.522237134622455,-2.655596381002868,-1.576239428588855,1.0679028297236368
1067760.9,0.06280441668690316,-0.13954013696401185,0.5243708592878265,-2.65559851153174,-1.5726504195458098,1.0636725314901003
1067760.904,0.06421180993803677,-0.14342305912286102,0.5265443982114947,-2.655596381002868,-1.5690371757368446,1.0594729261881273
1067760.908,0.06561669815327002,-0.14731030891848154,0.5287537566518243,-2.655596381002868,-1.5653950366300524,1.0552971561779103
1067760.912,0.06702358373932084,-0.1512027019439573,0.5309843538018475,-2.655594516790105,-1.5617230701190512,1.0511509472557932
1067760.916,0.06843698990885314,-0.15515593155558455,0.5332082597596318,-2.655592119945124,-1.5580167488299879,1.047037761531193
1067760.92,0.06985739519862531,-0.15913719093768489,0.535440987438527,-2.6555843967779627,-1.5542798011883887,1.0429695832290151
1067760.924,0.07127681844774551,-0.16312991855722936,0.5376897606629899,-2.655563357805351,-1.5505194177291968,1.0389275704845473
1067760.928,0.07269372001620854,-0.16716054628803703,0.5399764173539592,-2.6555351282977964,-1.546726543704706,1.0349316970059652
1067760.932,0.07411062990704999,-0.17122750952296747,0.5422833473587266,-2.655485060869303,-1.5429057064887692,1.0309653180364557
1067760.936,0.07553354855510092,-0.1752838201135376,0.544584951041314,-2.655426205009212,-1.5390727518898728,1.0270617230896448
1067760.94,0.07696398231085291,-0.1793859537196139,0.5468769673439771,-2.6553676154652304,-1.5352007819810065,1.023207796097164
1067760.944,0.07839392504627893,-0.18354178331116894,0.549202739213457,-2.655315151191756,-1.531281407804737,1.0193870254602546
1067760.948,0.07981634435162546,-0.1876948665178498,0.5515667274445794,-2.655245376371196,-1.5273452557135998,1.0156113288247948
1067760.952,0.08123826431426762,-0.19186256382101252,0.5539571142600073,-2.6551700089123464,-1.5233782109538176,1.011878176187749
1067760.956,0.08266669237682366,-0.19608079460585945,0.5563438059394227,-2.6550906467118622,-1.519381605105936,1.0081994851949951
1067760.96,0.08409612744716687,-0.20028244721292066,0.5587363232837226,-2.655016344517449,-1.5153485139511198,1.00457751953346
1067760.964,0.0855250631748057,-0.20450858425725377,0.5611503456538249,-2.6549252644081682,-1.511288524869294,1.0010112805177351
1067760.968,0.08694497744425188,-0.20878726879884552,0.5636130372928484,-2.6548363148277594,-1.5071775362525932,0.9974805281235353
1067760.972,0.08836638974181124,-0.21305764760678758,0.5660981660640558,-2.6547377778674264,-1.5030533649884965,0.9940148234389606
1067760.976,0.08978930838986217,-0.2173414587334777,0.5685725090328485,-2.6546293872110605,-1.4988929747335746,0.9905965230217894
1067760.98,0.09122124849610574,-0.22166711477879572,0.5710441222615238,-2.654524458664111,-1.494699827597245,0.9872621787579829
1067760.984,0.09265870633923282,-0.22597148218014992,0.573554018430869,-2.654417133272181,-1.4904771193728152,0.9839789006080788
1067760.988,0.09409715454539028,-0.23029121269204253,0.5760980030621672,-2.6543002205003265,-1.4862197900542147,0.9807582067437914
1067760.992,0.0955371091020393,-0.2346615432646466,0.57865616902627,-2.654179845619055,-1.481928105957552,0.9775849837259347
1067760.996,0.0969795686945887,-0.23903182390298028,0.5812018847122767,-2.6540517475706222,-1.4776216413168393,0.9744826007930742
1067761.0,0.09842353463762965,-0.24341753423087958,0.5837579867265348,-2.6539241821544075,-1.473281487688337,0.9714431350409668
1067761.004,0.09987802006697644,-0.24783999618182198,0.5863509069428632,-2.6537971493704107,-1.4688968592696308,0.9684850954391885
1067761.008,0.10133852257591111,-0.2522415023839368,0.5889739874585368,-2.653655469200418,-1.464490792404149,0.9655959651306161
1067761.013,0.10280052311295895,-0.25666591177142634,0.5915889453328855,-2.6535140553465353,-1.4600622218274564,0.9627517090864114
1067761.016,0.10426753372180751,-0.2611503587967403,0.5941971121464547,-2.653373440440979,-1.4555984975243745,0.9599974013080242
1067761.021,0.10573605068114764,-0.2656221724516332,0.5968414979508488,-2.653231760270987,-1.4510992200207402,0.9573235875735847
1067761.025,0.10722059654129869,-0.27014020859619586,0.5995384811867721,-2.6530783621921983,-1.4464606591920948,0.9549646260590198
1067761.029,0.10872367633816099,-0.2747510392599909,0.602299580025939,-2.6529257630617367,-1.4416142386403685,0.9531689896940339
1067761.033,0.11024931810288333,-0.2794215247322038,0.6051096810291633,-2.652767571292986,-1.4366265373928135,0.9518054512159132
1067761.037,0.11179147978874256,-0.2841970386199066,0.6079825660550863,-2.652601390040965,-1.4315300460147289,0.950705965159874
1067761.041,0.11335668614040938,-0.2890468547020226,0.610936477757175,-2.6524477256460672,-1.4263161092325718,0.9499117439437852
1067761.045,0.11493593234444796,-0.2939088880356394,0.6139275405564703,-2.652296990728369,-1.4209655522864937,0.9495222566343611
1067761.049,0.11654222627830765,-0.2988369011852629,0.6169217991490735,-2.6521518484489595,-1.4155172573284096,0.9495400332346373
1067761.053,0.11815904802085157,-0.3037700076304712,0.619972117282623,-2.6520200219750008,-1.409971091200265,0.9498915704985278
1067761.057,0.1197868885924057,-0.30874818807712906,0.6231013315634661,-2.651893521823222,-1.40429216649178,0.9506017689822247
1067761.061,0.12142926835903597,-0.3138045655912944,0.6262633693047445,-2.6517728806258414,-1.3985320153700476,0.9517226269060117
1067761.065,0.12309367746130824,-0.3188656702163946,0.6294343952147018,-2.651659163647295,-1.3926854446709422,0.9532400295161116
1067761.069,0.12480218684675655,-0.3240025750640212,0.6326550890789892,-2.6515792688145927,-1.3865465920422004,0.9558310189406498
1067761.073,0.12655929059972038,-0.3291944408986443,0.6359861709704603,-2.6515411856110043,-1.3799984115539137,0.9601701738837431
1067761.077,0.128375025508558,-0.33445062207359283,0.6393661218679343,-2.651522809799483,-1.3732101470933562,0.965586444329719
1067761.081,0.13023433639073204,-0.33978663150221644,0.6427802278063887,-2.6515174834773028,-1.3663092309186884,0.9717295580162048
1067761.085,0.132132729161903,-0.345085889307797,0.6462301532615046,-2.651528402437772,-1.35923800559231,0.9788111030918073
1067761.089,0.1340571792998647,-0.3503946679142746,0.6496650984354888,-2.651563289848052,-1.3520374837950082,0.9870030531839182
1067761.093,0.1360036754182252,-0.35564256000033023,0.6530735451566266,-2.651660761543949,-1.3446786370709014,0.9960281732230605
1067761.097,0.13797021182378855,-0.36086918008717883,0.6564943755768334,-2.6518178880482637,-1.3372502818423433,1.005771747545279
1067761.101,0.13994527034484017,-0.366079554891378,0.659924393902801,-2.652002711427915,-1.3297826449877066,1.016364137885933
1067761.105,0.14194587024522132,-0.37119082681351256,0.6632906295206612,-2.652200317980799,-1.3222646743884674,1.027750616284621
1067761.109,0.14397604787845916,-0.37625189814909915,0.6666116579790172,-2.652433877208399,-1.314704093211787,1.0397147343237476
1067761.113,0.14602624915414303,-0.3812004509286299,0.6698966006046028,-2.652696198575772,-1.3071573604727749,1.052236318558055
1067761.117,0.14807395371630497,-0.3860328898846332,0.6730853365358092,-2.6529856841862633,-1.2996367267124456,1.0655047863200748
1067761.121,0.15013469112305147,-0.39078157242435346,0.6761630186495592,-2.6533002035110016,-1.2921877319854396,1.07931414209949
1067761.125,0.152193913856928,-0.39536437331767543,0.6791545475020452,-2.653641887078859,-1.2847853425775098,1.0934939435865352
1067761.129,0.15424662849089063,-0.39984883698774626,0.6821005362998909,-2.653989695917223,-1.2774181068959691,1.107756635962509
1067761.133,0.1562983444394445,-0.4042957500864469,0.6849911313470628,-2.6543311131689715,-1.2700640538618242,1.1217139969195054
