1129.8508550572308,-13.472989458467964,278.43428036060556,-0.2699865796473038,0.2361753522064827,-0.9334497575234
1128.792985132319,-16.745610506757657,277.9182317110888,-0.2730112706385659,0.23368048206400677,-0.9331978774122076
1127.710457189595,-20.04923811254639,277.41385079880234,-0.27549757469476105,0.23099911479732435,-0.9331347680266541
1126.6138975312044,-23.350686015295196,276.9264968332343,-0.2774881721656149,0.22818434755032405,-0.933237492732273
1125.503318846824,-26.6498328501591,276.456230844638,-0.2790524388831419,0.2252474393678208,-0.933484508394012
1124.3674192447745,-29.97951010819179,275.9986682819277,-0.280261680052217,0.22216763096410078,-0.9338602328218651
1123.22870866008,-33.27365785030224,275.5629286778508,-0.2811461635244225,0.21901544387357652,-0.9343388411493763
1122.0760295965401,-36.56512929988753,275.14445261518233,-0.2817671169464508,0.2157697179688588,-0.9349067978228226
1120.9094035438952,-39.85379685586645,274.74329498499344,-0.2821666266370154,0.21243867535023028,-0.9355489319259183
1119.7288545800043,-43.139531649143464,274.3595086315161,-0.28238195919899,0.20903003216301214,-0.936251501880168
1118.5223949617182,-46.45501448399409,273.98956867251906,-0.2824460499911752,0.20551591632998148,-0.9370098382511417
1117.313944835789,-49.73446012924683,273.6408492617556,-0.2823869285165522,0.20197277611629766,-0.9377977502163588
1116.0916610122633,-53.01057880903545,273.3096460737707,-0.2822314578726811,0.19837253188013396,-0.9386126691998815
1114.8555789829543,-56.28323793681329,272.99600204728927,-0.28200197160893126,0.1947211355320764,-0.939445883159735
1113.6057372674413,-59.55230436252259,272.69995728493495,-0.28171789854188084,0.1910241212261826,-0.9402897482961894
1112.3294727323087,-62.850278654852445,272.41885402715553,-0.2813926643766132,0.18724904528699504,-0.941146090399434
1111.0521030298478,-66.11171945117599,272.1582930116378,-0.2810471994000333,0.18347540831332695,-0.9419921688918949
1109.7611082517897,-69.36916489085115,271.9154336526949,-0.280690627154662,0.1796703284495873,-0.9428315570144754
1108.4565393941311,-72.62248109152506,271.69030353441957,-0.2803331615478004,0.17583771096777692,-0.9436601178063146
1107.1384505930675,-75.87153437130996,271.48292688281884,-0.2799832472801981,0.17198107680208138,-0.9444743990518918
1105.793515817765,-79.14861531968631,271.2915182877267,-0.2796444838114234,0.1680647061683852,-0.9452794386922723
1104.4484283450442,-82.38869731076011,271.1198854365897,-0.2793290737144318,0.1641689702971926,-0.9460569844197533
1103.0900027109642,-85.62411672743974,270.96605798810464,-0.279037782471043,0.1602576531869617,-0.9468132870575122
1101.7183054855418,-88.85474219576531,270.83004602970675,-0.2787737264232597,0.15633290334085834,-0.9475469554534528
1100.3334062626086,-92.08044328085157,270.71185599718547,-0.2785390799876735,0.1523965801205181,-0.9482569605793523
1098.92133127921,-95.33327114340318,270.61057700108495,-0.2783333283166921,0.14841076930727962,-0.9489493147169528
1097.510118566436,-98.54868414408156,270.5282135755841,-0.2781612277504157,0.1444557624742765,-0.9496098483400207
1096.0859311156933,-101.75878720337823,270.4636690990628,-0.278020685739526,0.14049328124693986,-0.9502453031851261
1094.6488501553092,-104.96345501181963,270.4169350903693,-0.2779113312666588,0.13652427409222323,-0.9508556223408393
1093.1989596684275,-108.16256385716588,270.38799931496067,-0.27783241401225983,0.1325495250887511,-0.9514408931315004
1091.7216562425374,-111.38789692486102,270.3768239858945,-0.27778253564804034,0.1285298557542124,-0.9520067957051287
1090.2462834590185,-114.57546507295865,270.3836104766433,-0.2777614011578347,0.12454539430222358,-0.952542413116046
1088.7583698761032,-117.757112695042,270.4081357489509,-0.2777669398363613,0.1205567977652382,-0.9530538209600417
1087.2580098230978,-120.9327236273491,270.45037257241336,-0.2777976171542578,0.11656442360274942,-0.9535414091970917
1085.7453000205999,-124.10218384932114,270.5102900189937,-0.277851844517357,0.11256857490862897,-0.9540055914098947
1084.2050283701337,-127.29698155701567,270.5887181109498,-0.2779288879494344,0.10852951239838234,-0.954451087369992
1082.667797418869,-130.45374307047086,270.6840652421238,-0.27802562996433705,0.10452746604085209,-0.9548694978508907
1081.118521465652,-133.6040245281406,270.7969778849672,-0.27814119926276787,0.1005227018710409,-0.9552657534326328
1079.5573060023046,-136.74772139696097,270.9274106032406,-0.27827414358785774,0.09651546887146797,-0.9556402384155689
1077.984258497404,-139.88473170685074,271.0753144443944,-0.2784231039108355,0.09250603531490013,-0.9559933099342144
1076.383581783656,-143.04622376517818,271.24237799196186,-0.278588536226443,0.08845457675324997,-0.9563285080633178
1074.7870845306184,-146.1694963316836,271.42523673784206,-0.27876602102236275,0.08444165796357953,-0.9566394890049866
1073.1790897783842,-149.285791540952,271.62539854609196,-0.27895611441588913,0.08042755401683369,-0.9569299320142823
1071.5597120554648,-152.39501833695772,271.84280088707305,-0.27915793310610865,0.07641269398511458,-0.957200056718481
1069.9290674335618,-155.4970885191974,272.077377992277,-0.2793707209857245,0.0723975603452546,-0.9574500475283146
1068.270799597842,-158.62282821626718,272.33166389125535,-0.2795961288737421,0.06834254612241024,-0.9576822547736404
1066.6178654329653,-161.71025855684593,272.6005505523772,-0.27982918007268465,0.06432854951344576,-0.9578922004575178
1064.9540221864806,-164.79028445051495,272.88639513036514,-0.2800716628631185,0.06031607307533911,-0.9580823738018869
1063.279391251682,-167.86282954006788,273.1891195412787,-0.2803232929294308,0.05630582662087719,-0.9582528399800025
1061.5940951354562,-170.92782049698917,273.50864280902374,-0.2805838861095119,0.05229857428045638,-0.9584036425139026
1059.8812461820478,-174.015721975039,273.84832764454706,-0.2808560885147048,0.048255119308470006,-0.9585360196699682
1058.1748877201514,-177.06531965352997,274.2013603465855,-0.2811344981298526,0.04425640085023698,-0.9586473621436922
1056.4582387037224,-180.1071609537862,274.5709314803509,-0.2814218249893471,0.04026327126598048,-0.9587390809843038
1054.7314252735027,-183.14118486652205,274.9569492443035,-0.2817181882809886,0.036276675883734434,-0.9588111728481806
1052.9945742743098,-186.16733347842478,275.35931933662516,-0.2820237563958858,0.032297592805161736,-0.9588636328109156
1051.230295952493,-189.21569393462573,275.78221305150845,-0.2823419343209631,0.028287367789780443,-0.9588966873169511
1049.4736556032785,-192.22585052722138,276.2171563609136,-0.28266665840657135,0.024326445449214525,-0.9589096851513543
1047.7073629546633,-195.22797618898244,276.66815388822687,-0.2830012841828875,0.020376116115687987,-0.9589030644663082
1045.9315469017993,-198.22202540947683,277.1351021334267,-0.2833460721454083,0.01643742716148345,-0.958876850480853
1044.1463366654025,-201.2079557521381,277.617895511962,-0.28370128127884403,0.012511426863373155,-0.9588310837674096
1042.3338706229456,-204.21546423692052,278.1214908538829,-0.2840708737882252,0.00856010797800515,-0.9587650719631996
1040.5301699343788,-207.18495961997587,278.63580554949993,-0.28444776319645915,0.004662753438910693,-0.9586802014972975
1038.7174652721703,-210.14622679155696,279.16563583734217,-0.28483575941222233,0.0007811827072949419,-0.9585760167632197
1036.8958864636759,-213.0992354781324,279.71086861957997,-0.28523503427733254,-0.0030836168474988063,-0.9584526417762886
1035.065563321376,-216.04395838601522,280.27138913508503,-0.28564572123120435,-0.006930688052184625,-0.9583102250865473
1033.2081931373841,-219.00969326240875,280.85291417987156,-0.28607219033372716,-0.010797296284210507,-0.958147233107008
1031.3606861960081,-221.93769110622338,281.44380957705306,-0.2865060387563638,-0.014605986760718285,-0.9579670948977751
1029.5048249405447,-224.85733872993364,282.0496380755152,-0.2869514213467161,-0.018394301827040688,-0.9577685166298773
1027.64073850853,-227.76862050918908,282.6702790756113,-0.2874082737966431,-0.022161454855758256,-0.9575517500751122
1025.7685557244806,-230.67152365055676,283.3056107256616,-0.28787647542311756,-0.025906711815793636,-0.9573170724377879
1023.8695637345987,-233.59494091229726,283.9620821418968,-0.2883606972113935,-0.029666504975186567,-0.9570621749846331
1021.9814954450517,-236.48097555929303,284.62656873121625,-0.2888511115695312,-0.03336575783551138,-0.9567924338899783
1020.0857161386555,-239.35860978597498,285.3053724394769,-0.2893521615453458,-0.03704125051028202,-0.9565057618068333
1018.1823528579789,-242.22784178632696,285.9983671850073,-0.289863493650682,-0.040692485067283644,-0.9562025291263716
1016.2715320788441,-245.0886723969943,286.70542602288305,-0.29038469781724796,-0.04431902614167054,-0.9558831263263516
1014.3341615403933,-247.96958699133666,287.43370111545664,-0.29092066099857117,-0.0479563884581199,-0.9555445326148899
1012.4087312660615,-250.81354381631286,288.1686416470929,-0.2914602478084104,-0.05153223343078896,-0.9551938823427918
1010.476220318136,-253.64911730012454,288.91725969608706,-0.29200815031799604,-0.05508245425033417,-0.95482834236402
1008.5367524632585,-256.47631845523574,289.6794255853882,-0.29256375308804194,-0.05860686630814084,-0.9544483671737195
1006.590450692569,-259.29516072272736,290.4550091313271,-0.29312639681074104,-0.06210534525567565,-0.9540544227576462
1004.6178735672966,-262.1337228466225,291.25183507265655,-0.2937011012749416,-0.06561241873834907,-0.9536428438452155
1002.658204362284,-264.93581400273456,292.0539925839058,-0.2942757437048142,-0.06905863067874385,-0.95322226799197
1000.6920664074044,-267.7296009319896,292.8691735053902,-0.2948552146765466,-0.07247888003127607,-0.9527891762228724
998.7195792368248,-270.51510635983595,293.6972462753707,-0.29543871661278376,-0.07587326366821853,-0.9523440620839322
996.7408614447667,-273.29235521179316,294.5380791430777,-0.296025427599991,-0.07924192705013867,-0.9518874215008951
994.7361518748385,-276.0890232985282,295.40013816389745,-0.29662040542420626,-0.0826183642968961,-0.9514150203601397
992.7452653481129,-278.84976049406214,296.266219804451,-0.29721100312176457,-0.08593595057557185,-0.9509367129425738
990.7484992257789,-281.60232894744877,297.14466441068714,-0.2978022313138277,-0.08922851558326696,-0.9504483694716469
988.7459680720606,-284.34676193791665,298.0353400415619,-0.2983932125130837,-0.09249636691314775,-0.9499504791482505
986.7377853894701,-287.0830947107263,298.93811484120823,-0.29898306561264093,-0.09573984382402241,-0.9494435258515482
984.7038987866026,-289.83860653976103,299.8620645011038,-0.2995767750915714,-0.09899138838043964,-0.9489227897211908
982.6846954921094,-292.5587722068344,300.7887603517548,-0.30016170018443056,-0.10218700863335235,-0.9483990557824062
980.6601757162933,-295.2709551392318,301.72715948698936,-0.30074286153708424,-0.10535943014172504,-0.9478676709935292
978.6304485251571,-297.9751979979262,302.6771308696452,-0.3013194008988949,-0.10850908273173772,-0.9473290862243428
976.5956218414424,-300.67154517732774,303.638543776583,-0.3018904741367673,-0.11163640989914819,-0.9467837417331941
974.5353793838408,-303.3868882549873,304.6210517607443,-0.3024608674452279,-0.11477281106235035,-0.9462265191301322
972.490624511056,-306.0675061919269,305.6050681590649,-0.30301847196209464,-0.11785664387536664,-0.9456688728853205
970.441087982605,-308.7403720783375,306.60013489644075,-0.30356818315488415,-0.12091953497975441,-0.9451057211954241
968.3868730333918,-311.4055368030836,307.6061228949261,-0.304109240649107,-0.12396194976543176,-0.9445374554575249
966.3280817105558,-314.0630527624585,308.6229035741735,-0.3046409105073521,-0.126984351597108,-0.9439644538300763
964.2441599371091,-316.73943485833956,309.6606767603997,-0.3051676494233576,-0.13001713043778645,-0.9433812864044668
962.1764739754444,-319.38174117370727,310.6987639350788,-0.3056783452590341,-0.13300068657894767,-0.9427998550112467
960.1045115922581,-322.0165650929616,311.74726007408333,-0.306177619855572,-0.13596558665946268,-0.9422147442828117
958.0283700366899,-324.64396461995284,312.80603889028015,-0.3066648599716517,-0.13891226139941262,-0.9416262779316793
955.9481453588595,-327.26399905024914,313.8749747342851,-0.307139484881417,-0.1418411282864438,-0.9410347661766841
953.8430704588768,-329.9028195483263,314.9647825369623,-0.30760549324093356,-0.1447816180224962,-0.9404345504131536
951.7549244215313,-332.50823451935184,316.0537566050024,-0.30805313857543853,-0.14767589266729997,-0.9398378022503343
949.6629771559766,-335.1064702526262,317.1525135693445,-0.3084866207341652,-0.15055352121714657,-0.93923886316375
947.5673199290065,-337.697590811347,318.26093055375316,-0.30890549205393436,-0.15341485419876047,-0.9386379917146386
945.4680428260598,-340.281661347663,319.3788854197286,-0.3093093376716748,-0.15626022305341514,-0.9380354344695124
943.3441891435928,-342.8844838893933,320.5175776401889,-0.3097015803395449,-0.15911815871612028,-0.9374253798046968
941.237903860358,-345.45458517673774,321.6543372332055,-0.3100740990720032,-0.16193236256490257,-0.9368201337710641
939.128262799722,-348.01783873410363,322.800271672507,-0.3104305351181286,-0.16473148023502318,-0.9362138763583087
937.0153513850939,-350.57431369729215,323.95526191990103,-0.31077059818837827,-0.16751576309942934,-0.9356068107997362
934.8992539003801,-353.12408010313584,325.11918973905733,-0.31109402660013846,-0.17028544259527234,-0.9349991308305292
932.7588461055898,-355.6926068632729,326.303709330607,-0.3114035657346968,-0.1730682114290405,-0.934384938577495
930.6365950309901,-358.2291043974385,327.48524728454953,-0.3116928762644467,-0.17580915949488293,-0.9337765740923784
928.5114048165369,-360.75910926741153,328.675371842259,-0.31196492434424933,-0.17853608458286446,-0.9331681265885089
926.383355292466,-363.2826947722135,329.8739680608613,-0.3122195498717889,-0.18124914290010946,-0.932559757268044
924.2525252105646,-365.7999349402337,331.08092183259214,-0.31245661445109046,-0.18394847366901848,-0.931951620590147
922.0976435393653,-368.3359827805434,332.30831312128413,-0.31267810407424496,-0.18666098896158892,-0.9313377896512186
919.9614584752633,-370.84069554797634,333.531723786102,-0.3128795324424148,-0.18933308444272465,-0.9307305632211826
917.822723531817,-373.3392898847485,334.7631536090077,-0.3130630986863958,-0.1919917783005142,-0.9301239988871796
915.6815132823236,-375.8318424275312,336.002491855589,-0.3132287358574281,-0.19463715127981426,-0.92951822917834
913.5379012968165,-378.31843038809166,337.2496286342147,-0.3133763909346405,-0.19726927218659757,-0.928913382321382
911.3704892278248,-380.8239090719992,338.5170416226324,-0.3135072285096109,-0.19991432179748528,-0.9283035503608044
909.2222683319691,-383.29874397290973,339.7795244245887,-0.31361862787678013,-0.20251997148104817,-0.9277009310117141
907.0718612566606,-385.7678498849648,341.04948005644655,-0.31371195457320616,-0.20511251523347784,-0.9270995985612629
904.9193377152953,-388.2313060459612,342.3268019879257,-0.3137871966819065,-0.2076919849937088,-0.9264996678725165
902.7647665023842,-390.689192132837,343.611384518907,-0.3138443491289097,-0.21025840616274477,-0.9259012512993777
900.586640230747,-393.1660847454125,344.91607594115027,-0.31388371175778074,-0.21283726677931575,-0.9252984996005714
898.4281576782986,-395.6130176604845,346.21493586233953,-0.3139045101913758,-0.21537751565209431,-0.9247034574570621
896.267829157654,-398.0546227324337,347.52074318750107,-0.31390723306009094,-0.21790476264520767,-0.9241102550286375
894.1057199560005,-400.49098115702986,348.8333954946626,-0.3138918912576677,-0.22041901632046226,-0.9235189970146822
891.9418945306126,-402.922174452302,350.1527911640822,-0.31385849722677533,-0.22292028305252165,-0.9229297866697845
889.7547536145478,-405.372520144246,351.4921229589993,-0.3138064587952849,-0.2254333849929046,-0.9223368665238336
887.5876703010497,-407.7935793232357,352.82476858967044,-0.3137368198214261,-0.2279085616786222,-0.921752079141631
885.4190599524012,-410.20972047943405,354.1638564760701,-0.31364916800005715,-0.23037076364619985,-0.921169642720568
883.2489838779222,-412.62102622019006,355.50928814114843,-0.3135435150646097,-0.23281999428349487,-0.9205896558308497
881.0775026465428,-415.0275793778519,356.8609658712767,-0.31341987131883287,-0.23525625724817054,-0.920012216053716
878.8829412458803,-417.453458529146,358.23240170272743,-0.3132767382776211,-0.23770372423956637,-0.919431685736779
876.708815968576,-419.8507103910756,359.59634147749546,-0.3131169569013069,-0.24011393541325482,-0.9188596570321415
874.533463555556,-422.24346018543656,360.966237717507,-0.3129392044050249,-0.2425111934505034,-0.9182904635231502
872.356941782433,-424.63179148364,362.34199568048047,-0.31274348310595795,-0.24489550457537743,-0.9177241990998847
870.1793077712093,-427.015788004672,363.72352134156534,-0.31252979318659313,-0.24726687561538088,-0.9171609567541311
867.9788259673761,-429.4193098748501,365.1246217256558,-0.312295725424684,-0.24964883294724297,-0.9165952433269281
865.7991265962924,-431.79484727911927,366.51745888134235,-0.31204591104686646,-0.25199421665135846,-0.9160383530034095
863.6184831475808,-434.1663026630247,367.9157849508301,-0.31177811699506114,-0.2543266825375139,-0.9154847591918047
861.4369502883567,-436.53376021369195,369.3195086865639,-0.3114923364733452,-0.2566462376074482,-0.9149345512332114
859.2545821137566,-438.8973042080265,370.7285395081088,-0.31118856162515657,-0.25895288805519995,-0.9143878175487344
857.0495968947519,-441.28059709958416,372.1569560156781,-0.31086347517021345,-0.26126951122060454,-0.9138392322020568
854.8657111423563,-443.63653010453004,373.5763827142434,-0.3105235055227178,-0.2635502366505276,-0.9132997455815552
852.681149604228,-445.98880367908237,375.00084777270064,-0.31016551528326314,-0.2658180667479699,-0.9127639938776289
850.495964235176,-448.33750237479353,376.4302631808446,-0.3097894962501081,-0.2680729998597748,-0.912232061900526
848.310206493105,-450.6827107940708,377.86454154293307,-0.3093954412191784,-0.2703150311190174,-0.911704033611739
846.1020620999789,-453.0479147005519,379.3180104397227,-0.30897913233929314,-0.27256637789588584,-0.9111747721593125
843.9153076130175,-455.3863637685954,380.7618013932003,-0.3085488094631024,-0.2747824460932202,-0.9106548410335986
841.7281327836711,-457.72157746719154,382.2101958399281,-0.3081004394213933,-0.2769855732071234,-0.9101390616073269
839.5405872165832,-460.05364055305404,383.6631087404995,-0.3076340234400524,-0.2791757363711862,-0.909627514889304
837.3527200876143,-462.3826378123106,385.1204556160903,-0.3071495658828332,-0.2813529070487369,-0.9091202813012215
835.1426975436256,-464.7318994535201,386.59679119195215,-0.30664195865324817,-0.28353862611609404,-0.9086124348111781
832.9543311654951,-467.05499099119857,388.0627970163517,-0.30612126516514926,-0.2856895705231295,-0.908114111941885
830.7657887848309,-469.37527206530694,389.53298580806023,-0.30558256555978525,-0.2878273982733032,-0.9076203415686104
828.5771179841755,-471.6928275621831,391.00727522678676,-0.3050258799677015,-0.28995205429766563,-0.9071312026154174
826.3883659790157,-474.00774239156885,392.48558343807906,-0.3044512330241307,-0.2920634762196976,-0.90664677386982
824.1776917501833,-476.3432124589651,393.98267116908346,-0.30385263775908716,-0.29418250792005746,-0.9061623621408641
821.9889179278834,-478.6530765001728,395.4688115894923,-0.3032419818123227,-0.2962671102567179,-0.905687639225947
819.8002029211356,-480.9605556001345,396.95872742197116,-0.30261346680519996,-0.29833824525649627,-0.9052178639009575
817.6115925889068,-483.2657347714405,398.4523387490344,-0.30196713607085457,-0.30039582020589317,-0.9047531154607841
815.4231324798346,-485.5686990568188,399.9495661031707,-0.3013030374450143,-0.30243973489926623,-0.9042934735916599
813.2129863362453,-487.89253140888127,401.4653556945666,-0.3006143156497052,-0.3044901133675263,-0.9038345003859336
811.024964762861,-490.1913011674285,402.969612631878,-0.2999146654112032,-0.3065062384561771,-0.9033853658648293
808.8372287504432,-492.48811222848735,404.4772489999802,-0.2991974161234449,-0.3085083585077311,-0.9029415811202403
806.649822711676,-494.7830497851587,405.98818702102676,-0.29846263103137516,-0.3104963456488109,-0.9025032283690532
804.4627908026451,-497.0761990769681,407.5023493094757,-0.29771037623539937,-0.31247006603233574,-0.9020703906655652
802.2543130537833,-499.3905515458191,409.0348475898631,-0.2969329359600835,-0.3144489002299472,-0.9016389081479914
800.0681657358734,-501.68036448772796,410.55525808702146,-0.29614577583727614,-0.3163935179030294,-0.9012174106633113
797.8825240154767,-503.96864605817314,412.078662169093,-0.2953413566234388,-0.3183234350991678,-0.9008016839096674
795.6974311259625,-506.25548172589833,413.6049839038779,-0.29451975003596087,-0.3202384994925967,-0.900391814868108
793.5129300972135,-508.54095702838504,415.13414769109187,-0.2936810274761882,-0.3221385557620498,-0.8999878915808096
791.3072284527567,-510.84799343454506,416.68141127376333,-0.2928166157217048,-0.3240422181077163,-0.8995860550503875
789.1240464634037,-513.1309934606638,418.21606017054427,-0.29194370079596416,-0.32591162982267063,-0.8991943533585423
786.9415847354757,-515.4128910534571,419.7533254396453,-0.29105387490132345,-0.3277655553220259,-0.8988088688088078
784.7598855918121,-517.6937720753649,421.29313268500874,-0.2901472000359278,-0.3296038348567524,-0.8984296936093744
782.5789912066963,-519.9737224822929,422.83540777845855,-0.28922373369133736,-0.33142630953837254,-0.8980569209217294
780.3771475595678,-522.2756154133831,424.3955353773316,-0.2882740415292523,-0.3332508061618029,-0.8976870151522186
778.1979977755906,-524.5539557078689,425.9425476196844,-0.28731697546705315,-0.33504104006595004,-0.8973273968179011
776.0197789138385,-526.8316247279122,427.49180606613834,-0.2863432547498376,-0.3368150042201683,-0.8969744664099629
773.842532669079,-529.1087088528145,429.0432375273873,-0.28535290981173067,-0.33857255120952084,-0.8966283201134428
771.6663006464718,-531.3852945790682,430.59676901357125,-0.28434596213573243,-0.3403135383827104,-0.8962890546082464
769.4693780831262,-533.68422847806,432.1678932986777,-0.2833121042586,-0.34205498667424467,-0.8959534796359946
767.2953102054806,-535.9600745749417,433.72542577117906,-0.2822718096622944,-0.3437622798111484,-0.8956283383463338
765.1223813669917,-538.2356833777662,435.2848396283667,-0.28121491469675236,-0.3454526192697299,-0.8953103705373802
762.9506329405782,-540.5111418947365,436.84606253521775,-0.2801413968905853,-0.3471258880119549,-0.8949996735307244
760.7801062742002,-542.7865372710532,438.409022282883,-0.2790512210138397,-0.3487819767535622,-0.8946963444334413
758.5891565873524,-545.0847114050209,439.98930118163656,-0.2779331850861822,-0.35043708486764985,-0.8943975593533974
756.4212107069682,-547.3602440574682,441.55553397688897,-0.2768093653386666,-0.3520583446116296,-0.8941093318214075
754.2546110326684,-549.6359767347735,443.1232868714762,-0.2756686987249968,-0.3536621460387777,-0.8938287615659463
752.0893989525488,-551.9119971617281,444.6924880077581,-0.27451109345259483,-0.35524841439482574,-0.8935559432074875
749.9256159010492,-554.1883932138246,446.26306557614834,-0.27333644263490486,-0.35681708399097495,-0.8932909703449786
747.7416878154763,-556.4880241558678,447.85067296689107,-0.2721326187461012,-0.3583835190476782,-0.8930314054328615
745.5809027166588,-558.765441660817,449.4238000486021,-0.27092332100632,-0.3599166531067333,-0.8927824801996026
743.4216717968703,-561.0435002230433,450.9980875420186,-0.269696563101474,-0.3614320451162081,-0.8925416744412377
741.2640368302524,-563.3222883381923,452.5734636664079,-0.26845217627453033,-0.362929665005123,-0.8923090761124968
739.1080397153256,-565.6018946589882,454.14985660656606,-0.26718997642552295,-0.36440949088989727,-0.8920847714466905
736.93218794515,-567.9052180102879,455.74297240345106,-0.26589687060480055,-0.36588603890882737,-0.8918667281237607
734.7796102430555,-570.1867377400445,457.3211916734701,-0.26459824909200863,-0.36733006360710796,-0.8916593469189015
732.6287974234721,-572.469343470276,458.9002112161762,-0.2632811709199847,-0.36875627316704407,-0.8914605072794609
730.4797920498704,-574.7531244842412,460.479958906786,-0.2619453939684849,-0.3701646733064865,-0.8912702874070232
728.3326368940357,-577.0381702211373,462.06036249998175,-0.26059066296877587,-0.37155527485130146,-0.8910887633135479
726.16593204082,-579.3474414184009,463.65716218501024,-0.25920287268895403,-0.3729417312846781,-0.8909143257666143
724.0226261397279,-581.6353004312728,465.23866502060866,-0.25780922244052246,-0.3742966065085646,-0.8907505010836569
721.8813006321001,-583.9246943080366,466.8206053961528,-0.256395778188367,-0.37563373730196636,-0.890595587417622
719.7419993006287,-586.2157130998644,468.40291040638755,-0.2549622400851629,-0.3769531454293403,-0.8904496517387619
717.6047662245348,-588.5084470059994,469.98550693710274,-0.25350829963306754,-0.37825485266243297,-0.8903127587845027
715.4483054131533,-590.8259411887832,471.58415064746794,-0.2520187885027448,-0.37955163065611563,-0.8901837394088327
713.3153641621068,-593.1223959190538,473.16711102506423,-0.2505228768801761,-0.38081781896085126,-0.8900652093647862
711.1846258154828,-595.4208381333931,474.7501414086561,-0.24900559380249085,-0.3820663598181271,-0.8899559039359168
709.0561358222359,-597.7213586004214,476.33316766695776,-0.2474666080459096,-0.38329726268290837,-0.889855879523219
706.9299400181158,-600.0240482238337,477.91611537029723,-0.24590558602120313,-0.3845105307301591,-0.8897651906661553
704.7848580666531,-602.3520592598481,479.5147366888828,-0.24430624510075144,-0.38571802661846466,-0.8896831247957491
702.6634138934296,-604.659384406546,481.09730004638527,-0.24269991847268532,-0.3868958259500914,-0.889611358648117
700.5444043908697,-606.9691531138942,482.67955883507227,-0.24107055126979304,-0.38805594844468505,-0.889549082505948
698.427877126499,-609.2814567958376,484.2614372497153,-0.23941781458584724,-0.3891983586187484,-0.889496344965739
696.3138801444376,-611.5963869853383,485.8428590975918,-0.23774138434126868,-0.3903230080815228,-0.8894531935597784
694.181360989993,-613.9372258515157,487.43955371495406,-0.23602381595997698,-0.39144081231618383,-0.88941938856365
692.0725972275555,-616.25771267707,489.0198257207046,-0.23429880798046188,-0.39252955797131356,-0.8893956457605243
689.9665114136416,-618.5811022084508,490.5994093035342,-0.23254917437411438,-0.39360030716451566,-0.8893816277042815
687.8631536793365,-620.9074864217123,492.17822654030016,-0.2307746245421601,-0.3946529477782611,-0.8893773796748793
685.7625747192196,-623.2369573948763,493.75619903268296,-0.22897487965833035,-0.3956873491789993,-0.8893829468711157
683.6438627858099,-625.5929501694031,495.3490134459187,-0.2271312923410644,-0.39671342789540737,-0.8893985789099024
681.5490248788549,-627.9289044658333,496.9250488345452,-0.2252801155118492,-0.3977106935235887,-0.8894240123877665
679.4571219058739,-630.2682232585521,498.50000045861486,-0.22340298721406285,-0.39868920571656496,-0.8894593990446826
677.3682069877976,-632.6109990009645,500.07378784189905,-0.22149968732099576,-0.3996487509552768,-0.8895047860335483
675.282333891104,-634.95732423192,501.64632994745426,-0.21957001281836375,-0.4005890935336461,-0.8895602214649863
673.178745096946,-637.3308099522117,503.2332503345299,-0.2175940815559407,-0.40151908468086617,-0.8896264611109913
671.0991513969063,-639.6845499193771,504.8030419389478,-0.215610853072582,-0.402420024894888,-0.88970224434971
669.0227654080026,-642.0421184011025,506.3713407918924,-0.21360074954677105,-0.4033009151047121,-0.8897882285514681
666.9496436403396,-644.4036082475347,507.93806344037876,-0.21156364330109503,-0.4041614274436973,-0.8898844674449825
664.8798433256337,-646.7691123787781,509.5031257875949,-0.20949942646996567,-0.4050012109243987,-0.889991016504395
662.7927754868269,-649.1624409523613,511.08206714843385,-0.20738695940612506,-0.40582797065397425,-0.8901091547125889
660.7298274120693,-651.5362951513914,512.6435352071654,-0.2052680046900676,-0.40662493529457955,-0.8902366023969341
658.6703775570047,-653.9144437160357,514.2030857836451,-0.2031217349742977,-0.4073999779629347,-0.8903745384594235
656.6144861896605,-656.296979816,515.760632036232,-0.20094812181626198,-0.4081526584077947,-0.8905230259646106
654.5622143696903,-658.6839966752352,517.3160863984874,-0.19874715578955732,-0.4088825154553927,-0.8906821299545828
652.4931568601259,-661.0995268921233,518.884881994192,-0.1964964249130862,-0.4095960141248978,-0.8908536693584265
650.4483483070378,-663.4958322867783,520.4358637526649,-0.19424052521226126,-0.4102785211106933,-0.891034316668268
648.4073480016536,-665.8968993373803,521.9844855112469,-0.1919573527998213,-0.4109366994819764,-0.8912257871745775
646.3702203100142,-668.3028214496871,523.5306566374143,-0.1896469674311903,-0.4115700136580167,-0.8914281527984703
644.3370304547971,-670.7136920647531,525.0742856944412,-0.18730944359569873,-0.41217791212035626,-0.8916414868656425
642.2875731142697,-673.1537895585311,526.6306767553591,-0.1849210872427742,-0.41276551480349316,-0.8918681636217081
640.2624991392863,-675.5748894470314,528.1689163212855,-0.18252929358378003,-0.41332060178185853,-0.892103770380155
638.2415646167044,-678.0012192604586,529.7043335816113,-0.180110661553569,-0.41384853051240106,-0.8923505720217042
636.2248383293794,-680.4328725309956,531.2368337168899,-0.17766531117696788,-0.4143486991329106,-0.8926086447773495
634.2123899788501,-682.8699427985862,532.7663210248049,-0.17519337002133367,-0.41482049684446937,-0.8928780647424798
632.1842314014375,-685.3369775565977,534.307946651536,-0.17266985430960843,-0.4152675847421795,-0.8931617739665614
630.1805963312734,-687.7852189460189,535.8310850230196,-0.17014487332053055,-0.4156804798632417,-0.8934542297977025
628.1814546674366,-690.2391588594326,537.3509170172383,-0.1675937135872737,-0.4160631255938889,-0.8937582574091669
626.1868799187168,-692.69889078921,538.8673432343132,-0.1650165154076675,-0.4164148894297545,-0.8940739284331676
624.1969465742937,-695.1645081922447,540.3802633130799,-0.16241341781336757,-0.4167351371171579,-0.8944013121670408
622.1919020299188,-697.6608509507987,541.9046504783216,-0.159758138499318,-0.41702595031287604,-0.8947439264666038
620.2115272693939,-700.1385806651749,543.4102156554313,-0.15710338945186558,-0.4172809311687971,-0.8950950505424758
618.2360241691049,-702.6224768248901,544.9119666482361,-0.154423133878775,-0.4175024890181912,-0.8954580768448478
616.2654712765714,-705.1126326203516,546.4097990839698,-0.1517174880348196,-0.41768999528091444,-0.895833060154979
614.2999481836733,-707.609141138751,547.9036075505284,-0.14898655840823113,-0.41784282570784803,-0.896220050221011
612.3199574968197,-710.1371577537748,549.4081611396638,-0.14620275212414086,-0.41796135634451104,-0.896623142615661
610.3647893606453,-712.64671633225,550.893558270545,-0.1434212771654303,-0.4180426222124982,-0.8970343935825066
608.4148970326064,-715.1629070215977,552.3746077140363,-0.14061476523901018,-0.4180873685720404,-0.897457765043729
606.4703644270292,-717.6858223066763,553.8511997360094,-0.13778326964885654,-0.41809499734135364,-0.8978932808541361
604.5312765705588,-720.2155544675227,555.323223486663,-0.1349268274968679,-0.4180649184733086,-0.8983409570778437
602.5784122721818,-722.7775971658398,556.8052164036227,-0.13201651948240298,-0.41799567159380147,-0.8988054612164968
600.6505301404841,-725.3213094409525,558.2677180167233,-0.12910997792165846,-0.41788805054489464,-0.8992775938567897
598.7283555437798,-727.872114855596,559.7253108193681,-0.1261784967626341,-0.41774099877583937,-0.899761882331368
596.811978112082,-730.4301045972961,561.1778793416122,-0.12322204172847115,-0.4175539618830314,-0.900258305903395
594.901488659648,-732.9953695041638,562.6253069263004,-0.12024056010338079,-0.4173263945450404,-0.9007668333825698
592.9779646183941,-735.5937638368439,564.0818704448599,-0.11720378764938774,-0.41705486467303654,-0.9012926894262444
591.0795895845934,-738.1739250250062,565.5186069839194,-0.11417176797910236,-0.4167442165393466,-0.9018254073697041
589.1873831755922,-740.7616323324946,566.9498441507711,-0.11111445219188992,-0.4163914481205522,-0.9023700684564873
587.3014411016102,-743.3569748271261,568.3754603987618,-0.10803171559202768,-0.4159960469123203,-0.9029265957870362
585.421860330265,-745.9600410325554,569.7953329324683,-0.10492341720680536,-0.41555750735800684,-0.9034949001516539
583.5300408449506,-748.5970674062489,571.2234476896954,-0.10175793031951692,-0.41507028620442077,-0.9040807381684829
581.6635447803204,-751.2159236269297,572.631398793834,-0.09859776630160375,-0.4145435332340092,-0.9046723934851766
579.8037096222365,-753.8427662627764,574.0332289315809,-0.09541152990627697,-0.4139721537782626,-0.9052754806450521
577.9506375213132,-756.4776811779755,575.4288102029132,-0.09219902771254958,-0.41335566186150347,-0.9058898587002169
576.1044319540415,-759.1207534433163,576.8180134150153,-0.0889600571286763,-0.4126935738506898,-0.906515373470306
574.2468409562362,-761.7986223208638,578.2145017100568,-0.08566161666779744,-0.41197809164551324,-0.9071582769472927
572.4147555657911,-764.4583447077871,579.5904889526112,-0.08236880568237609,-0.41122289763837366,-0.907805655582933
570.5898562952843,-767.1264751409688,580.959701410576,-0.07904888263968017,-0.4104206564931314,-0.9084636255113161
568.7722520542732,-769.803094921964,582.3220046604654,-0.07570162997944858,-0.4095708844540657,-0.9091319782220671
566.9620531321335,-772.4882842552261,583.6772629693503,-0.0723268321860474,-0.4086730947683628,-0.9098104917829758
565.1413827289866,-775.2091045002162,585.0387833230038,-0.06889011184024775,-0.40771708735304096,-0.9105058644352548
563.3464077469773,-777.9117564793733,586.379465413165,-0.06545931760841897,-0.40672129392140877,-0.9112040752812377
561.5591784560316,-780.6232121218345,587.7126861213479,-0.062000367801909526,-0.40567599156910916,-0.9119116976203604
559.7798107456641,-783.3435465423927,589.0383044901764,-0.058513081475372215,-0.4045806733834669,-0.912628455627391
558.0084219115563,-786.0728334055013,590.3561782750576,-0.054997292503778564,-0.40343482508334944,-0.9133540604427297
556.2275390416926,-788.8385737781882,591.6792234874291,-0.051417263324548185,-0.40222569640642303,-0.9140955935691749
554.4725482614856,-791.5860716404079,592.9810952106825,-0.04784375675156719,-0.4009766958144993,-0.9148380536212863
552.7258979007943,-794.3427341528047,594.2747865393362,-0.044241365810246555,-0.3996755694124608,-0.9155884123153094
550.9877108809159,-797.1086283903089,595.5601501919448,-0.04061001111658953,-0.3983217698172055,-0.9163463290081975
549.2581115123132,-799.8838195853798,596.837037673697,-0.03694964074056872,-0.39691474100106316,-0.9171114503838683
547.5200610554596,-802.6962640392628,598.1179378446925,-0.03322319157631166,-0.39543903613051834,-0.9178911636167171
545.808104474844,-805.4903315857514,599.3773342269933,-0.029504464304375668,-0.3939232992195823,-0.918669647325997
544.1051179891717,-808.2938804929345,600.6278003821014,-0.025756751465301254,-0.39235260808748895,-0.9194541971631325
542.411231351841,-811.1069677775085,601.8691831982546,-0.021980130586243127,-0.39072637399717547,-0.9202444102098264
540.7265756280724,-813.9296481981269,603.1013284882621,-0.01817471561569265,-0.38904400216749463,-0.9210398710641073
539.0345779815424,-816.790346312808,604.336260589998,-0.014302172708085072,-0.38728721221107665,-0.921848177908706
537.3688780510795,-819.6324650301272,605.5493678667893,-0.01043937655969787,-0.3854901824944756,-0.9226528808915198
535.7128111971515,-822.4843272349472,606.7527674045137,-0.00654835562589933,-0.38363519577727423,-0.9234615073729546
534.0665134698102,-825.3459777896596,607.9463010986217,-0.002629376030647637,-0.3817216429409692,-0.9242735924455142
532.4301220769628,-828.2174588800831,609.1298099819951,0.0013172573920754418,-0.3797489153866326,-0.9250886585055723
530.7875630720782,-831.1276734137032,610.3148155454129,0.005331077886412032,-0.3776957774400307,-0.9259144017200184
529.1715029417251,-834.0190302587489,611.4776904558349,0.009332220152268707,-0.3756022778305298,-0.9267339632038678
527.5657686959585,-836.9203276449753,612.630057401954,0.01335987184214167,-0.3734477923162794,-0.9275549904121364
525.9705017353831,-839.8315962124641,613.7717545158359,0.01741358039854501,-0.37123173357056244,-0.9283769531865267
524.3858443751474,-842.7528635254662,614.9026193622702,0.021492859514268575,-0.36895352505667706,-0.9291993076504912
522.79625552709,-845.7135175930475,616.0336316261144,0.02563835883833046,-0.3665888761132624,-0.930029714829635
521.2333573645701,-848.6549529506273,617.1422302998981,0.029767436241551242,-0.3641840596109421,-0.9308511537646068
519.681502066772,-851.6064507088778,618.239505066222,0.03392043565672729,-0.36171544921683974,-0.9316712606079024
518.1408349751948,-854.5680253600387,619.3252919432837,0.03809675522632698,-0.3591825378349439,-0.9324894325168916
516.6115020066942,-857.5396879633415,620.3994267622091,0.04229577062983237,-0.3565848412968977,-0.9333050512796423
515.0785295232131,-860.5513146602851,621.4723082092207,0.04655915698779443,-0.3538949423360986,-0.9341255882853844
513.5724214696106,-863.5432732962123,622.522525453063,0.050801823921441384,-0.35116567344777827,-0.9349341391126027
512.0780894042534,-866.5453318173105,623.5605962416789,0.0550651979080231,-0.34837033235285664,-0.9357381767971801
510.5956807183139,-869.5574868964571,624.5863565494731,0.0593485917851983,-0.3455085557916737,-0.9365370161012676
509.12534294471766,-872.5797314789205,625.5996426248763,0.06365131023493092,-0.3425800166241843,-0.9373299541330953
507.6527046708147,-875.6424288162003,626.6102332044461,0.06801595799770803,-0.33955413049988264,-0.938124097291037
506.20707580371175,-878.6849166389089,627.5979523381808,0.07235539775374855,-0.33649056583706966,-0.9389029744965909
504.7739617839645,-881.7374497506052,628.5727070321012,0.07671205014181898,-0.33335949374084106,-0.9396737249151375
503.35350970613774,-884.8000056841419,629.5343356740805,0.08108521690163667,-0.330160752676672,-0.9404355719516295
501.94586628948224,-887.872558030292,630.4826774574052,0.08547420561416222,-0.3268942287354866,-0.9411877195299879
500.53729679677053,-890.9859518048019,631.4268529997623,0.08992244856745055,-0.32352616713878907,-0.9419367135960454
499.15584053765235,-894.0785009522665,632.3480055800504,0.094341183829228,-0.3201232447379169,-0.9426668813595646
497.78763116464427,-897.1809429245916,633.255393282974,0.09877372056010673,-0.3166524846712508,-0.9433848398602966
496.4328127499753,-900.2932352195978,634.1488596852504,0.10321941467068396,-0.31311397204775443,-0.944089716575453
495.0915284114568,-903.4153312693583,635.0282497524067,0.10767764023100551,-0.30950784133307946,-0.9447806210690501
493.75071365124336,-906.5785479907838,635.9019891855829,0.11219254892989554,-0.3057972059234998,-0.9454633260015927
492.43706127186925,-909.7201922171753,636.7526230604011,0.11667414385305497,-0.302055787785575,-0.9461233773781265
491.13736677096136,-912.8714753820756,637.5887235489726,0.12116650185721625,-0.2982474795672071,-0.9467666659528594
489.8517682175519,-916.0323345227165,638.4101424061108,0.12566907738528565,-0.2943726318512969,-0.9473922295470192
488.58040211390625,-919.20270258456,639.2167333866869,0.13018134809272144,-0.2904316466674652,-0.9479990903069405
487.31090629080904,-922.414353895117,640.0161924674329,0.1347480729031108,-0.2863845851133355,-0.9485920230838764
486.0685533810906,-925.6036155342366,640.7925457253298,0.13927834111659484,-0.2823121005068653,-0.9491582700494217
484.84083310202163,-928.8021596470822,641.5536442140832,0.14381686831675275,-0.2781750144170812,-0.9497027796851069
483.62787444423645,-932.0099028722451,642.2993509373646,0.1483632227294296,-0.27397394309146483,-0.9502245169686229
482.42980422290196,-935.2267578260777,643.0295315083182,0.15291699552139804,-0.2697095534974246,-0.9507224354315663
481.2349926176264,-938.4849371149983,643.7511199857158,0.15752344169496277,-0.26533898011011164,-0.9512000793475052
480.06722238311215,-941.7198261740313,644.4496976150596,0.1620909752485927,-0.26094954461392444,-0.9516469150418897
478.91470798966543,-944.9635399396421,645.1323615251266,0.16666482498118035,-0.2564991035280815,-0.9520667235038116
477.7775663637277,-948.2159751930409,645.798988969414,0.17124466534523375,-0.251988523486204,-0.9524584235661115
476.6559116869105,-951.4770248573834,646.4494603879139,0.17583019068499395,-0.24741871656471495,-0.9528209289982815
475.5388738667705,-954.7793161317601,647.089918946952,0.18046704937765812,-0.2427440705351437,-0.9531563147296207
474.44868173140156,-958.0573414759856,647.7075685097735,0.18506315031901951,-0.2380581654645942,-0.9534568371193486
473.37430261654845,-961.3436361069954,648.3087224814285,0.18966412570501665,-0.2333160541673238,-0.9537248755738429
472.31583866717244,-964.6380779534818,648.893275141256,0.1942697402142157,-0.22851882764007386,-0.953959335323633
471.2733887875071,-967.9405413409135,649.4611244691904,0.19887977690292302,-0.22366761501366067,-0.9541591231724115
470.2368668192062,-971.2840400206018,650.0175975457331,0.20354019764854114,-0.2187142846494248,-0.9543246039118364
469.22689086472525,-974.6022322802555,650.5515799894865,0.2081585322244144,-0.21375814025436984,-0.954451404177903
468.23320625821026,-977.9280466945308,651.0685752689822,0.2127807351330302,-0.20875164797241316,-0.9545402601383818
467.2558980675069,-981.261343794351,651.5684970955203,0.21740665792661304,-0.20369608839645167,-0.95459009457524
466.29504772168315,-984.6019808524586,652.0512633060681,0.2220361702115144,-0.1985927767889965,-0.9545998366462459
465.34137355537723,-987.9833261011518,652.5213639786946,0.22671550714703748,-0.19339133545758888,-0.9545678971078968
464.41383476140453,-991.3382719468523,652.9694158954587,0.23135191779655864,-0.18819615336396323,-0.9544938438726897
463.50297631006595,-994.7001092941945,653.4000904868344,0.2359916462481078,-0.18295737054283676,-0.9543765208056826
462.6088644197117,-998.068683185305,653.8133228119978,0.24063464713299584,-0.17767642526865257,-0.9542148890595511
461.73156138397815,-1001.4438358397875,654.209052370659,0.24528090104690586,-0.17235478118453346,-0.9540079187220879
460.86260653573345,-1004.8592543257636,654.590916009864,0.2499769246536351,-0.16694012827816612,-0.9537518181954783
460.01926165232385,-1008.2471420952111,654.9513001884118,0.2546297635902559,-0.16154121402097993,-0.9534506382957635
459.1928890230639,-1011.6411176949716,655.2940267589472,0.25928596460511993,-0.15610615516111895,-0.9531010738004682
458.3835348094346,-1015.0410130620836,655.6190534658405,0.2639456247878958,-0.15063651011395862,-0.9527021302463927
457.5912410730338,-1018.4466578485673,655.9263426872253,0.2686088774809474,-0.14513385395721273,-0.9522528211425536
456.80838026576134,-1021.8920193316061,656.2186668051521,0.27332258169249407,-0.13954428529908877,-0.951746898485788
456.05048864322,-1025.3086965085286,656.4902087204698,0.2779936035904611,-0.1339801107787593,-0.9511934010907042
455.3097591594557,-1028.730597792405,656.7439280797694,0.28266884253229024,-0.1283877595619319,-0.9505866129165311
454.5862172534147,-1032.1575449176626,656.9798060233046,0.2873485803113926,-0.1227688697511084,-0.9499255749863054
453.879884191445,-1035.589357977468,657.1978283892279,0.29203314226675176,-0.11712508158714596,-0.9492093336461728
453.18397303057554,-1039.060243580649,657.399897045869,0.29676981698223076,-0.11140126662174929,-0.9484289290839897
452.5122771901505,-1042.5012870276169,657.5820058392081,0.3014652173751703,-0.10571243469413673,-0.9475988623167397
451.8578290030584,-1045.9466464368686,657.7462447300164,0.3061666549963759,-0.10000369268746521,-0.9467107482315817
451.22063299903067,-1049.3961367896309,657.8926183191624,0.3108746083392207,-0.09427670401183594,-0.9457636496348343
450.6006895480042,-1052.8495721812924,658.0211358419787,0.3155895887832829,-0.08853313312964839,-0.9447566331017987
449.9920550084094,-1056.341356268416,658.1328278482474,0.32035940528893775,-0.08271699029661339,-0.9436777792017721
449.40677355165803,-1059.8021560619986,658.2255012072665,0.325090180160315,-0.07694512067344267,-0.9425475177241112
448.83872079095596,-1063.266337634706,658.3003739602478,0.32982969306412074,-0.07116166513256862,-0.9413545511595451
448.2878805618982,-1066.733713203977,658.3574735962555,0.3345785513884995,-0.06536828085258413,-0.9400979634108094
447.7542326272912,-1070.2040949541324,658.3968320492727,0.33933737835551475,-0.05956660173509183,-0.9387768444143367
447.2326745083578,-1073.712040819286,658.4186129064014,0.344154545820971,-0.053700157716134206,-0.9373760940263113
446.7335055275127,-1077.1878976242745,658.4224258869374,0.3489352914714267,-0.047886749338250954,-0.9359225510711698
446.25144361491664,-1080.6661969131137,658.4086200794834,0.35372786872638673,-0.04206993221646278,-0.9344017956369686
445.7864524842864,-1084.146752566173,658.3772446677813,0.358532866466492,-0.03625131237701094,-0.9328129641113836
445.3384919322999,-1087.629379351275,658.3283529702123,0.36335084916076466,-0.030432469094188612,-0.9311552100691822
444.9032937623495,-1091.1487471552537,658.2612508942187,0.36823072483986263,-0.024556818057038212,-0.9294100795509072
444.4894274300039,-1094.6349811044631,658.1773290798066,0.3730763490467718,-0.018742264935665668,-0.9276113223150163
444.09244745489417,-1098.122735859216,658.0760756283862,0.3779363878098612,-0.0129321714882036,-0.9257412412277171
443.71229837172893,-1101.6118316047473,657.9575596261361,0.3828111978167127,-0.007128057436299098,-0.9237991002503297
443.3489210379046,-1105.102090333306,657.8218538660392,0.3877010590320187,-0.0013314242575775126,-0.9217842025848013
442.9988701694205,-1108.6282528739591,657.6674204032217,0.3926552932584679,0.004514061804693484,-0.9196746402517199
442.66901058237727,-1112.1203189208013,657.4973979169847,0.39757589947252153,0.010291175151473165,-0.9175115780591641
442.35572316071244,-1115.6130248200632,657.3104261342925,0.402511852260207,0.016056390351026822,-0.91527394867272
442.05893466460117,-1119.1062015433529,657.1065916775921,0.4074630386153064,0.02180827350153925,-0.9129612649884242
441.7785685248331,-1122.5996827040672,656.8859843387866,0.4124292341371286,0.027545421338143503,-0.910573103376311
441.5119869427253,-1126.1282410896774,656.6462401739984,0.41745997004995383,0.03332356508425818,-0.9080840893969937
441.26438508501275,-1129.6218422598508,656.3922031758358,0.42245515256999033,0.03902690699650751,-0.905543231766078
441.032955899258,-1133.115264423518,656.1216814766916,0.42746391661515615,0.04471139332962367,-0.9029260718899168
440.81761037416544,-1136.6083531727593,655.8347763439941,0.43248553196362716,0.05037569265136827,-0.9002325000976321
440.6182566513422,-1140.1009573819001,655.5315915820601,0.4375191415106829,0.05601850586968365,-0.8974624938190364
440.4330455290636,-1143.6278453381901,655.2089585041614,0.4426142627899501,0.06169462823412583,-0.8945872719986365
440.26554652610133,-1147.1190322034686,654.8733752704937,0.4476688908321346,0.06729039707563692,-0.8916639314464446
440.1137468308754,-1150.6093003505398,654.52183879329,0.4527322064862299,0.07286089059236245,-0.8886646385629384
439.97754437358105,-1154.0985126501437,654.1544616689773,0.45780288759401505,0.07840490018361577,-0.8855897400815906
439.85683486679517,-1157.5865356017052,653.7713583326056,0.4628795246166712,0.08392123874556258,-0.8824396701067191
439.7505360537016,-1161.108099312884,653.3685793480008,0.4680114555357379,0.08946347654638079,-0.8791823268535122
439.6606436530299,-1164.5933426463655,652.9542192115458,0.47309549416685215,0.09492073335363396,-0.8758828162366417
439.5859183572387,-1168.0770169271168,652.5244869734458,0.47818082627989505,0.10034691509558046,-0.8725099392036045
439.52624844563354,-1171.559003355424,652.0795030107457,0.4832658273414846,0.10574096019669384,-0.8690644334343869
439.48152072574806,-1175.0391867609796,651.6193888284542,0.48834885583682436,0.11110181152300783,-0.8655471000928666
439.4513961797694,-1178.552228208627,651.1394403308517,0.4934790626562554,0.11648155595543952,-0.8619225381912831
439.43635469605215,-1182.0284535819856,650.6492858361219,0.49855325660898475,0.12177267723543801,-0.8582634009460558
439.4359073943326,-1185.5025506671832,650.1443722925759,0.5036207168966609,0.12702765033778438,-0.8545350487616966
439.4499367539772,-1188.9744182836553,649.6248243848892,0.5086799915457227,0.1322455592834898,-0.8507383723865056
439.47832456368434,-1192.4439585373511,649.0907672749233,0.5137297199409884,0.13742550831982123,-0.8468742554313436
439.52144985002434,-1195.9457353614794,648.5367698682943,0.5188189973968722,0.14261786358052278,-0.8429039049190792
439.578338495022,-1199.410314262833,647.9739292417247,0.5238459290988938,0.14771894521449563,-0.8389067622753044
439.6492270640434,-1202.8722899319428,647.3969579123419,0.5288600067402951,0.1527795701927033,-0.8348445940427407
439.7339960008735,-1206.3315765750403,646.8059818753611,0.533860429218575,0.15779893548944543,-0.8307180857986403
439.83252573572605,-1209.788091113003,646.2011271006002,0.5388465771268174,0.1627762953199019,-0.8265278240934432
439.9458869886144,-1213.2762750033387,645.5762643539117,0.5438676420785797,0.167760045364572,-0.8222314486074848
440.0717147047068,-1216.7269766321601,644.9438939056622,0.548823920765692,0.17265076737952242,-0.8179144310492608
440.2109442664302,-1220.1746712059505,644.298023021634,0.5537650965772137,0.17749732240724045,-0.8135348292182024
440.3634570211006,-1223.6192852733443,643.6387769041343,0.5586912342462407,0.18229901395176512,-0.8090928094406888
440.52913472410063,-1227.0607474835401,642.9662804464215,0.563602550283992,0.18705515354392496,-0.8045884257470022
440.7097123213204,-1230.5333543880315,642.2737361166415,0.5685482918770504,0.1918119279355358,-0.7999756396949482
440.90149572479885,-1233.9682734706228,641.5749828993864,0.5734309982199619,0.19647445778128744,-0.795345634123937
441.10609097710375,-1237.3998375478814,640.863353168369,0.5783002638761615,0.20108939400007975,-0.7906528064969119
441.323381748295,-1240.827982691676,640.1389703892021,0.5831567121819204,0.2056560475889231,-0.7858968374585025
441.55325218240716,-1244.2526466279696,639.4019576666772,0.5880010075060965,0.21017372448321586,-0.7810773461755685
441.7980727706611,-1247.7079618243529,638.6448798152381,0.5928820810308739,0.214686148027233,-0.7761447647428472
442.05287961359767,-1251.1254466121738,637.8828519283035,0.5977039281489046,0.2191032437291706,-0.771196332241489
442.3199198989717,-1254.5392723072944,637.1085626383256,0.6025154965688122,0.22346920282606247,-0.7661831320139606
442.59907926271757,-1257.9493829142782,636.3221337928674,0.6073172690712305,0.2277832741599721,-0.761104798763499
442.8902435656329,-1261.3557239805618,635.5236869863734,0.6121096096281882,0.23204472618193783,-0.7559610246910732
443.1963890365752,-1264.7922483325917,634.7051804873925,0.6169405052700886,0.23629456970124094,-0.750699200270517
443.51133853256346,-1268.1908542791325,633.8829445210397,0.6217143353287387,0.24044790512916778,-0.7454234301158906
443.8379500416172,-1271.585536398918,633.0490553200646,0.6264788068471414,0.2445462908018316,-0.7400820334438936
444.1761096193806,-1274.9762467741812,632.2036336906936,0.6312335340547104,0.24858892503237978,-0.7346752832619641
444.52570321351214,-1278.3629392538317,631.3468002670413,0.6359779434201256,0.25257509345191564,-0.7292035913590005
444.89028253571047,-1281.7793751653508,630.4699376464318,0.6407584805919411,0.25654301404502433,-0.7236119481422362
445.2625128634264,-1285.1578595529518,629.5905307049736,0.6454794254118191,0.26041337249648233,-0.7180119684204691
445.64583293192067,-1288.5321984747686,628.7000739056758,0.6501869370744778,0.26422507891849834,-0.7123496715295252
446.0401280187839,-1291.9023535527454,627.7986869848669,0.6548795817835825,0.2679774712074062,-0.7066263569159051
446.44528328236163,-1295.2682884966566,626.8864893209204,0.6595557598833148,0.2716699334803204,-0.7008435252233854
446.8653967017363,-1298.663564390656,625.9543173711426,0.6642602346893789,0.27533798929480524,-0.694944121682819
447.2920333880165,-1302.020915836526,625.0207493702794,0.6688980066509348,0.278908458514779,-0.6890468260338455
447.72918466391263,-1305.3739510416765,624.0767268867066,0.6735138875670088,0.2824176094327778,-0.6830954085167386
448.17673617463896,-1308.7226424971095,623.1223668551288,0.678106013038513,0.285865112313392,-0.677091849487988
448.6345740753585,-1312.066964892978,622.1577852637017,0.6826725848866954,0.28925072973793214,-0.671038119029159
449.1073163487314,-1315.4402721348256,621.173299457185,0.6872571061201007,0.292607197381619,-0.664874949240757
449.5854886546321,-1318.7757448534142,620.1885187446514,0.6917672588038061,0.2958680571892767,-0.6587261588718876
450.0736099728901,-1322.106785139014,619.1938582107858,0.696247164721712,0.2990667588933481,-0.652532726644423
450.5715707894355,-1325.4333759373258,618.1894283573154,0.7006957282516365,0.3022035076838398,-0.6462960129487821
451.0792633026526,-1328.7555020118016,617.1753378859835,0.7051120300618109,0.30527832694669627,-0.6400173186396898
451.60180310562095,-1332.1063036476571,616.1414092166268,0.7095391385839463,0.30832127586658625,-0.6336341228702506
452.12873835934926,-1335.4194162649665,615.1082217133106,0.7138890601219937,0.3112723406038564,-0.6272734171102214
452.6650935133822,-1338.728027986914,614.0656884983325,0.7182057234121845,0.31416223177340596,-0.6208724756221152
453.21076983590825,-1342.032129562926,613.0139097594902,0.722489244677718,0.31699115759362045,-0.6144313609610738
453.7656712280114,-1345.3317128946878,611.9529833880281,0.7267399396529302,0.3197593403897782,-0.6079498534803263
454.3353903784789,-1348.6596986476036,610.8722598232978,0.7310002261471789,0.3224938633310265,-0.6013621018043979
454.9085541237748,-1351.9501799979703,609.7932337284418,0.7351861146359351,0.3251406345443751,-0.5947982385772504
455.49066938405457,-1355.2361247773877,608.7053413115088,0.7393402467356139,0.32772718371483767,-0.588192904251031
456.08165000870923,-1358.517528738269,607.608672074017,0.7434626558916184,0.33025360209615406,-0.5815460752142485
456.681411724433,-1361.7943885443613,606.5033139287323,0.7475530104867573,0.33271987872215686,-0.5748582249696874
457.29599994753806,-1365.0994020169355,605.3781707875139,0.7516509222077323,0.3351497711318651,-0.568062956066072
457.9131620050243,-1368.3671220855213,604.2556092338873,0.7556738175035995,0.3374951093974932,-0.561296831161829
458.53885795775943,-1371.6302943889052,603.1246174864102,0.7596603144427069,0.3397801813514767,-0.5544958385971581
459.1730058200454,-1374.8889203289332,601.9852809815231,0.7636075420050185,0.34200503699352536,-0.5476642004587405
459.81552257156545,-1378.1430028831833,600.8376856867121,0.7675118231478364,0.3441696687992792,-0.5408075816839844
460.4728730402595,-1381.425019322367,599.6703199278776,0.7714070208343373,0.3462950377273947,-0.5338641728500565
461.1319526237281,-1384.669985876757,598.5063889873039,0.7752108826021921,0.3483394653018172,-0.5269797950665422
461.7991386841768,-1387.910428947828,597.3344656416268,0.7789566272068323,0.3503248980124209,-0.5200952208616644
462.47433843892014,-1391.1463588512524,596.1546419778,0.7826384247028514,0.3522521786764866,-0.5132207115815844
463.1574561469829,-1394.3777874924328,594.9670120711237,0.7862505334630633,0.35412227019691267,-0.5063669779711485
463.85534202249016,-1397.6369746319115,593.7596797509763,0.7898228980637814,0.35595482573317294,-0.49947567681659605
464.55407565400117,-1400.8593953700824,592.5566505696119,0.793280586807923,0.3577149347585599,-0.4926925370292889
465.26042741900415,-1404.077353945298,591.3461068446848,0.7966570722316192,0.35942313817510907,-0.4859552623521031
465.97429832092206,-1407.2908609319416,590.1281457456965,0.7999522655434289,0.361081409196783,-0.47926671987986125
466.69559323602243,-1410.4999230854169,588.9028624640085,0.8031690522678032,0.3626915748008438,-0.4726248988867632
467.4315468328848,-1413.7365650832555,587.6579871593087,0.8063450572319691,0.36427084615878413,-0.46595536193538545
468.16750664845944,-1416.93668787879,586.4182574620299,0.8094277366999041,0.365788908698178,-0.459374807030454
468.91065750618617,-1420.1323423082638,585.1714622164268,0.8124633563026399,0.36726204276700714,-0.45279342597707306
469.66094993732116,-1423.3234989547757,583.9176705117949,0.8154701153871036,0.36868943178236796,-0.4461800015717188
470.41835190333177,-1426.5101152705838,582.656941089688,0.8184688960593829,0.37006826051229397,-0.43949760948694605
471.19052909453643,-1429.723932690219,581.3766115352987,0.8215118847723237,0.37140725009626413,-0.4326371201755062
471.9621886693523,-1432.9012455213463,580.1020753462263,0.824558579380313,0.372673083843237,-0.42569698348601426
472.7409417023255,-1436.0738284255333,578.820727157202,0.8276515687110321,0.37387070611638096,-0.4185852074765737
473.5267752746521,-1439.2416222232218,577.5326098822275,0.8307895159802223,0.37498939055036745,-0.4113049198733371
474.319633610352,-1442.4045972580489,576.2377881926885,0.8339478675603234,0.3760177760475955,-0.40390789332199206
475.1274050414491,-1445.5943429655554,574.9233258240806,0.8370965584656941,0.376954590579844,-0.3964525046530461
475.9337948218728,-1448.7478370697938,573.615446368012,0.8400585740397651,0.377775938221236,-0.3893416657427527
476.7462212776937,-1451.8970010738562,572.3014953487946,0.8426766945549343,0.3784952110346609,-0.38293258372433847
477.5637599842726,-1455.0424210451015,570.9820057834814,0.8446594225254405,0.3791303122215157,-0.3779029852935885
478.3931504770629,-1458.2165003438736,569.644553142223,0.845575551125176,0.37971847613247495,-0.3752544020034757
