timestamp,  J1, J2, J3, J4, J5, J6
0, -0.788955, 31.3893, 45.8219, 45.0653, -99.1141, 171.657
0.004, -0.788955, 31.3893, 45.8219, 45.0653, -99.1141, 171.657
0.008, -0.788955, 31.3893, 45.8219, 45.0653, -99.1141, 171.657
0.012, -0.788955, 31.3893, 45.8219, 45.0653, -99.1141, 171.657
0.016, -0.788955, 31.3893, 45.8219, 45.0653, -99.1141, 171.657
0.02, -0.788955, 31.3893, 45.8219, 45.0653, -99.1141, 171.657
0.024, -0.788955, 31.3893, 45.8219, 45.0653, -99.1141, 171.657
0.028, -0.788921, 31.3893, 45.8219, 45.0653, -99.1141, 171.657
0.032, -0.788783, 31.3892, 45.8219, 45.0653, -99.1141, 171.657
0.036, -0.788489, 31.3891, 45.8218, 45.0653, -99.1141, 171.657
0.04, -0.787995, 31.3888, 45.8216, 45.0654, -99.114, 171.657
0.044, -0.787244, 31.3883, 45.8214, 45.0655, -99.1138, 171.656
0.048, -0.786201, 31.3877, 45.821, 45.0658, -99.1135, 171.656
0.052, -0.784828, 31.3869, 45.8205, 45.0663, -99.1129, 171.654
0.056, -0.783059, 31.3859, 45.8198, 45.067, -99.1121, 171.652
0.06, -0.780842, 31.3846, 45.819, 45.0682, -99.1108, 171.649
0.064, -0.778115, 31.383, 45.8179, 45.0699, -99.109, 171.644
0.068, -0.774791, 31.381, 45.8166, 45.0722, -99.1066, 171.638
0.072, -0.770791, 31.3787, 45.815, 45.0752, -99.1034, 171.629
0.076, -0.76603, 31.3759, 45.8131, 45.0792, -99.0992, 171.619
0.08, -0.760396, 31.3726, 45.8108, 45.0842, -99.094, 171.606
0.084, -0.75379, 31.3688, 45.8081, 45.0904, -99.0875, 171.59
0.088, -0.746109, 31.3644, 45.8049, 45.0979, -99.0797, 171.57
0.092, -0.737229, 31.3592, 45.8012, 45.1069, -99.0704, 171.546
0.096, -0.727041, 31.3533, 45.7969, 45.1176, -99.0594, 171.519
0.1, -0.715435, 31.3466, 45.792, 45.1301, -99.0465, 171.487
0.104, -0.702276, 31.339, 45.7864, 45.1445, -99.0316, 171.449
0.108, -0.687448, 31.3304, 45.7801, 45.1611, -99.0146, 171.407
0.112, -0.670837, 31.3208, 45.7731, 45.1799, -98.9952, 171.358
0.116, -0.652305, 31.3101, 45.7651, 45.2012, -98.9733, 171.304
0.12, -0.631738, 31.2983, 45.7563, 45.2251, -98.9488, 171.243
0.124, -0.6091, 31.2852, 45.7466, 45.2517, -98.9215, 171.174
0.128, -0.58443, 31.271, 45.736, 45.2812, -98.8912, 171.099
0.132, -0.557736, 31.2556, 45.7244, 45.3138, -98.8578, 171.016
0.136, -0.529006, 31.2391, 45.7119, 45.3495, -98.8213, 170.925
0.14, -0.498246, 31.2214, 45.6985, 45.3884, -98.7815, 170.826
0.144, -0.465424, 31.2025, 45.6841, 45.4306, -98.7384, 170.719
0.148, -0.430468, 31.1824, 45.6688, 45.4759, -98.692, 170.604
0.152, -0.393333, 31.1611, 45.6525, 45.5245, -98.6425, 170.481
0.156, -0.354122, 31.1385, 45.6353, 45.5761, -98.5898, 170.35
0.16, -0.312965, 31.1149, 45.6172, 45.6307, -98.5341, 170.211
0.164, -0.269955, 31.0902, 45.5982, 45.6881, -98.4756, 170.066
0.168, -0.225258, 31.0646, 45.5785, 45.7482, -98.4143, 169.914
0.172, -0.179029, 31.0381, 45.5581, 45.8107, -98.3506, 169.756
0.176, -0.131346, 31.0108, 45.537, 45.8755, -98.2846, 169.592
0.18, -0.0822413, 30.9826, 45.5153, 45.9423, -98.2166, 169.424
0.184, -0.0317543, 30.9537, 45.4929, 46.0107, -98.1468, 169.251
0.188, 0.0200441, 30.924, 45.4701, 46.0806, -98.0756, 169.074
0.192, 0.0730486, 30.8937, 45.4467, 46.1516, -98.0032, 168.894
0.196, 0.127129, 30.8627, 45.4229, 46.2236, -97.9298, 168.712
0.2, 0.182145, 30.8311, 45.3987, 46.2963, -97.8556, 168.528
0.204, 0.237956, 30.7991, 45.3742, 46.3697, -97.7808, 168.342
0.208, 0.294421, 30.7668, 45.3494, 46.4434, -97.7055, 168.155
0.212, 0.351412, 30.7341, 45.3244, 46.5176, -97.6299, 167.967
0.216, 0.408823, 30.7012, 45.2993, 46.592, -97.5539, 167.779
0.22, 0.466562, 30.668, 45.274, 46.6666, -97.4778, 167.59
0.224, 0.524554, 30.6348, 45.2486, 46.7413, -97.4015, 167.4
0.228, 0.582736, 30.6014, 45.2232, 46.8161, -97.3251, 167.21
0.232, 0.64106, 30.5679, 45.1976, 46.8909, -97.2486, 167.02
0.236, 0.699485, 30.5344, 45.1721, 46.9659, -97.1721, 166.83
0.24, 0.75798, 30.5008, 45.1465, 47.0408, -97.0956, 166.64
0.244, 0.816521, 30.4672, 45.1209, 47.1157, -97.019, 166.45
0.248, 0.875088, 30.4336, 45.0953, 47.1906, -96.9425, 166.26
0.252, 0.933669, 30.4, 45.0697, 47.2655, -96.866, 166.07
0.256, 0.99225, 30.3664, 45.0441, 47.3404, -96.7895, 165.88
0.26, 1.05082, 30.3327, 45.0186, 47.4152, -96.713, 165.69
0.264, 1.10939, 30.2991, 44.993, 47.49, -96.6366, 165.5
0.268, 1.16793, 30.2655, 44.9674, 47.5648, -96.5602, 165.31
0.272, 1.22645, 30.232, 44.9418, 47.6395, -96.4839, 165.12
0.276, 1.28495, 30.1984, 44.9163, 47.7142, -96.4076, 164.931
0.28, 1.34342, 30.1648, 44.8907, 47.7889, -96.3313, 164.741
0.284, 1.40186, 30.1313, 44.8652, 47.8635, -96.2551, 164.552
0.288, 1.46027, 30.0978, 44.8397, 47.9381, -96.1789, 164.362
0.292, 1.51865, 30.0643, 44.8142, 48.0126, -96.1027, 164.173
0.296, 1.577, 30.0308, 44.7887, 48.0872, -96.0266, 163.984
0.3, 1.63533, 29.9973, 44.7632, 48.1616, -95.9505, 163.795
0.304, 1.69362, 29.9638, 44.7377, 48.236, -95.8745, 163.606
0.308, 1.75187, 29.9304, 44.7123, 48.3104, -95.7985, 163.417
0.312, 1.8101, 29.897, 44.6868, 48.3848, -95.7225, 163.228
0.316, 1.86829, 29.8636, 44.6614, 48.4591, -95.6466, 163.04
0.32, 1.92645, 29.8302, 44.636, 48.5333, -95.5708, 162.851
0.324, 1.98458, 29.7968, 44.6106, 48.6075, -95.4949, 162.663
0.328, 2.04268, 29.7635, 44.5852, 48.6817, -95.4192, 162.474
0.332, 2.10074, 29.7302, 44.5598, 48.7559, -95.3434, 162.286
0.336, 2.15875, 29.6969, 44.5345, 48.8299, -95.2677, 162.098
0.34, 2.21672, 29.6636, 44.5092, 48.904, -95.1921, 161.91
0.344, 2.27466, 29.6303, 44.4838, 48.978, -95.1165, 161.722
0.348, 2.33259, 29.5971, 44.4585, 49.052, -95.0409, 161.534
0.352, 2.39049, 29.5639, 44.4332, 49.1259, -94.9654, 161.347
0.356, 2.44836, 29.5306, 44.4079, 49.1998, -94.8899, 161.159
0.36, 2.5062, 29.4975, 44.3827, 49.2736, -94.8145, 160.972
0.364, 2.56399, 29.4643, 44.3574, 49.3474, -94.7391, 160.784
0.368, 2.62175, 29.4311, 44.3322, 49.4211, -94.6638, 160.597
0.372, 2.67947, 29.398, 44.307, 49.4949, -94.5885, 160.41
0.376, 2.73715, 29.3649, 44.2818, 49.5685, -94.5132, 160.223
0.38, 2.7948, 29.3318, 44.2566, 49.6421, -94.438, 160.036
0.384, 2.85242, 29.2987, 44.2314, 49.7157, -94.3628, 159.849
0.388, 2.91001, 29.2657, 44.2062, 49.7892, -94.2877, 159.663
0.392, 2.96756, 29.2326, 44.1811, 49.8627, -94.2126, 159.476
0.396, 3.02508, 29.1996, 44.156, 49.9362, -94.1376, 159.29
0.4, 3.08256, 29.1666, 44.1308, 50.0096, -94.0626, 159.103
0.404, 3.14001, 29.1337, 44.1057, 50.083, -93.9877, 158.917
0.408, 3.19743, 29.1007, 44.0807, 50.1563, -93.9128, 158.731
0.412, 3.25482, 29.0678, 44.0556, 50.2295, -93.8379, 158.545
0.416, 3.31217, 29.0348, 44.0305, 50.3028, -93.7631, 158.359
0.42, 3.36948, 29.0019, 44.0055, 50.3759, -93.6883, 158.173
0.424, 3.42676, 28.9691, 43.9804, 50.4491, -93.6136, 157.988
0.428, 3.48401, 28.9362, 43.9554, 50.5222, -93.5389, 157.802
0.432, 3.54122, 28.9034, 43.9304, 50.5952, -93.4643, 157.617
0.436, 3.5984, 28.8706, 43.9055, 50.6682, -93.3897, 157.431
0.44, 3.65554, 28.8378, 43.8805, 50.7412, -93.3152, 157.246
0.444, 3.71265, 28.805, 43.8555, 50.8141, -93.2407, 157.061
0.448, 3.76972, 28.7722, 43.8306, 50.887, -93.1663, 156.876
0.452, 3.82676, 28.7395, 43.8057, 50.9598, -93.0919, 156.691
0.456, 3.88376, 28.7068, 43.7808, 51.0326, -93.0175, 156.506
0.46, 3.94073, 28.6741, 43.7559, 51.1053, -92.9432, 156.322
0.464, 3.99766, 28.6414, 43.731, 51.178, -92.869, 156.137
0.468, 4.05456, 28.6088, 43.7062, 51.2506, -92.7948, 155.953
0.472, 4.11142, 28.5761, 43.6813, 51.3232, -92.7206, 155.768
0.476, 4.16824, 28.5435, 43.6565, 51.3958, -92.6465, 155.584
0.48, 4.22503, 28.5109, 43.6317, 51.4683, -92.5724, 155.4
0.484, 4.28178, 28.4784, 43.6069, 51.5407, -92.4984, 155.216
0.488, 4.3385, 28.4458, 43.5821, 51.6131, -92.4244, 155.033
0.492, 4.39517, 28.4133, 43.5574, 51.6855, -92.3505, 154.849
0.496, 4.45181, 28.3808, 43.5326, 51.7578, -92.2766, 154.665
0.5, 4.50842, 28.3483, 43.5079, 51.8301, -92.2028, 154.482
0.504, 4.56499, 28.3158, 43.4832, 51.9023, -92.129, 154.298
0.508, 4.62152, 28.2834, 43.4585, 51.9745, -92.0553, 154.115
0.512, 4.67801, 28.251, 43.4338, 52.0466, -91.9816, 153.932
0.516, 4.73447, 28.2186, 43.4091, 52.1187, -91.9079, 153.749
0.52, 4.79089, 28.1862, 43.3845, 52.1907, -91.8343, 153.566
0.524, 4.84727, 28.1538, 43.3599, 52.2627, -91.7608, 153.383
0.528, 4.90362, 28.1215, 43.3352, 52.3347, -91.6873, 153.201
0.532, 4.95993, 28.0892, 43.3106, 52.4066, -91.6138, 153.018
0.536, 5.0162, 28.0569, 43.286, 52.4784, -91.5404, 152.836
0.54, 5.07244, 28.0246, 43.2615, 52.5502, -91.4671, 152.654
0.544, 5.12864, 27.9923, 43.2369, 52.622, -91.3938, 152.471
0.548, 5.1848, 27.9601, 43.2124, 52.6937, -91.3205, 152.289
0.552, 5.24092, 27.9279, 43.1879, 52.7653, -91.2473, 152.107
0.556, 5.29701, 27.8957, 43.1634, 52.8369, -91.1742, 151.926
0.56, 5.35306, 27.8636, 43.1389, 52.9085, -91.1011, 151.744
0.564, 5.40907, 27.8314, 43.1144, 52.98, -91.028, 151.562
0.568, 5.46504, 27.7993, 43.09, 53.0515, -90.955, 151.381
0.572, 5.52098, 27.7672, 43.0655, 53.1229, -90.882, 151.2
0.576, 5.57688, 27.7351, 43.0411, 53.1942, -90.8091, 151.019
0.58, 5.63274, 27.7031, 43.0167, 53.2656, -90.7363, 150.837
0.584, 5.68856, 27.671, 42.9923, 53.3368, -90.6635, 150.657
0.588, 5.74434, 27.639, 42.9679, 53.4081, -90.5907, 150.476
0.592, 5.80009, 27.607, 42.9436, 53.4792, -90.518, 150.295
0.596, 5.8558, 27.5751, 42.9192, 53.5504, -90.4453, 150.114
0.6, 5.91147, 27.5431, 42.8949, 53.6214, -90.3727, 149.934
0.604, 5.9671, 27.5112, 42.8706, 53.6925, -90.3001, 149.754
0.608, 6.0227, 27.4793, 42.8463, 53.7635, -90.2276, 149.574
0.612, 6.07825, 27.4474, 42.8221, 53.8344, -90.1552, 149.393
0.616, 6.13377, 27.4155, 42.7978, 53.9053, -90.0827, 149.214
0.62, 6.18925, 27.3837, 42.7736, 53.9761, -90.0104, 149.034
0.624, 6.24469, 27.3519, 42.7493, 54.0469, -89.9381, 148.854
0.628, 6.30009, 27.3201, 42.7251, 54.1176, -89.8658, 148.674
0.632, 6.35546, 27.2883, 42.7009, 54.1883, -89.7936, 148.495
0.636, 6.41078, 27.2566, 42.6768, 54.2589, -89.7214, 148.316
0.64, 6.46607, 27.2248, 42.6526, 54.3295, -89.6493, 148.136
0.644, 6.52132, 27.1931, 42.6285, 54.4001, -89.5772, 147.957
0.648, 6.57652, 27.1614, 42.6044, 54.4706, -89.5052, 147.778
0.652, 6.63169, 27.1298, 42.5803, 54.541, -89.4333, 147.6
0.656, 6.68683, 27.0981, 42.5562, 54.6114, -89.3614, 147.421
0.66, 6.74192, 27.0665, 42.5321, 54.6817, -89.2895, 147.242
0.664, 6.79697, 27.0349, 42.508, 54.752, -89.2177, 147.064
0.668, 6.85198, 27.0034, 42.484, 54.8223, -89.1459, 146.886
0.672, 6.90696, 26.9718, 42.46, 54.8924, -89.0742, 146.707
0.676, 6.96189, 26.9403, 42.436, 54.9626, -89.0026, 146.529
0.68, 7.01679, 26.9088, 42.412, 55.0327, -88.931, 146.351
0.684, 7.07165, 26.8773, 42.388, 55.1027, -88.8594, 146.174
0.688, 7.12647, 26.8458, 42.3641, 55.1727, -88.7879, 145.996
0.692, 7.18124, 26.8144, 42.3402, 55.2426, -88.7165, 145.818
0.696, 7.23598, 26.783, 42.3162, 55.3125, -88.6451, 145.641
0.7, 7.29068, 26.7516, 42.2923, 55.3824, -88.5737, 145.464
0.704, 7.34534, 26.7202, 42.2685, 55.4522, -88.5024, 145.286
0.708, 7.39996, 26.6889, 42.2446, 55.5219, -88.4312, 145.109
0.712, 7.45454, 26.6575, 42.2208, 55.5916, -88.36, 144.932
0.716, 7.50908, 26.6262, 42.1969, 55.6612, -88.2888, 144.756
0.72, 7.56358, 26.5949, 42.1731, 55.7308, -88.2178, 144.579
0.724, 7.61804, 26.5637, 42.1493, 55.8003, -88.1467, 144.403
0.728, 7.67246, 26.5325, 42.1255, 55.8698, -88.0757, 144.226
0.732, 7.72685, 26.5013, 42.1018, 55.9392, -88.0048, 144.05
0.736, 7.78119, 26.4701, 42.0781, 56.0086, -87.9339, 143.874
0.74, 7.8355, 26.4389, 42.0543, 56.078, -87.8631, 143.698
0.744, 7.88976, 26.4078, 42.0306, 56.1472, -87.7923, 143.522
0.748, 7.94398, 26.3766, 42.0069, 56.2165, -87.7216, 143.346
0.752, 7.99817, 26.3455, 41.9833, 56.2856, -87.6509, 143.171
0.756, 8.05231, 26.3145, 41.9596, 56.3548, -87.5803, 142.995
0.76, 8.10641, 26.2834, 41.936, 56.4238, -87.5098, 142.82
0.764, 8.16047, 26.2524, 41.9124, 56.4928, -87.4392, 142.644
0.768, 8.21449, 26.2214, 41.8888, 56.5618, -87.3688, 142.469
0.772, 8.26846, 26.1904, 41.8652, 56.6307, -87.2984, 142.294
0.776, 8.3224, 26.1595, 41.8416, 56.6996, -87.228, 142.12
0.78, 8.3763, 26.1285, 41.8181, 56.7684, -87.1577, 141.945
0.784, 8.43016, 26.0976, 41.7945, 56.8372, -87.0875, 141.77
0.788, 8.48397, 26.0667, 41.771, 56.9059, -87.0173, 141.596
0.792, 8.53775, 26.0359, 41.7475, 56.9745, -86.9471, 141.422
0.796, 8.59148, 26.005, 41.724, 57.0432, -86.877, 141.247
0.8, 8.64518, 25.9742, 41.7006, 57.1117, -86.807, 141.073
0.804, 8.69883, 25.9434, 41.6771, 57.1802, -86.737, 140.9
0.808, 8.75245, 25.9126, 41.6537, 57.2487, -86.6671, 140.726
0.812, 8.80602, 25.8819, 41.6303, 57.3171, -86.5972, 140.552
0.816, 8.85955, 25.8512, 41.6069, 57.3854, -86.5274, 140.379
0.82, 8.91304, 25.8205, 41.5836, 57.4537, -86.4576, 140.205
0.824, 8.96649, 25.7898, 41.5602, 57.5219, -86.3879, 140.032
0.828, 9.0199, 25.7591, 41.5369, 57.5901, -86.3182, 139.859
0.832, 9.07327, 25.7285, 41.5136, 57.6583, -86.2486, 139.686
0.836, 9.12659, 25.6979, 41.4903, 57.7263, -86.1791, 139.513
0.84, 9.17988, 25.6673, 41.467, 57.7944, -86.1096, 139.34
0.844, 9.23312, 25.6368, 41.4437, 57.8624, -86.0401, 139.168
0.848, 9.28633, 25.6062, 41.4205, 57.9303, -85.9707, 138.995
0.852, 9.33949, 25.5757, 41.3973, 57.9982, -85.9014, 138.823
0.856, 9.39261, 25.5452, 41.374, 58.066, -85.8321, 138.651
0.86, 9.44569, 25.5148, 41.3509, 58.1338, -85.7629, 138.479
0.864, 9.49873, 25.4843, 41.3277, 58.2015, -85.6937, 138.307
0.868, 9.55173, 25.4539, 41.3045, 58.2691, -85.6246, 138.135
0.872, 9.60469, 25.4235, 41.2814, 58.3368, -85.5555, 137.963
0.876, 9.6576, 25.3931, 41.2583, 58.4043, -85.4865, 137.792
0.88, 9.71048, 25.3628, 41.2352, 58.4718, -85.4175, 137.62
0.884, 9.76331, 25.3325, 41.2121, 58.5393, -85.3486, 137.449
0.888, 9.8161, 25.3022, 41.189, 58.6067, -85.2797, 137.278
0.892, 9.86886, 25.2719, 41.166, 58.674, -85.2109, 137.107
0.896, 9.92157, 25.2417, 41.1429, 58.7413, -85.1422, 136.936
0.9, 9.97423, 25.2114, 41.1199, 58.8086, -85.0735, 136.766
0.904, 10.0269, 25.1812, 41.0969, 58.8758, -85.0048, 136.595
0.908, 10.0794, 25.151, 41.074, 58.9429, -84.9362, 136.425
0.912, 10.132, 25.1209, 41.051, 59.01, -84.8677, 136.254
0.916, 10.1845, 25.0907, 41.0281, 59.077, -84.7992, 136.084
0.92, 10.237, 25.0606, 41.0052, 59.144, -84.7308, 135.914
0.924, 10.2894, 25.0306, 40.9823, 59.2109, -84.6624, 135.744
0.928, 10.3418, 25.0005, 40.9594, 59.2778, -84.5941, 135.574
0.932, 10.3941, 24.9704, 40.9365, 59.3446, -84.5258, 135.405
0.936, 10.4464, 24.9404, 40.9137, 59.4114, -84.4576, 135.235
0.94, 10.4986, 24.9104, 40.8908, 59.4781, -84.3895, 135.066
0.944, 10.5509, 24.8805, 40.868, 59.5448, -84.3214, 134.897
0.948, 10.603, 24.8506, 40.8452, 59.6114, -84.2533, 134.727
0.952, 10.6552, 24.8206, 40.8224, 59.678, -84.1853, 134.559
0.956, 10.7073, 24.7908, 40.7997, 59.7445, -84.1174, 134.39
0.96, 10.7593, 24.7609, 40.777, 59.8109, -84.0495, 134.221
0.964, 10.8113, 24.731, 40.7542, 59.8773, -83.9817, 134.052
0.968, 10.8633, 24.7012, 40.7315, 59.9436, -83.9139, 133.884
0.972, 10.9152, 24.6714, 40.7088, 60.0099, -83.8461, 133.716
0.976, 10.9671, 24.6416, 40.6862, 60.0762, -83.7785, 133.548
0.98, 11.0189, 24.6119, 40.6635, 60.1424, -83.7109, 133.38
0.984, 11.0707, 24.5822, 40.6409, 60.2085, -83.6433, 133.212
0.988, 11.1225, 24.5525, 40.6183, 60.2746, -83.5758, 133.044
0.992, 11.1742, 24.5228, 40.5957, 60.3406, -83.5083, 132.876
0.996, 11.2259, 24.4931, 40.5731, 60.4066, -83.4409, 132.709
1, 11.2775, 24.4635, 40.5506, 60.4725, -83.3736, 132.541
1.004, 11.3291, 24.4339, 40.528, 60.5384, -83.3063, 132.374
1.008, 11.3806, 24.4043, 40.5055, 60.6042, -83.2391, 132.207
1.012, 11.4321, 24.3748, 40.483, 60.67, -83.1719, 132.04
1.016, 11.4836, 24.3452, 40.4605, 60.7357, -83.1047, 131.873
1.02, 11.535, 24.3157, 40.438, 60.8013, -83.0377, 131.707
1.024, 11.5864, 24.2862, 40.4156, 60.8669, -82.9706, 131.54
1.028, 11.6378, 24.2568, 40.3932, 60.9325, -82.9037, 131.374
1.032, 11.6891, 24.2273, 40.3707, 60.998, -82.8368, 131.207
1.036, 11.7403, 24.1979, 40.3484, 61.0634, -82.7699, 131.041
1.04, 11.7916, 24.1685, 40.326, 61.1288, -82.7031, 130.875
1.044, 11.8427, 24.1391, 40.3036, 61.1941, -82.6364, 130.709
1.048, 11.8939, 24.1098, 40.2813, 61.2594, -82.5697, 130.544
1.052, 11.945, 24.0805, 40.259, 61.3246, -82.503, 130.378
1.056, 11.996, 24.0512, 40.2367, 61.3898, -82.4364, 130.213
1.06, 12.047, 24.0219, 40.2144, 61.455, -82.3699, 130.047
1.064, 12.098, 23.9926, 40.1921, 61.52, -82.3034, 129.882
1.068, 12.1489, 23.9634, 40.1699, 61.585, -82.237, 129.717
1.072, 12.1998, 23.9342, 40.1476, 61.65, -82.1706, 129.552
1.076, 12.2506, 23.905, 40.1254, 61.7149, -82.1043, 129.387
1.08, 12.3014, 23.8759, 40.1032, 61.7798, -82.0381, 129.223
1.084, 12.3522, 23.8467, 40.081, 61.8446, -81.9719, 129.058
1.088, 12.4029, 23.8176, 40.0589, 61.9093, -81.9057, 128.894
1.092, 12.4536, 23.7885, 40.0367, 61.974, -81.8396, 128.73
1.096, 12.5042, 23.7595, 40.0146, 62.0387, -81.7736, 128.565
1.1, 12.5548, 23.7305, 39.9925, 62.1033, -81.7076, 128.401
1.104, 12.6054, 23.7014, 39.9704, 62.1678, -81.6416, 128.238
1.108, 12.6559, 23.6725, 39.9484, 62.2323, -81.5758, 128.074
1.112, 12.7063, 23.6435, 39.9263, 62.2967, -81.5099, 127.91
1.116, 12.7568, 23.6145, 39.9043, 62.3611, -81.4442, 127.747
1.12, 12.8071, 23.5856, 39.8823, 62.4254, -81.3785, 127.584
1.124, 12.8575, 23.5567, 39.8603, 62.4897, -81.3128, 127.42
1.128, 12.9078, 23.5279, 39.8383, 62.5539, -81.2472, 127.257
1.132, 12.958, 23.499, 39.8164, 62.6181, -81.1816, 127.094
1.136, 13.0083, 23.4702, 39.7944, 62.6822, -81.1161, 126.932
1.14, 13.0584, 23.4414, 39.7725, 62.7463, -81.0507, 126.769
1.144, 13.1086, 23.4126, 39.7506, 62.8103, -80.9853, 126.607
1.148, 13.1587, 23.3839, 39.7287, 62.8742, -80.92, 126.444
1.152, 13.2087, 23.3552, 39.7068, 62.9381, -80.8547, 126.282
1.156, 13.2587, 23.3265, 39.685, 63.002, -80.7894, 126.12
1.16, 13.3087, 23.2978, 39.6632, 63.0658, -80.7243, 125.958
1.164, 13.3586, 23.2691, 39.6413, 63.1295, -80.6591, 125.796
1.168, 13.4085, 23.2405, 39.6195, 63.1932, -80.5941, 125.634
1.172, 13.4583, 23.2119, 39.5978, 63.2568, -80.5291, 125.473
1.176, 13.5081, 23.1833, 39.576, 63.3204, -80.4641, 125.311
1.18, 13.5579, 23.1547, 39.5543, 63.384, -80.3992, 125.15
1.184, 13.6076, 23.1262, 39.5326, 63.4474, -80.3344, 124.989
1.188, 13.6573, 23.0977, 39.5108, 63.5109, -80.2696, 124.828
1.192, 13.7069, 23.0692, 39.4892, 63.5742, -80.2048, 124.667
1.196, 13.7565, 23.0407, 39.4675, 63.6376, -80.1401, 124.506
1.2, 13.8061, 23.0123, 39.4458, 63.7008, -80.0755, 124.346
1.204, 13.8556, 22.9839, 39.4242, 63.764, -80.0109, 124.185
1.208, 13.9051, 22.9555, 39.4026, 63.8272, -79.9464, 124.025
1.212, 13.9545, 22.9271, 39.381, 63.8903, -79.8819, 123.865
1.216, 14.0039, 22.8988, 39.3594, 63.9534, -79.8175, 123.705
1.22, 14.0532, 22.8705, 39.3379, 64.0164, -79.7531, 123.545
1.224, 14.1026, 22.8422, 39.3163, 64.0793, -79.6888, 123.385
1.228, 14.1518, 22.8139, 39.2948, 64.1422, -79.6245, 123.225
1.232, 14.201, 22.7856, 39.2733, 64.2051, -79.5603, 123.066
1.236, 14.2502, 22.7574, 39.2518, 64.2679, -79.4962, 122.906
1.24, 14.2994, 22.7292, 39.2303, 64.3306, -79.4321, 122.747
1.244, 14.3485, 22.701, 39.2089, 64.3933, -79.368, 122.588
1.248, 14.3975, 22.6729, 39.1874, 64.4559, -79.3041, 122.429
1.252, 14.4466, 22.6447, 39.166, 64.5185, -79.2401, 122.27
1.256, 14.4955, 22.6166, 39.1446, 64.5811, -79.1762, 122.111
1.26, 14.5445, 22.5885, 39.1232, 64.6435, -79.1124, 121.952
1.264, 14.5934, 22.5605, 39.1019, 64.706, -79.0486, 121.794
1.268, 14.6422, 22.5324, 39.0805, 64.7684, -78.9849, 121.636
1.272, 14.6911, 22.5044, 39.0592, 64.8307, -78.9212, 121.477
1.276, 14.7398, 22.4764, 39.0379, 64.893, -78.8576, 121.319
1.28, 14.7886, 22.4484, 39.0166, 64.9552, -78.794, 121.161
1.284, 14.8373, 22.4205, 38.9953, 65.0173, -78.7305, 121.004
1.288, 14.8859, 22.3926, 38.9741, 65.0795, -78.6671, 120.846
1.292, 14.9345, 22.3647, 38.9528, 65.1415, -78.6037, 120.688
1.296, 14.9831, 22.3368, 38.9316, 65.2035, -78.5403, 120.531
1.3, 15.0316, 22.3089, 38.9104, 65.2655, -78.477, 120.374
1.304, 15.0801, 22.2811, 38.8892, 65.3274, -78.4138, 120.216
1.308, 15.1286, 22.2533, 38.8681, 65.3893, -78.3506, 120.059
1.312, 15.177, 22.2255, 38.8469, 65.4511, -78.2874, 119.902
1.316, 15.2254, 22.1978, 38.8258, 65.5128, -78.2243, 119.746
1.32, 15.2737, 22.17, 38.8047, 65.5745, -78.1613, 119.589
1.324, 15.322, 22.1423, 38.7836, 65.6362, -78.0983, 119.432
1.328, 15.3702, 22.1146, 38.7625, 65.6978, -78.0354, 119.276
1.332, 15.4184, 22.0869, 38.7414, 65.7593, -77.9725, 119.12
1.336, 15.4666, 22.0593, 38.7204, 65.8208, -77.9097, 118.964
1.34, 15.5147, 22.0317, 38.6994, 65.8823, -77.8469, 118.808
1.344, 15.5628, 22.0041, 38.6784, 65.9437, -77.7842, 118.652
1.348, 15.6109, 21.9765, 38.6574, 66.005, -77.7215, 118.496
1.352, 15.6589, 21.949, 38.6364, 66.0663, -77.6589, 118.341
1.356, 15.7068, 21.9215, 38.6154, 66.1276, -77.5963, 118.185
1.36, 15.7548, 21.8939, 38.5945, 66.1888, -77.5338, 118.03
1.364, 15.8026, 21.8665, 38.5736, 66.2499, -77.4713, 117.874
1.368, 15.8505, 21.839, 38.5527, 66.311, -77.4089, 117.719
1.372, 15.8983, 21.8116, 38.5318, 66.372, -77.3466, 117.564
1.376, 15.9461, 21.7841, 38.5109, 66.433, -77.2843, 117.41
1.38, 15.9938, 21.7568, 38.4901, 66.4939, -77.222, 117.255
1.384, 16.0415, 21.7294, 38.4692, 66.5548, -77.1598, 117.1
1.388, 16.0891, 21.702, 38.4484, 66.6157, -77.0977, 116.946
1.392, 16.1368, 21.6747, 38.4276, 66.6764, -77.0356, 116.792
1.396, 16.1843, 21.6474, 38.4068, 66.7372, -76.9735, 116.637
1.4, 16.2319, 21.6202, 38.3861, 66.7978, -76.9116, 116.483
1.404, 16.2793, 21.5929, 38.3653, 66.8585, -76.8496, 116.33
1.408, 16.3268, 21.5657, 38.3446, 66.9191, -76.7877, 116.176
1.412, 16.3742, 21.5385, 38.3239, 66.9796, -76.7259, 116.022
1.416, 16.4216, 21.5113, 38.3032, 67.0401, -76.6641, 115.869
1.42, 16.4689, 21.4841, 38.2825, 67.1005, -76.6024, 115.715
1.424, 16.5162, 21.457, 38.2618, 67.1609, -76.5407, 115.562
1.428, 16.5634, 21.4299, 38.2412, 67.2212, -76.4791, 115.409
1.432, 16.6106, 21.4028, 38.2206, 67.2815, -76.4175, 115.256
1.436, 16.6578, 21.3757, 38.2, 67.3417, -76.356, 115.103
1.44, 16.705, 21.3487, 38.1794, 67.4019, -76.2945, 114.95
1.444, 16.752, 21.3216, 38.1588, 67.462, -76.2331, 114.797
1.448, 16.7991, 21.2946, 38.1382, 67.5221, -76.1717, 114.645
1.452, 16.8461, 21.2676, 38.1177, 67.5821, -76.1104, 114.493
1.456, 16.8931, 21.2407, 38.0972, 67.642, -76.0491, 114.34
1.46, 16.94, 21.2137, 38.0767, 67.702, -75.9879, 114.188
1.464, 16.9869, 21.1868, 38.0562, 67.7618, -75.9267, 114.036
1.468, 17.0338, 21.1599, 38.0357, 67.8217, -75.8656, 113.884
1.472, 17.0806, 21.1331, 38.0153, 67.8814, -75.8045, 113.733
1.476, 17.1274, 21.1062, 37.9948, 67.9412, -75.7435, 113.581
1.48, 17.1741, 21.0794, 37.9744, 68.0008, -75.6826, 113.429
1.484, 17.2208, 21.0526, 37.954, 68.0605, -75.6217, 113.278
1.488, 17.2675, 21.0258, 37.9336, 68.12, -75.5608, 113.127
1.492, 17.3141, 20.9991, 37.9132, 68.1796, -75.5, 112.976
1.496, 17.3607, 20.9723, 37.8929, 68.239, -75.4392, 112.825
1.5, 17.4072, 20.9456, 37.8726, 68.2985, -75.3785, 112.674
1.504, 17.4537, 20.9189, 37.8522, 68.3578, -75.3179, 112.523
1.508, 17.5002, 20.8923, 37.8319, 68.4172, -75.2573, 112.373
1.512, 17.5466, 20.8656, 37.8117, 68.4764, -75.1967, 112.222
1.516, 17.593, 20.839, 37.7914, 68.5357, -75.1362, 112.072
1.52, 17.6394, 20.8124, 37.7711, 68.5948, -75.0757, 111.921
1.524, 17.6857, 20.7858, 37.7509, 68.654, -75.0153, 111.771
1.528, 17.7319, 20.7592, 37.7307, 68.713, -74.955, 111.621
1.532, 17.7782, 20.7327, 37.7105, 68.7721, -74.8947, 111.471
1.536, 17.8244, 20.7062, 37.6903, 68.8311, -74.8344, 111.322
1.54, 17.8705, 20.6797, 37.6701, 68.89, -74.7742, 111.172
1.544, 17.9167, 20.6532, 37.65, 68.9489, -74.7141, 111.023
1.548, 17.9627, 20.6268, 37.6299, 69.0077, -74.6539, 110.873
1.552, 18.0088, 20.6004, 37.6097, 69.0665, -74.5939, 110.724
1.556, 18.0548, 20.5739, 37.5896, 69.1252, -74.5339, 110.575
1.56, 18.1008, 20.5476, 37.5696, 69.1839, -74.4739, 110.426
1.564, 18.1467, 20.5212, 37.5495, 69.2426, -74.414, 110.277
1.568, 18.1926, 20.4949, 37.5294, 69.3011, -74.3542, 110.128
1.572, 18.2384, 20.4685, 37.5094, 69.3597, -74.2943, 109.98
1.576, 18.2843, 20.4423, 37.4894, 69.4182, -74.2346, 109.831
1.58, 18.33, 20.416, 37.4694, 69.4766, -74.1749, 109.683
1.584, 18.3758, 20.3897, 37.4494, 69.535, -74.1152, 109.535
1.588, 18.4215, 20.3635, 37.4294, 69.5934, -74.0556, 109.386
1.592, 18.4671, 20.3373, 37.4095, 69.6517, -73.996, 109.238
1.596, 18.5128, 20.3111, 37.3896, 69.7099, -73.9365, 109.091
1.6, 18.5584, 20.2849, 37.3696, 69.7681, -73.8771, 108.943
1.604, 18.6039, 20.2588, 37.3497, 69.8263, -73.8177, 108.795
1.608, 18.6494, 20.2327, 37.3299, 69.8844, -73.7583, 108.648
1.612, 18.6949, 20.2066, 37.31, 69.9425, -73.699, 108.5
1.616, 18.7404, 20.1805, 37.2901, 70.0005, -73.6397, 108.353
1.62, 18.7858, 20.1544, 37.2703, 70.0585, -73.5805, 108.206
1.624, 18.8311, 20.1284, 37.2505, 70.1164, -73.5213, 108.059
1.628, 18.8765, 20.1024, 37.2307, 70.1742, -73.4622, 107.912
1.632, 18.9217, 20.0764, 37.2109, 70.2321, -73.4031, 107.765
1.636, 18.967, 20.0504, 37.1911, 70.2898, -73.3441, 107.618
1.64, 19.0122, 20.0245, 37.1714, 70.3476, -73.2851, 107.472
1.644, 19.0574, 19.9985, 37.1516, 70.4053, -73.2262, 107.325
1.648, 19.1025, 19.9726, 37.1319, 70.4629, -73.1673, 107.179
1.652, 19.1476, 19.9467, 37.1122, 70.5205, -73.1085, 107.033
1.656, 19.1927, 19.9209, 37.0925, 70.578, -73.0497, 106.887
1.66, 19.2378, 19.895, 37.0728, 70.6355, -72.9909, 106.741
1.664, 19.2827, 19.8692, 37.0532, 70.693, -72.9322, 106.595
1.668, 19.3277, 19.8434, 37.0335, 70.7504, -72.8736, 106.449
1.672, 19.3726, 19.8176, 37.0139, 70.8077, -72.815, 106.304
1.676, 19.4175, 19.7918, 36.9943, 70.865, -72.7565, 106.158
1.68, 19.4623, 19.7661, 36.9747, 70.9223, -72.698, 106.013
1.684, 19.5071, 19.7404, 36.9551, 70.9795, -72.6395, 105.867
1.688, 19.5519, 19.7147, 36.9355, 71.0367, -72.5811, 105.722
1.692, 19.5967, 19.689, 36.916, 71.0938, -72.5228, 105.577
1.696, 19.6414, 19.6633, 36.8965, 71.1509, -72.4644, 105.432
1.7, 19.686, 19.6377, 36.877, 71.2079, -72.4062, 105.288
1.704, 19.7307, 19.6121, 36.8575, 71.2649, -72.348, 105.143
1.708, 19.7753, 19.5865, 36.838, 71.3218, -72.2898, 104.998
1.712, 19.8198, 19.5609, 36.8185, 71.3787, -72.2317, 104.854
1.716, 19.8643, 19.5354, 36.7991, 71.4356, -72.1736, 104.71
1.72, 19.9088, 19.5098, 36.7796, 71.4924, -72.1156, 104.566
1.724, 19.9533, 19.4843, 36.7602, 71.5491, -72.0576, 104.421
1.728, 19.9977, 19.4588, 36.7408, 71.6058, -71.9997, 104.278
1.732, 20.042, 19.4334, 36.7214, 71.6625, -71.9418, 104.134
1.736, 20.0864, 19.4079, 36.702, 71.7191, -71.884, 103.99
1.74, 20.1307, 19.3825, 36.6827, 71.7757, -71.8262, 103.846
1.744, 20.1749, 19.3571, 36.6633, 71.8322, -71.7684, 103.703
1.748, 20.2192, 19.3317, 36.644, 71.8887, -71.7107, 103.559
1.752, 20.2634, 19.3063, 36.6247, 71.9451, -71.6531, 103.416
1.756, 20.3075, 19.281, 36.6054, 72.0015, -71.5955, 103.273
1.76, 20.3517, 19.2556, 36.5861, 72.0578, -71.5379, 103.13
1.764, 20.3958, 19.2303, 36.5669, 72.1141, -71.4804, 102.987
1.768, 20.4398, 19.2051, 36.5476, 72.1704, -71.4229, 102.844
1.772, 20.4838, 19.1798, 36.5284, 72.2266, -71.3655, 102.702
1.776, 20.5278, 19.1545, 36.5092, 72.2827, -71.3081, 102.559
1.78, 20.5718, 19.1293, 36.49, 72.3389, -71.2508, 102.417
1.784, 20.6157, 19.1041, 36.4708, 72.3949, -71.1935, 102.274
1.788, 20.6596, 19.0789, 36.4516, 72.451, -71.1363, 102.132
1.792, 20.7034, 19.0538, 36.4324, 72.5069, -71.0791, 101.99
1.796, 20.7472, 19.0286, 36.4133, 72.5629, -71.0219, 101.848
1.8, 20.791, 19.0035, 36.3942, 72.6188, -70.9648, 101.706
1.804, 20.8348, 18.9784, 36.3751, 72.6746, -70.9078, 101.564
1.808, 20.8785, 18.9533, 36.356, 72.7304, -70.8508, 101.423
1.812, 20.9221, 18.9283, 36.3369, 72.7862, -70.7938, 101.281
1.816, 20.9658, 18.9032, 36.3178, 72.8419, -70.7369, 101.14
1.82, 21.0094, 18.8782, 36.2988, 72.8975, -70.68, 100.998
1.824, 21.053, 18.8532, 36.2797, 72.9532, -70.6232, 100.857
1.828, 21.0965, 18.8282, 36.2607, 73.0088, -70.5664, 100.716
1.832, 21.14, 18.8032, 36.2417, 73.0643, -70.5097, 100.575
1.836, 21.1835, 18.7783, 36.2227, 73.1198, -70.453, 100.434
1.84, 21.2269, 18.7534, 36.2038, 73.1752, -70.3964, 100.293
1.844, 21.2703, 18.7285, 36.1848, 73.2306, -70.3398, 100.153
1.848, 21.3137, 18.7036, 36.1658, 73.286, -70.2832, 100.012
1.852, 21.357, 18.6787, 36.1469, 73.3413, -70.2267, 99.8717
1.856, 21.4003, 18.6539, 36.128, 73.3966, -70.1702, 99.7314
1.86, 21.4435, 18.6291, 36.1091, 73.4518, -70.1138, 99.5912
1.864, 21.4868, 18.6043, 36.0902, 73.507, -70.0574, 99.4511
1.868, 21.5299, 18.5795, 36.0714, 73.5621, -70.0011, 99.3111
1.872, 21.5731, 18.5547, 36.0525, 73.6172, -69.9448, 99.1712
1.876, 21.6162, 18.53, 36.0337, 73.6723, -69.8886, 99.0314
1.88, 21.6593, 18.5052, 36.0148, 73.7273, -69.8324, 98.8918
1.884, 21.7024, 18.4805, 35.996, 73.7822, -69.7762, 98.7523
1.888, 21.7454, 18.4558, 35.9772, 73.8372, -69.7201, 98.6128
1.892, 21.7884, 18.4312, 35.9585, 73.8921, -69.664, 98.4735
1.896, 21.8313, 18.4065, 35.9397, 73.9469, -69.608, 98.3343
1.9, 21.8742, 18.3819, 35.9209, 74.0017, -69.552, 98.1952
1.904, 21.9171, 18.3573, 35.9022, 74.0564, -69.4961, 98.0562
1.908, 21.96, 18.3327, 35.8835, 74.1111, -69.4402, 97.9173
1.912, 22.0028, 18.3081, 35.8648, 74.1658, -69.3844, 97.7785
1.916, 22.0456, 18.2835, 35.8461, 74.2204, -69.3286, 97.6398
1.92, 22.0883, 18.259, 35.8274, 74.275, -69.2728, 97.5013
1.924, 22.131, 18.2345, 35.8087, 74.3296, -69.2171, 97.3628
1.928, 22.1737, 18.21, 35.7901, 74.3841, -69.1614, 97.2244
1.932, 22.2164, 18.1855, 35.7715, 74.4385, -69.1058, 97.0862
1.936, 22.259, 18.1611, 35.7528, 74.4929, -69.0502, 96.9481
1.94, 22.3016, 18.1366, 35.7342, 74.5473, -68.9946, 96.81
1.944, 22.3441, 18.1122, 35.7156, 74.6016, -68.9391, 96.6721
1.948, 22.3867, 18.0878, 35.6971, 74.6559, -68.8837, 96.5343
1.952, 22.4292, 18.0634, 35.6785, 74.7102, -68.8283, 96.3966
1.956, 22.4716, 18.039, 35.66, 74.7644, -68.7729, 96.259
1.96, 22.514, 18.0147, 35.6414, 74.8185, -68.7176, 96.1215
1.964, 22.5564, 17.9904, 35.6229, 74.8726, -68.6623, 95.9841
1.968, 22.5988, 17.966, 35.6044, 74.9267, -68.607, 95.8468
1.972, 22.6411, 17.9418, 35.5859, 74.9807, -68.5518, 95.7096
1.976, 22.6834, 17.9175, 35.5674, 75.0347, -68.4967, 95.5726
1.98, 22.7256, 17.8932, 35.549, 75.0887, -68.4415, 95.4356
1.984, 22.7679, 17.869, 35.5305, 75.1426, -68.3865, 95.2987
1.988, 22.8101, 17.8448, 35.5121, 75.1965, -68.3314, 95.162
1.992, 22.8522, 17.8206, 35.4937, 75.2503, -68.2764, 95.0253
1.996, 22.8944, 17.7964, 35.4753, 75.3041, -68.2215, 94.8888
2, 22.9365, 17.7722, 35.4569, 75.3578, -68.1666, 94.7523
2.004, 22.9785, 17.7481, 35.4385, 75.4115, -68.1117, 94.616
2.008, 23.0206, 17.724, 35.4201, 75.4652, -68.0569, 94.4797
2.012, 23.0626, 17.6999, 35.4018, 75.5188, -68.0021, 94.3436
2.016, 23.1045, 17.6758, 35.3834, 75.5724, -67.9474, 94.2076
2.02, 23.1465, 17.6517, 35.3651, 75.626, -67.8927, 94.0716
2.024, 23.1884, 17.6277, 35.3468, 75.6795, -67.838, 93.9358
2.028, 23.2303, 17.6036, 35.3285, 75.7329, -67.7834, 93.8001
2.032, 23.2721, 17.5796, 35.3102, 75.7863, -67.7288, 93.6645
2.036, 23.3139, 17.5556, 35.292, 75.8397, -67.6743, 93.529
2.04, 23.3557, 17.5316, 35.2737, 75.8931, -67.6198, 93.3936
2.044, 23.3974, 17.5077, 35.2555, 75.9464, -67.5653, 93.2582
2.048, 23.4391, 17.4837, 35.2372, 75.9996, -67.5109, 93.123
2.052, 23.4808, 17.4598, 35.219, 76.0528, -67.4566, 92.9879
2.056, 23.5225, 17.4359, 35.2008, 76.106, -67.4022, 92.8529
2.06, 23.5641, 17.412, 35.1827, 76.1592, -67.3479, 92.718
2.064, 23.6057, 17.3881, 35.1645, 76.2123, -67.2937, 92.5832
2.068, 23.6473, 17.3643, 35.1463, 76.2653, -67.2395, 92.4485
2.072, 23.6888, 17.3405, 35.1282, 76.3183, -67.1853, 92.3139
2.076, 23.7303, 17.3166, 35.1101, 76.3713, -67.1312, 92.1794
2.08, 23.7717, 17.2928, 35.0919, 76.4243, -67.0771, 92.045
2.084, 23.8132, 17.2691, 35.0738, 76.4772, -67.0231, 91.9107
2.088, 23.8546, 17.2453, 35.0557, 76.53, -66.9691, 91.7765
2.092, 23.896, 17.2216, 35.0377, 76.5828, -66.9151, 91.6424
2.096, 23.9373, 17.1978, 35.0196, 76.6356, -66.8612, 91.5084
2.1, 23.9786, 17.1741, 35.0016, 76.6884, -66.8073, 91.3745
2.104, 24.0199, 17.1504, 34.9835, 76.7411, -66.7534, 91.2407
2.108, 24.0611, 17.1268, 34.9655, 76.7937, -66.6996, 91.107
2.112, 24.1024, 17.1031, 34.9475, 76.8464, -66.6459, 90.9734
2.116, 24.1436, 17.0795, 34.9295, 76.899, -66.5922, 90.8399
2.12, 24.1847, 17.0558, 34.9115, 76.9515, -66.5385, 90.7065
2.124, 24.2258, 17.0322, 34.8936, 77.004, -66.4848, 90.5732
2.128, 24.2669, 17.0086, 34.8756, 77.0565, -66.4312, 90.44
2.132, 24.308, 16.9851, 34.8577, 77.1089, -66.3777, 90.3069
2.136, 24.349, 16.9615, 34.8397, 77.1613, -66.3241, 90.1739
2.14, 24.3901, 16.938, 34.8218, 77.2137, -66.2707, 90.041
2.144, 24.431, 16.9145, 34.8039, 77.266, -66.2172, 89.9082
2.148, 24.472, 16.891, 34.786, 77.3182, -66.1638, 89.7755
2.152, 24.5129, 16.8675, 34.7682, 77.3705, -66.1104, 89.6429
2.156, 24.5538, 16.844, 34.7503, 77.4227, -66.0571, 89.5103
2.16, 24.5946, 16.8206, 34.7324, 77.4748, -66.0038, 89.3779
2.164, 24.6355, 16.7971, 34.7146, 77.527, -65.9506, 89.2456
2.168, 24.6763, 16.7737, 34.6968, 77.579, -65.8974, 89.1134
2.172, 24.717, 16.7503, 34.679, 77.6311, -65.8442, 88.9812
2.176, 24.7578, 16.727, 34.6612, 77.6831, -65.7911, 88.8492
2.18, 24.7985, 16.7036, 34.6434, 77.7351, -65.738, 88.7173
2.184, 24.8391, 16.6802, 34.6256, 77.787, -65.6849, 88.5854
2.188, 24.8798, 16.6569, 34.6079, 77.8389, -65.6319, 88.4537
2.192, 24.9204, 16.6336, 34.5901, 77.8908, -65.5789, 88.322
2.196, 24.961, 16.6103, 34.5724, 77.9426, -65.526, 88.1905
2.2, 25.0015, 16.587, 34.5547, 77.9944, -65.4731, 88.059
2.204, 25.0421, 16.5638, 34.537, 78.0461, -65.4202, 87.9277
2.208, 25.0826, 16.5405, 34.5193, 78.0978, -65.3674, 87.7964
2.212, 25.123, 16.5173, 34.5016, 78.1495, -65.3146, 87.6652
2.216, 25.1635, 16.4941, 34.4839, 78.2011, -65.2619, 87.5341
2.22, 25.2039, 16.4709, 34.4663, 78.2527, -65.2091, 87.4032
2.224, 25.2443, 16.4477, 34.4486, 78.3043, -65.1565, 87.2723
2.228, 25.2846, 16.4246, 34.431, 78.3558, -65.1038, 87.1415
2.232, 25.325, 16.4014, 34.4134, 78.4073, -65.0512, 87.0108
2.236, 25.3653, 16.3783, 34.3958, 78.4587, -64.9987, 86.8802
2.24, 25.4055, 16.3552, 34.3782, 78.5101, -64.9462, 86.7497
2.244, 25.4458, 16.3321, 34.3606, 78.5615, -64.8937, 86.6193
2.248, 25.486, 16.309, 34.343, 78.6128, -64.8412, 86.489
2.252, 25.5261, 16.2859, 34.3255, 78.6641, -64.7888, 86.3587
2.256, 25.5663, 16.2629, 34.3079, 78.7154, -64.7365, 86.2286
2.26, 25.6064, 16.2399, 34.2904, 78.7666, -64.6841, 86.0985
2.264, 25.6465, 16.2169, 34.2729, 78.8178, -64.6318, 85.9686
2.268, 25.6866, 16.1939, 34.2554, 78.8689, -64.5796, 85.8387
2.272, 25.7266, 16.1709, 34.2379, 78.9201, -64.5274, 85.709
2.276, 25.7666, 16.148, 34.2204, 78.9711, -64.4752, 85.5793
2.28, 25.8066, 16.125, 34.2029, 79.0222, -64.423, 85.4497
2.284, 25.8466, 16.1021, 34.1855, 79.0732, -64.3709, 85.3202
2.288, 25.8865, 16.0792, 34.168, 79.1242, -64.3189, 85.1908
2.292, 25.9264, 16.0563, 34.1506, 79.1751, -64.2668, 85.0615
2.296, 25.9662, 16.0334, 34.1332, 79.226, -64.2148, 84.9323
2.3, 26.0061, 16.0105, 34.1158, 79.2769, -64.1629, 84.8032
2.304, 26.0459, 15.9877, 34.0984, 79.3277, -64.1109, 84.6741
2.308, 26.0857, 15.9649, 34.081, 79.3785, -64.059, 84.5452
2.312, 26.1254, 15.942, 34.0637, 79.4292, -64.0072, 84.4163
2.316, 26.1652, 15.9192, 34.0463, 79.48, -63.9554, 84.2876
2.32, 26.2049, 15.8965, 34.0289, 79.5306, -63.9036, 84.1589
2.324, 26.2445, 15.8737, 34.0116, 79.5813, -63.8518, 84.0303
2.328, 26.2842, 15.8509, 33.9943, 79.6319, -63.8001, 83.9018
2.332, 26.3238, 15.8282, 33.977, 79.6825, -63.7485, 83.7734
2.336, 26.3634, 15.8055, 33.9597, 79.733, -63.6968, 83.6451
2.34, 26.403, 15.7828, 33.9424, 79.7836, -63.6452, 83.5169
2.344, 26.4425, 15.7601, 33.9251, 79.834, -63.5937, 83.3887
2.348, 26.482, 15.7374, 33.9079, 79.8845, -63.5421, 83.2607
2.352, 26.5215, 15.7148, 33.8906, 79.9349, -63.4906, 83.1327
2.356, 26.5609, 15.6921, 33.8734, 79.9852, -63.4392, 83.0048
2.36, 26.6004, 15.6695, 33.8562, 80.0356, -63.3878, 82.8771
2.364, 26.6398, 15.6469, 33.839, 80.0859, -63.3364, 82.7494
2.368, 26.6791, 15.6243, 33.8218, 80.1361, -63.285, 82.6217
2.372, 26.7185, 15.6017, 33.8046, 80.1864, -63.2337, 82.4942
2.376, 26.7578, 15.5791, 33.7874, 80.2366, -63.1824, 82.3668
2.38, 26.7971, 15.5566, 33.7702, 80.2867, -63.1312, 82.2395
2.384, 26.8364, 15.5341, 33.7531, 80.3368, -63.08, 82.1122
2.388, 26.8756, 15.5115, 33.7359, 80.3869, -63.0288, 81.985
2.392, 26.9148, 15.489, 33.7188, 80.437, -62.9776, 81.8579
2.396, 26.954, 15.4665, 33.7017, 80.487, -62.9265, 81.7309
2.4, 26.9931, 15.4441, 33.6846, 80.537, -62.8755, 81.604
2.404, 27.0323, 15.4216, 33.6675, 80.587, -62.8244, 81.4772
2.408, 27.0714, 15.3992, 33.6504, 80.6369, -62.7734, 81.3505
2.412, 27.1104, 15.3767, 33.6333, 80.6868, -62.7225, 81.2238
2.416, 27.1495, 15.3543, 33.6163, 80.7366, -62.6715, 81.0973
2.42, 27.1885, 15.3319, 33.5992, 80.7865, -62.6206, 80.9708
2.424, 27.2275, 15.3096, 33.5822, 80.8362, -62.5698, 80.8444
2.428, 27.2665, 15.2872, 33.5652, 80.886, -62.5189, 80.7181
2.432, 27.3054, 15.2648, 33.5481, 80.9357, -62.4681, 80.5918
2.436, 27.3443, 15.2425, 33.5311, 80.9854, -62.4174, 80.4657
2.44, 27.3832, 15.2202, 33.5141, 81.0351, -62.3667, 80.3397
2.444, 27.4221, 15.1979, 33.4972, 81.0847, -62.316, 80.2137
2.448, 27.4609, 15.1756, 33.4802, 81.1343, -62.2653, 80.0878
2.452, 27.4998, 15.1533, 33.4632, 81.1838, -62.2147, 79.962
2.456, 27.5385, 15.1311, 33.4463, 81.2333, -62.1641, 79.8363
2.46, 27.5773, 15.1088, 33.4294, 81.2828, -62.1135, 79.7107
2.464, 27.616, 15.0866, 33.4124, 81.3323, -62.063, 79.5851
2.468, 27.6547, 15.0644, 33.3955, 81.3817, -62.0125, 79.4596
2.472, 27.6934, 15.0422, 33.3786, 81.4311, -61.9621, 79.3343
2.476, 27.7321, 15.02, 33.3617, 81.4805, -61.9117, 79.209
2.48, 27.7707, 14.9978, 33.3449, 81.5298, -61.8613, 79.0837
2.484, 27.8093, 14.9756, 33.328, 81.5791, -61.8109, 78.9586
2.488, 27.8479, 14.9535, 33.3111, 81.6283, -61.7606, 78.8336
2.492, 27.8865, 14.9314, 33.2943, 81.6775, -61.7103, 78.7086
2.496, 27.925, 14.9093, 33.2775, 81.7267, -61.66, 78.5837
2.5, 27.9635, 14.8872, 33.2606, 81.7759, -61.6098, 78.4589
2.504, 28.002, 14.8651, 33.2438, 81.825, -61.5596, 78.3342
2.508, 28.0404, 14.843, 33.227, 81.8741, -61.5095, 78.2096
2.512, 28.0789, 14.8209, 33.2102, 81.9232, -61.4594, 78.085
2.516, 28.1173, 14.7989, 33.1935, 81.9722, -61.4093, 77.9605
2.52, 28.1556, 14.7769, 33.1767, 82.0212, -61.3592, 77.8362
2.524, 28.194, 14.7549, 33.1599, 82.0702, -61.3092, 77.7119
2.528, 28.2323, 14.7329, 33.1432, 82.1191, -61.2592, 77.5876
2.532, 28.2706, 14.7109, 33.1265, 82.168, -61.2092, 77.4635
2.536, 28.3089, 14.6889, 33.1097, 82.2169, -61.1593, 77.3394
2.54, 28.3471, 14.667, 33.093, 82.2657, -61.1094, 77.2154
2.544, 28.3854, 14.645, 33.0763, 82.3145, -61.0596, 77.0915
2.548, 28.4236, 14.6231, 33.0596, 82.3633, -61.0097, 76.9677
2.552, 28.4618, 14.6012, 33.043, 82.412, -60.9599, 76.844
2.556, 28.4999, 14.5793, 33.0263, 82.4607, -60.9102, 76.7203
2.56, 28.538, 14.5574, 33.0096, 82.5094, -60.8604, 76.5967
2.564, 28.5761, 14.5355, 32.993, 82.5581, -60.8108, 76.4732
2.568, 28.6142, 14.5137, 32.9764, 82.6067, -60.7611, 76.3498
2.572, 28.6523, 14.4918, 32.9597, 82.6553, -60.7115, 76.2265
2.576, 28.6903, 14.47, 32.9431, 82.7038, -60.6618, 76.1032
2.58, 28.7283, 14.4482, 32.9265, 82.7523, -60.6123, 75.98
2.584, 28.7663, 14.4264, 32.9099, 82.8008, -60.5627, 75.8569
2.588, 28.8042, 14.4046, 32.8933, 82.8493, -60.5132, 75.7339
2.592, 28.8422, 14.3829, 32.8768, 82.8977, -60.4638, 75.611
2.596, 28.8801, 14.3611, 32.8602, 82.9461, -60.4143, 75.4881
2.6, 28.918, 14.3394, 32.8437, 82.9945, -60.3649, 75.3653
2.604, 28.9558, 14.3176, 32.8271, 83.0428, -60.3155, 75.2426
2.608, 28.9937, 14.2959, 32.8106, 83.0911, -60.2662, 75.12
2.612, 29.0315, 14.2742, 32.7941, 83.1394, -60.2169, 74.9975
2.616, 29.0693, 14.2525, 32.7776, 83.1876, -60.1676, 74.875
2.62, 29.107, 14.2309, 32.7611, 83.2358, -60.1183, 74.7526
2.624, 29.1447, 14.2092, 32.7446, 83.284, -60.0691, 74.6303
2.628, 29.1825, 14.1876, 32.7281, 83.3322, -60.0199, 74.508
2.632, 29.2202, 14.1659, 32.7116, 83.3803, -59.9708, 74.3859
2.636, 29.2578, 14.1443, 32.6952, 83.4284, -59.9216, 74.2638
2.64, 29.2955, 14.1227, 32.6787, 83.4764, -59.8725, 74.1418
2.644, 29.3331, 14.1011, 32.6623, 83.5245, -59.8235, 74.0199
2.648, 29.3707, 14.0795, 32.6459, 83.5725, -59.7744, 73.898
2.652, 29.4082, 14.058, 32.6295, 83.6204, -59.7254, 73.7762
2.656, 29.4458, 14.0364, 32.6131, 83.6684, -59.6765, 73.6545
2.66, 29.4833, 14.0149, 32.5967, 83.7163, -59.6275, 73.5329
2.664, 29.5208, 13.9934, 32.5803, 83.7641, -59.5786, 73.4114
2.668, 29.5583, 13.9719, 32.5639, 83.812, -59.5297, 73.2899
2.672, 29.5957, 13.9504, 32.5475, 83.8598, -59.4809, 73.1685
2.676, 29.6332, 13.9289, 32.5312, 83.9076, -59.432, 73.0472
2.68, 29.6706, 13.9074, 32.5148, 83.9554, -59.3833, 72.926
2.684, 29.708, 13.886, 32.4985, 84.0031, -59.3345, 72.8048
2.688, 29.7453, 13.8645, 32.4822, 84.0508, -59.2858, 72.6837
2.692, 29.7827, 13.8431, 32.4659, 84.0985, -59.2371, 72.5627
2.696, 29.82, 13.8217, 32.4496, 84.1461, -59.1884, 72.4417
2.7, 29.8573, 13.8003, 32.4333, 84.1937, -59.1398, 72.3209
2.704, 29.8945, 13.7789, 32.417, 84.2413, -59.0912, 72.2001
2.708, 29.9318, 13.7575, 32.4007, 84.2888, -59.0426, 72.0794
2.712, 29.969, 13.7361, 32.3845, 84.3364, -58.994, 71.9587
2.716, 30.0062, 13.7148, 32.3682, 84.3839, -58.9455, 71.8381
2.72, 30.0434, 13.6934, 32.352, 84.4313, -58.897, 71.7176
2.724, 30.0805, 13.6721, 32.3357, 84.4788, -58.8486, 71.5972
2.728, 30.1177, 13.6508, 32.3195, 84.5262, -58.8001, 71.4769
2.732, 30.1548, 13.6295, 32.3033, 84.5735, -58.7517, 71.3566
2.736, 30.1919, 13.6082, 32.2871, 84.6209, -58.7034, 71.2364
2.74, 30.2289, 13.587, 32.2709, 84.6682, -58.655, 71.1163
2.744, 30.266, 13.5657, 32.2547, 84.7155, -58.6067, 70.9962
2.748, 30.303, 13.5445, 32.2386, 84.7628, -58.5584, 70.8762
2.752, 30.34, 13.5232, 32.2224, 84.81, -58.5102, 70.7563
2.756, 30.377, 13.502, 32.2062, 84.8572, -58.4619, 70.6365
2.76, 30.4139, 13.4808, 32.1901, 84.9044, -58.4137, 70.5167
2.764, 30.4508, 13.4596, 32.174, 84.9515, -58.3656, 70.397
2.768, 30.4877, 13.4384, 32.1578, 84.9986, -58.3174, 70.2774
2.772, 30.5246, 13.4173, 32.1417, 85.0457, -58.2693, 70.1578
2.776, 30.5615, 13.3961, 32.1256, 85.0928, -58.2212, 70.0384
2.78, 30.5983, 13.375, 32.1095, 85.1398, -58.1732, 69.919
2.784, 30.6352, 13.3538, 32.0934, 85.1868, -58.1252, 69.7996
2.788, 30.6719, 13.3327, 32.0774, 85.2338, -58.0772, 69.6804
2.792, 30.7087, 13.3116, 32.0613, 85.2808, -58.0292, 69.5612
2.796, 30.7455, 13.2905, 32.0452, 85.3277, -57.9813, 69.442
2.8, 30.7822, 13.2694, 32.0292, 85.3746, -57.9334, 69.323
2.804, 30.8189, 13.2484, 32.0132, 85.4214, -57.8855, 69.204
2.808, 30.8556, 13.2273, 31.9971, 85.4683, -57.8376, 69.0851
2.812, 30.8923, 13.2063, 31.9811, 85.5151, -57.7898, 68.9663
2.816, 30.9289, 13.1853, 31.9651, 85.5619, -57.742, 68.8475
2.82, 30.9655, 13.1642, 31.9491, 85.6086, -57.6943, 68.7288
2.824, 31.0021, 13.1432, 31.9331, 85.6554, -57.6465, 68.6102
2.828, 31.0387, 13.1223, 31.9171, 85.7021, -57.5988, 68.4916
2.832, 31.0753, 13.1013, 31.9012, 85.7487, -57.5511, 68.3731
2.836, 31.1118, 13.0803, 31.8852, 85.7954, -57.5035, 68.2547
2.84, 31.1483, 13.0593, 31.8692, 85.842, -57.4558, 68.1364
2.844, 31.1848, 13.0384, 31.8533, 85.8886, -57.4082, 68.0181
2.848, 31.2213, 13.0175, 31.8374, 85.9352, -57.3607, 67.8999
2.852, 31.2577, 12.9966, 31.8214, 85.9817, -57.3131, 67.7817
2.856, 31.2942, 12.9756, 31.8055, 86.0282, -57.2656, 67.6637
2.86, 31.3306, 12.9547, 31.7896, 86.0747, -57.2181, 67.5457
2.864, 31.367, 12.9339, 31.7737, 86.1211, -57.1707, 67.4277
2.868, 31.4033, 12.913, 31.7578, 86.1676, -57.1232, 67.3099
2.872, 31.4397, 12.8921, 31.742, 86.214, -57.0758, 67.1921
2.876, 31.476, 12.8713, 31.7261, 86.2603, -57.0285, 67.0743
2.88, 31.5123, 12.8505, 31.7102, 86.3067, -56.9811, 66.9567
2.884, 31.5486, 12.8296, 31.6944, 86.353, -56.9338, 66.8391
2.888, 31.5848, 12.8088, 31.6785, 86.3993, -56.8865, 66.7216
2.892, 31.6211, 12.788, 31.6627, 86.4456, -56.8392, 66.6041
2.896, 31.6573, 12.7672, 31.6469, 86.4918, -56.792, 66.4867
2.9, 31.6935, 12.7465, 31.6311, 86.538, -56.7448, 66.3694
2.904, 31.7297, 12.7257, 31.6153, 86.5842, -56.6976, 66.2521
2.908, 31.7658, 12.705, 31.5995, 86.6304, -56.6504, 66.135
2.912, 31.8019, 12.6842, 31.5837, 86.6765, -56.6033, 66.0178
2.916, 31.8381, 12.6635, 31.5679, 86.7226, -56.5562, 65.9008
2.92, 31.8742, 12.6428, 31.5521, 86.7687, -56.5091, 65.7838
2.924, 31.9102, 12.6221, 31.5364, 86.8147, -56.4621, 65.6669
2.928, 31.9463, 12.6014, 31.5206, 86.8608, -56.4151, 65.55
2.932, 31.9823, 12.5807, 31.5049, 86.9068, -56.3681, 65.4332
2.936, 32.0183, 12.56, 31.4892, 86.9528, -56.3211, 65.3165
2.94, 32.0543, 12.5394, 31.4734, 86.9987, -56.2741, 65.1999
2.944, 32.0903, 12.5187, 31.4577, 87.0446, -56.2272, 65.0833
2.948, 32.1262, 12.4981, 31.442, 87.0905, -56.1803, 64.9668
2.952, 32.1622, 12.4775, 31.4263, 87.1364, -56.1335, 64.8503
2.956, 32.1981, 12.4569, 31.4106, 87.1822, -56.0866, 64.7339
2.96, 32.234, 12.4363, 31.3949, 87.2281, -56.0398, 64.6176
2.964, 32.2698, 12.4157, 31.3793, 87.2739, -55.993, 64.5013
2.968, 32.3057, 12.3951, 31.3636, 87.3196, -55.9463, 64.3851
2.972, 32.3415, 12.3745, 31.348, 87.3654, -55.8996, 64.269
2.976, 32.3773, 12.354, 31.3323, 87.4111, -55.8528, 64.1529
2.98, 32.4131, 12.3334, 31.3167, 87.4568, -55.8062, 64.0369
2.984, 32.4489, 12.3129, 31.3011, 87.5025, -55.7595, 63.921
2.988, 32.4846, 12.2924, 31.2854, 87.5481, -55.7129, 63.8051
2.992, 32.5204, 12.2719, 31.2698, 87.5937, -55.6663, 63.6893
2.996, 32.5561, 12.2514, 31.2542, 87.6393, -55.6197, 63.5736
3, 32.5918, 12.2309, 31.2386, 87.6849, -55.5732, 63.4579
3.004, 32.6274, 12.2104, 31.2231, 87.7304, -55.5266, 63.3423
3.008, 32.6631, 12.19, 31.2075, 87.7759, -55.4801, 63.2268
3.012, 32.6987, 12.1695, 31.1919, 87.8214, -55.4337, 63.1113
3.016, 32.7343, 12.1491, 31.1764, 87.8669, -55.3872, 62.9959
3.02, 32.7699, 12.1287, 31.1608, 87.9123, -55.3408, 62.8805
3.024, 32.8055, 12.1083, 31.1453, 87.9577, -55.2944, 62.7652
3.028, 32.841, 12.0879, 31.1297, 88.0031, -55.248, 62.65
3.032, 32.8766, 12.0675, 31.1142, 88.0485, -55.2017, 62.5348
3.036, 32.9121, 12.0471, 31.0987, 88.0938, -55.1554, 62.4197
3.04, 32.9476, 12.0267, 31.0832, 88.1391, -55.1091, 62.3047
3.044, 32.983, 12.0063, 31.0677, 88.1844, -55.0628, 62.1897
3.048, 33.0185, 11.986, 31.0522, 88.2297, -55.0166, 62.0748
3.052, 33.0539, 11.9657, 31.0367, 88.2749, -54.9703, 61.9599
3.056, 33.0893, 11.9453, 31.0212, 88.3201, -54.9241, 61.8451
3.06, 33.1247, 11.925, 31.0058, 88.3653, -54.878, 61.7304
3.064, 33.1601, 11.9047, 30.9903, 88.4105, -54.8318, 61.6158
3.068, 33.1955, 11.8844, 30.9749, 88.4556, -54.7857, 61.5012
3.072, 33.2308, 11.8641, 30.9594, 88.5008, -54.7396, 61.3866
3.076, 33.2661, 11.8439, 30.944, 88.5459, -54.6936, 61.2721
3.08, 33.3014, 11.8236, 30.9286, 88.5909, -54.6475, 61.1577
3.084, 33.3367, 11.8034, 30.9132, 88.636, -54.6015, 61.0434
3.088, 33.372, 11.7831, 30.8978, 88.681, -54.5555, 60.9291
3.092, 33.4072, 11.7629, 30.8824, 88.726, -54.5095, 60.8148
3.096, 33.4424, 11.7427, 30.867, 88.771, -54.4636, 60.7007
3.1, 33.4776, 11.7225, 30.8516, 88.8159, -54.4177, 60.5866
3.104, 33.5128, 11.7023, 30.8362, 88.8608, -54.3718, 60.4725
3.108, 33.548, 11.6821, 30.8209, 88.9057, -54.3259, 60.3585
3.112, 33.5832, 11.6619, 30.8055, 88.9506, -54.2801, 60.2446
3.116, 33.6183, 11.6418, 30.7902, 88.9955, -54.2342, 60.1307
3.12, 33.6534, 11.6216, 30.7748, 89.0403, -54.1884, 60.0169
3.124, 33.6885, 11.6015, 30.7595, 89.0851, -54.1427, 59.9032
3.128, 33.7236, 11.5813, 30.7442, 89.1299, -54.0969, 59.7895
3.132, 33.7586, 11.5612, 30.7288, 89.1746, -54.0512, 59.6759
3.136, 33.7937, 11.5411, 30.7135, 89.2194, -54.0055, 59.5623
3.14, 33.8287, 11.521, 30.6982, 89.2641, -53.9598, 59.4488
3.144, 33.8637, 11.5009, 30.683, 89.3088, -53.9142, 59.3353
3.148, 33.8987, 11.4808, 30.6677, 89.3534, -53.8685, 59.222
3.152, 33.9337, 11.4608, 30.6524, 89.3981, -53.8229, 59.1086
3.156, 33.9686, 11.4407, 30.6371, 89.4427, -53.7773, 58.9954
3.16, 34.0035, 11.4207, 30.6219, 89.4873, -53.7318, 58.8821
3.164, 34.0384, 11.4006, 30.6066, 89.5319, -53.6862, 58.769
3.168, 34.0733, 11.3806, 30.5914, 89.5764, -53.6407, 58.6559
3.172, 34.1082, 11.3606, 30.5761, 89.6209, -53.5953, 58.5429
3.176, 34.1431, 11.3406, 30.5609, 89.6654, -53.5498, 58.4299
3.18, 34.1779, 11.3206, 30.5457, 89.7099, -53.5043, 58.317
3.184, 34.2127, 11.3006, 30.5305, 89.7544, -53.4589, 58.2041
3.188, 34.2475, 11.2806, 30.5153, 89.7988, -53.4135, 58.0913
3.192, 34.2823, 11.2607, 30.5001, 89.8432, -53.3682, 57.9786
3.196, 34.3171, 11.2407, 30.4849, 89.8876, -53.3228, 57.8659
3.2, 34.3518, 11.2208, 30.4697, 89.932, -53.2775, 57.7533
3.204, 34.3866, 11.2008, 30.4545, 89.9763, -53.2322, 57.6407
3.208, 34.4213, 11.1809, 30.4394, 90.0206, -53.1869, 57.5282
3.212, 34.456, 11.161, 30.4242, 90.0649, -53.1417, 57.4157
3.216, 34.4906, 11.1411, 30.4091, 90.1092, -53.0964, 57.3033
3.22, 34.5253, 11.1212, 30.3939, 90.1534, -53.0512, 57.191
3.224, 34.5599, 11.1013, 30.3788, 90.1977, -53.0061, 57.0787
3.228, 34.5946, 11.0814, 30.3637, 90.2419, -52.9609, 56.9665
3.232, 34.6292, 11.0616, 30.3485, 90.286, -52.9158, 56.8543
3.236, 34.6638, 11.0417, 30.3334, 90.3302, -52.8706, 56.7422
3.24, 34.6983, 11.0219, 30.3183, 90.3743, -52.8256, 56.6302
3.244, 34.7329, 11.0021, 30.3032, 90.4185, -52.7805, 56.5182
3.248, 34.7674, 10.9822, 30.2881, 90.4626, -52.7354, 56.4062
3.252, 34.8019, 10.9624, 30.2731, 90.5066, -52.6904, 56.2943
3.256, 34.8364, 10.9426, 30.258, 90.5507, -52.6454, 56.1825
3.26, 34.8709, 10.9228, 30.2429, 90.5947, -52.6004, 56.0708
3.264, 34.9054, 10.9031, 30.2279, 90.6387, -52.5555, 55.959
3.268, 34.9398, 10.8833, 30.2128, 90.6827, -52.5105, 55.8474
3.272, 34.9743, 10.8635, 30.1978, 90.7266, -52.4656, 55.7358
3.276, 35.0087, 10.8438, 30.1827, 90.7706, -52.4207, 55.6242
3.28, 35.0431, 10.824, 30.1677, 90.8145, -52.3759, 55.5127
3.284, 35.0775, 10.8043, 30.1527, 90.8584, -52.331, 55.4013
3.288, 35.1118, 10.7846, 30.1377, 90.9023, -52.2862, 55.2899
3.292, 35.1462, 10.7649, 30.1227, 90.9461, -52.2414, 55.1786
3.296, 35.1805, 10.7452, 30.1077, 90.99, -52.1966, 55.0673
3.3, 35.2148, 10.7255, 30.0927, 91.0338, -52.1519, 54.9561
3.304, 35.2491, 10.7058, 30.0777, 91.0775, -52.1072, 54.845
3.308, 35.2834, 10.6861, 30.0627, 91.1213, -52.0624, 54.7339
3.312, 35.3177, 10.6665, 30.0477, 91.1651, -52.0178, 54.6228
3.316, 35.3519, 10.6468, 30.0328, 91.2088, -51.9731, 54.5118
3.32, 35.3861, 10.6272, 30.0178, 91.2525, -51.9284, 54.4009
3.324, 35.4202, 10.6076, 30.0029, 91.2961, -51.8838, 54.29
3.328, 35.4539, 10.5884, 29.9881, 91.3397, -51.8393, 54.1793
3.332, 35.4869, 10.5697, 29.9736, 91.3832, -51.7949, 54.0689
3.336, 35.5189, 10.5517, 29.9594, 91.4265, -51.7508, 53.9591
3.34, 35.5499, 10.5345, 29.9456, 91.4693, -51.7071, 53.8503
3.344, 35.5795, 10.5183, 29.9323, 91.5115, -51.6641, 53.743
3.348, 35.6079, 10.5029, 29.9196, 91.5529, -51.622, 53.6379
3.352, 35.6351, 10.4882, 29.9073, 91.5931, -51.5811, 53.5358
3.356, 35.6613, 10.4741, 29.8954, 91.6318, -51.5417, 53.4374
3.36, 35.6867, 10.4604, 29.884, 91.6687, -51.5041, 53.3437
3.364, 35.7112, 10.447, 29.8731, 91.7035, -51.4686, 53.2551
3.368, 35.7347, 10.434, 29.8626, 91.7361, -51.4354, 53.1723
3.372, 35.7573, 10.4214, 29.8527, 91.7663, -51.4046, 53.0958
3.376, 35.7788, 10.4093, 29.8433, 91.794, -51.3763, 53.0256
3.38, 35.799, 10.3976, 29.8345, 91.8191, -51.3507, 52.9618
3.384, 35.8179, 10.3866, 29.8263, 91.8418, -51.3275, 52.9044
3.388, 35.8353, 10.3763, 29.8189, 91.862, -51.3068, 52.8532
3.392, 35.8511, 10.3668, 29.8121, 91.8799, -51.2884, 52.8078
3.396, 35.8653, 10.3583, 29.8061, 91.8957, -51.2723, 52.768
3.4, 35.8779, 10.3506, 29.8008, 91.9094, -51.2582, 52.7332
3.404, 35.8891, 10.3438, 29.7961, 91.9213, -51.2461, 52.7033
3.408, 35.899, 10.3377, 29.792, 91.9314, -51.2357, 52.6776
3.412, 35.9077, 10.3323, 29.7885, 91.94, -51.2269, 52.656
3.416, 35.9153, 10.3275, 29.7854, 91.9472, -51.2195, 52.6378
3.42, 35.9219, 10.3232, 29.7827, 91.9531, -51.2134, 52.6228
3.424, 35.9277, 10.3195, 29.7804, 91.958, -51.2084, 52.6106
3.428, 35.9326, 10.3162, 29.7784, 91.9619, -51.2043, 52.6007
3.432, 35.9367, 10.3136, 29.7767, 91.965, -51.201, 52.5928
3.436, 35.9402, 10.3116, 29.7754, 91.9675, -51.1985, 52.5865
3.44, 35.943, 10.3105, 29.7744, 91.9695, -51.1967, 52.5816
3.444, 35.9452, 10.3103, 29.7738, 91.9711, -51.1955, 52.5776
3.448, 35.947, 10.311, 29.7734, 91.9723, -51.1952, 52.5745
3.452, 35.9483, 10.3128, 29.7734, 91.9733, -51.1959, 52.5718
3.456, 35.9493, 10.3155, 29.7736, 91.9742, -51.1979, 52.5694
3.46, 35.9501, 10.3192, 29.774, 91.9749, -51.2016, 52.567
3.464, 35.9506, 10.3242, 29.7746, 91.9755, -51.2074, 52.5644
3.468, 35.9509, 10.3303, 29.7754, 91.9761, -51.2159, 52.5613
3.472, 35.951, 10.3378, 29.7763, 91.9767, -51.2275, 52.5577
3.476, 35.951, 10.3468, 29.7774, 91.9774, -51.243, 52.5533
3.48, 35.9508, 10.3573, 29.7786, 91.9781, -51.263, 52.5478
3.484, 35.9505, 10.3698, 29.7798, 91.9789, -51.2881, 52.5411
3.488, 35.95, 10.3842, 29.7812, 91.9797, -51.3192, 52.5329
3.492, 35.9494, 10.4008, 29.7826, 91.9807, -51.3569, 52.5231
3.496, 35.9486, 10.4198, 29.7842, 91.9818, -51.4019, 52.5115
3.5, 35.9477, 10.4414, 29.7858, 91.9829, -51.4551, 52.4979
3.504, 35.9465, 10.4655, 29.7875, 91.9842, -51.5171, 52.4821
3.508, 35.9452, 10.4916, 29.7891, 91.9856, -51.5887, 52.4639
3.512, 35.9437, 10.5193, 29.7905, 91.9869, -51.6701, 52.4433
3.516, 35.942, 10.5483, 29.7916, 91.9883, -51.7618, 52.4202
3.52, 35.9402, 10.5785, 29.7923, 91.9896, -51.8636, 52.3946
3.524, 35.9382, 10.6098, 29.7926, 91.9909, -51.9754, 52.3667
3.528, 35.936, 10.6425, 29.7926, 91.992, -52.0964, 52.3365
3.532, 35.9337, 10.6768, 29.7925, 91.993, -52.2259, 52.3044
3.536, 35.9311, 10.7132, 29.7923, 91.9938, -52.3629, 52.2705
3.54, 35.9284, 10.7517, 29.7923, 91.9945, -52.5065, 52.2351
3.544, 35.9255, 10.7925, 29.7925, 91.9949, -52.6555, 52.1985
3.548, 35.9224, 10.8352, 29.7931, 91.9951, -52.8091, 52.1608
3.552, 35.9192, 10.8799, 29.794, 91.9951, -52.9664, 52.1224
3.556, 35.9157, 10.9261, 29.7953, 91.9948, -53.1267, 52.0835
3.56, 35.9122, 10.9737, 29.7969, 91.9943, -53.2893, 52.0441
3.564, 35.9084, 11.0224, 29.7989, 91.9934, -53.4537, 52.0043
3.568, 35.9046, 11.072, 29.8011, 91.9922, -53.6196, 51.9645
3.572, 35.9006, 11.1222, 29.8037, 91.9908, -53.7865, 51.9245
3.576, 35.8964, 11.1731, 29.8065, 91.9889, -53.9542, 51.8844
3.58, 35.8922, 11.2243, 29.8096, 91.9868, -54.1225, 51.8444
3.584, 35.8878, 11.2757, 29.813, 91.9843, -54.2912, 51.8044
3.588, 35.8833, 11.3274, 29.8165, 91.9816, -54.4603, 51.7646
3.592, 35.8786, 11.3792, 29.8203, 91.9784, -54.6295, 51.7248
3.596, 35.8738, 11.4311, 29.8242, 91.975, -54.7989, 51.6851
3.6, 35.8689, 11.483, 29.8283, 91.9712, -54.9683, 51.6456
3.604, 35.8639, 11.5348, 29.8327, 91.967, -55.1378, 51.6062
3.608, 35.8588, 11.5866, 29.8372, 91.9626, -55.3073, 51.5669
3.612, 35.8535, 11.6384, 29.8418, 91.9577, -55.4768, 51.5278
3.616, 35.8482, 11.6901, 29.8467, 91.9526, -55.6463, 51.4889
3.62, 35.8427, 11.7417, 29.8517, 91.9472, -55.8157, 51.4501
3.624, 35.8371, 11.7932, 29.8569, 91.9414, -55.985, 51.4114
3.628, 35.8314, 11.8446, 29.8623, 91.9353, -56.1543, 51.3729
3.632, 35.8255, 11.8959, 29.8678, 91.9288, -56.3235, 51.3345
3.636, 35.8196, 11.9471, 29.8735, 91.9221, -56.4927, 51.2963
3.64, 35.8135, 11.9981, 29.8794, 91.915, -56.6618, 51.2582
3.644, 35.8073, 12.0491, 29.8854, 91.9076, -56.8308, 51.2202
3.648, 35.801, 12.0999, 29.8916, 91.8999, -56.9998, 51.1824
3.652, 35.7946, 12.1506, 29.898, 91.8918, -57.1686, 51.1447
3.656, 35.788, 12.2012, 29.9045, 91.8835, -57.3374, 51.1071
3.66, 35.7814, 12.2516, 29.9112, 91.8748, -57.5061, 51.0697
3.664, 35.7746, 12.302, 29.9181, 91.8658, -57.6748, 51.0324
3.668, 35.7677, 12.3522, 29.9251, 91.8566, -57.8433, 50.9952
3.672, 35.7607, 12.4022, 29.9323, 91.847, -58.0118, 50.9582
3.676, 35.7536, 12.4522, 29.9397, 91.8371, -58.1802, 50.9212
3.68, 35.7464, 12.502, 29.9473, 91.8269, -58.3485, 50.8844
3.684, 35.739, 12.5517, 29.955, 91.8164, -58.5168, 50.8477
3.688, 35.7316, 12.6012, 29.9629, 91.8056, -58.6849, 50.8111
3.692, 35.724, 12.6506, 29.9709, 91.7945, -58.853, 50.7746
3.696, 35.7163, 12.6999, 29.9791, 91.7831, -59.021, 50.7382
3.7, 35.7085, 12.7491, 29.9875, 91.7714, -59.1889, 50.7019
3.704, 35.7006, 12.7981, 29.9961, 91.7594, -59.3568, 50.6657
3.708, 35.6925, 12.8469, 30.0048, 91.7471, -59.5246, 50.6297
3.712, 35.6844, 12.8957, 30.0137, 91.7346, -59.6922, 50.5937
3.716, 35.6761, 12.9443, 30.0228, 91.7217, -59.8599, 50.5578
3.72, 35.6678, 12.9928, 30.0321, 91.7086, -60.0274, 50.5219
3.724, 35.6593, 13.0411, 30.0415, 91.6951, -60.1948, 50.4862
3.728, 35.6507, 13.0893, 30.0511, 91.6814, -60.3622, 50.4506
3.732, 35.642, 13.1373, 30.0608, 91.6674, -60.5295, 50.415
3.736, 35.6331, 13.1852, 30.0708, 91.6531, -60.6967, 50.3795
3.74, 35.6242, 13.233, 30.0809, 91.6386, -60.8638, 50.3441
3.744, 35.6151, 13.2806, 30.0911, 91.6237, -61.0309, 50.3088
3.748, 35.606, 13.3281, 30.1016, 91.6086, -61.1978, 50.2736
3.752, 35.5967, 13.3755, 30.1122, 91.5932, -61.3647, 50.2384
3.756, 35.5873, 13.4227, 30.123, 91.5776, -61.5315, 50.2033
3.76, 35.5778, 13.4697, 30.134, 91.5616, -61.6982, 50.1682
3.764, 35.5682, 13.5166, 30.1451, 91.5454, -61.8649, 50.1333
3.768, 35.5584, 13.5634, 30.1564, 91.529, -62.0314, 50.0983
3.772, 35.5486, 13.61, 30.1679, 91.5122, -62.1979, 50.0635
3.776, 35.5386, 13.6564, 30.1796, 91.4952, -62.3643, 50.0287
3.78, 35.5286, 13.7028, 30.1914, 91.4779, -62.5306, 49.9939
3.784, 35.5184, 13.7489, 30.2035, 91.4604, -62.6969, 49.9592
3.788, 35.5081, 13.7949, 30.2157, 91.4426, -62.863, 49.9246
3.792, 35.4977, 13.8408, 30.228, 91.4245, -63.0291, 49.89
3.796, 35.4872, 13.8865, 30.2406, 91.4062, -63.1951, 49.8554
3.8, 35.4766, 13.9321, 30.2533, 91.3876, -63.361, 49.8209
3.804, 35.4658, 13.9775, 30.2662, 91.3688, -63.5268, 49.7864
3.808, 35.455, 14.0227, 30.2793, 91.3497, -63.6925, 49.7519
3.812, 35.444, 14.0679, 30.2925, 91.3303, -63.8582, 49.7175
3.816, 35.4329, 14.1128, 30.3059, 91.3107, -64.0238, 49.6832
3.82, 35.4217, 14.1576, 30.3196, 91.2909, -64.1893, 49.6488
3.824, 35.4105, 14.2023, 30.3333, 91.2708, -64.3547, 49.6145
3.828, 35.399, 14.2467, 30.3473, 91.2504, -64.52, 49.5802
3.832, 35.3875, 14.291, 30.3614, 91.2298, -64.6853, 49.546
3.836, 35.3759, 14.3352, 30.3758, 91.2089, -64.8504, 49.5117
3.84, 35.3642, 14.3792, 30.3903, 91.1878, -65.0155, 49.4775
3.844, 35.3523, 14.423, 30.4049, 91.1665, -65.1806, 49.4433
3.848, 35.3404, 14.4667, 30.4198, 91.1449, -65.3455, 49.4092
3.852, 35.3283, 14.5102, 30.4348, 91.123, -65.5104, 49.375
3.856, 35.3161, 14.5536, 30.45, 91.1009, -65.6751, 49.3409
3.86, 35.3038, 14.5968, 30.4654, 91.0786, -65.8398, 49.3067
3.864, 35.2914, 14.6398, 30.481, 91.056, -66.0044, 49.2726
3.868, 35.2789, 14.6827, 30.4967, 91.0331, -66.169, 49.2385
3.872, 35.2663, 14.7254, 30.5127, 91.0101, -66.3335, 49.2044
3.876, 35.2536, 14.768, 30.5288, 90.9867, -66.4978, 49.1703
3.88, 35.2408, 14.8103, 30.5451, 90.9632, -66.6621, 49.1362
3.884, 35.2278, 14.8525, 30.5615, 90.9394, -66.8263, 49.1021
3.888, 35.2148, 14.8946, 30.5782, 90.9153, -66.9905, 49.068
3.892, 35.2016, 14.9364, 30.595, 90.891, -67.1545, 49.0339
3.896, 35.1883, 14.9781, 30.612, 90.8665, -67.3185, 48.9998
3.9, 35.175, 15.0197, 30.6292, 90.8417, -67.4824, 48.9657
3.904, 35.1615, 15.061, 30.6466, 90.8167, -67.6463, 48.9316
3.908, 35.1479, 15.1022, 30.6641, 90.7915, -67.81, 48.8975
3.912, 35.1342, 15.1432, 30.6818, 90.766, -67.9737, 48.8633
3.916, 35.1204, 15.1841, 30.6997, 90.7402, -68.1372, 48.8292
3.92, 35.1065, 15.2248, 30.7178, 90.7143, -68.3007, 48.795
3.924, 35.0925, 15.2653, 30.7361, 90.688, -68.4642, 48.7608
3.928, 35.0783, 15.3056, 30.7545, 90.6616, -68.6275, 48.7266
3.932, 35.0641, 15.3457, 30.7731, 90.6349, -68.7908, 48.6924
3.936, 35.0498, 15.3857, 30.7919, 90.608, -68.9539, 48.6582
3.94, 35.0353, 15.4255, 30.8109, 90.5808, -69.117, 48.6239
3.944, 35.0208, 15.4651, 30.8301, 90.5535, -69.2801, 48.5896
3.948, 35.0061, 15.5046, 30.8494, 90.5258, -69.443, 48.5553
3.952, 34.9914, 15.5439, 30.869, 90.498, -69.6059, 48.521
3.956, 34.9765, 15.5829, 30.8887, 90.4699, -69.7686, 48.4866
3.96, 34.9615, 15.6219, 30.9086, 90.4416, -69.9313, 48.4522
3.964, 34.9464, 15.6606, 30.9286, 90.413, -70.0939, 48.4178
3.968, 34.9313, 15.6991, 30.9489, 90.3842, -70.2565, 48.3833
3.972, 34.916, 15.7375, 30.9693, 90.3552, -70.4189, 48.3488
3.976, 34.9006, 15.7757, 30.9899, 90.3259, -70.5813, 48.3142
3.98, 34.8851, 15.8137, 31.0107, 90.2964, -70.7436, 48.2796
3.984, 34.8695, 15.8515, 31.0317, 90.2667, -70.9058, 48.245
3.988, 34.8538, 15.8891, 31.0529, 90.2368, -71.0679, 48.2103
3.992, 34.838, 15.9266, 31.0742, 90.2066, -71.2299, 48.1756
3.996, 34.8221, 15.9638, 31.0957, 90.1762, -71.3919, 48.1408
4, 34.806, 16.0009, 31.1174, 90.1455, -71.5538, 48.106
4.004, 34.7899, 16.0378, 31.1393, 90.1147, -71.7156, 48.0711
4.008, 34.7737, 16.0745, 31.1614, 90.0836, -71.8773, 48.0361
4.012, 34.7574, 16.111, 31.1836, 90.0523, -72.0389, 48.0012
4.016, 34.7409, 16.1473, 31.2061, 90.0207, -72.2004, 47.9661
4.02, 34.7244, 16.1834, 31.2287, 89.9889, -72.3619, 47.931
4.024, 34.7077, 16.2193, 31.2515, 89.9569, -72.5233, 47.8959
4.028, 34.691, 16.255, 31.2745, 89.9247, -72.6846, 47.8606
4.032, 34.6741, 16.2903, 31.2977, 89.8922, -72.8457, 47.8254
4.036, 34.657, 16.325, 31.3211, 89.8595, -73.0068, 47.7901
4.04, 34.6397, 16.359, 31.3449, 89.8264, -73.1675, 47.755
4.044, 34.622, 16.392, 31.3691, 89.793, -73.3278, 47.72
4.048, 34.6041, 16.4238, 31.3937, 89.7591, -73.4875, 47.6854
4.052, 34.5859, 16.4545, 31.419, 89.7245, -73.6461, 47.6515
4.056, 34.5674, 16.4839, 31.4449, 89.6892, -73.8034, 47.6185
4.06, 34.5487, 16.5121, 31.4717, 89.6529, -73.9586, 47.5867
4.064, 34.5298, 16.5391, 31.4996, 89.6154, -74.1114, 47.5566
4.068, 34.5106, 16.5649, 31.5288, 89.5766, -74.2612, 47.5284
4.072, 34.491, 16.5894, 31.5595, 89.5363, -74.4075, 47.5026
4.076, 34.4711, 16.6125, 31.5919, 89.4944, -74.5497, 47.4793
4.08, 34.4508, 16.634, 31.6264, 89.4506, -74.6877, 47.459
4.084, 34.43, 16.6538, 31.6628, 89.4049, -74.821, 47.4417
4.088, 34.4087, 16.6719, 31.7014, 89.3572, -74.9495, 47.4278
4.092, 34.3872, 16.6883, 31.7421, 89.3073, -75.0733, 47.4172
4.096, 34.3653, 16.7029, 31.7848, 89.2552, -75.1923, 47.4099
4.1, 34.3432, 16.7159, 31.8296, 89.2009, -75.3067, 47.406
4.104, 34.3209, 16.7274, 31.8763, 89.1445, -75.4169, 47.4052
4.108, 34.2983, 16.7372, 31.9249, 89.0861, -75.523, 47.4074
4.112, 34.2753, 16.7455, 31.9752, 89.0258, -75.6255, 47.4123
4.116, 34.252, 16.7522, 32.0272, 88.9639, -75.7248, 47.4195
4.12, 34.2284, 16.7573, 32.0806, 88.9005, -75.8214, 47.4288
4.124, 34.2043, 16.761, 32.1353, 88.836, -75.9157, 47.4398
4.128, 34.1798, 16.7633, 32.191, 88.7704, -76.008, 47.4522
4.132, 34.155, 16.7644, 32.2476, 88.7039, -76.0987, 47.4657
4.136, 34.1299, 16.7645, 32.305, 88.6368, -76.1882, 47.4801
4.14, 34.1045, 16.7636, 32.363, 88.5692, -76.2767, 47.4952
4.144, 34.0789, 16.7619, 32.4215, 88.5011, -76.3644, 47.5108
4.148, 34.053, 16.7597, 32.4803, 88.4326, -76.4514, 47.5267
4.152, 34.027, 16.7568, 32.5395, 88.3639, -76.538, 47.5429
4.156, 34.0007, 16.7536, 32.5989, 88.295, -76.6242, 47.5592
4.16, 33.9744, 16.7499, 32.6586, 88.2259, -76.7101, 47.5756
4.164, 33.9479, 16.746, 32.7183, 88.1566, -76.7958, 47.592
4.168, 33.9213, 16.7417, 32.7783, 88.0873, -76.8813, 47.6084
4.172, 33.8946, 16.7373, 32.8383, 88.0179, -76.9667, 47.6248
4.176, 33.8678, 16.7327, 32.8984, 87.9484, -77.052, 47.6411
4.18, 33.8409, 16.7278, 32.9586, 87.8789, -77.1373, 47.6572
4.184, 33.8139, 16.7229, 33.0189, 87.8093, -77.2225, 47.6733
4.188, 33.7869, 16.7178, 33.0793, 87.7397, -77.3076, 47.6892
4.192, 33.7597, 16.7125, 33.1396, 87.67, -77.3927, 47.705
4.196, 33.7325, 16.7072, 33.2001, 87.6003, -77.4778, 47.7207
4.2, 33.7053, 16.7017, 33.2606, 87.5306, -77.5629, 47.7362
4.204, 33.6779, 16.6961, 33.3211, 87.4608, -77.6479, 47.7516
4.208, 33.6505, 16.6904, 33.3817, 87.391, -77.7329, 47.7668
4.212, 33.623, 16.6846, 33.4423, 87.3212, -77.8179, 47.7819
4.216, 33.5954, 16.6787, 33.503, 87.2513, -77.903, 47.7968
4.22, 33.5678, 16.6727, 33.5637, 87.1814, -77.988, 47.8116
4.224, 33.5401, 16.6666, 33.6245, 87.1115, -78.0729, 47.8262
4.228, 33.5123, 16.6604, 33.6853, 87.0416, -78.1579, 47.8406
4.232, 33.4845, 16.6541, 33.7461, 86.9716, -78.2429, 47.8549
4.236, 33.4566, 16.6476, 33.807, 86.9016, -78.3278, 47.8691
4.24, 33.4286, 16.6411, 33.8679, 86.8316, -78.4128, 47.8831
4.244, 33.4005, 16.6345, 33.9288, 86.7615, -78.4977, 47.8969
4.248, 33.3724, 16.6277, 33.9898, 86.6915, -78.5826, 47.9106
4.252, 33.3442, 16.6209, 34.0509, 86.6213, -78.6675, 47.9241
4.256, 33.3159, 16.614, 34.1119, 86.5512, -78.7524, 47.9374
4.26, 33.2876, 16.6069, 34.173, 86.481, -78.8373, 47.9506
4.264, 33.2592, 16.5998, 34.2342, 86.4108, -78.9222, 47.9637
4.268, 33.2307, 16.5925, 34.2954, 86.3405, -79.0071, 47.9765
4.272, 33.2021, 16.5851, 34.3566, 86.2702, -79.092, 47.9893
4.276, 33.1735, 16.5777, 34.4179, 86.1999, -79.1768, 48.0018
4.28, 33.1448, 16.5701, 34.4792, 86.1296, -79.2616, 48.0142
4.284, 33.116, 16.5624, 34.5405, 86.0592, -79.3465, 48.0264
4.288, 33.0872, 16.5546, 34.6019, 85.9887, -79.4313, 48.0385
4.292, 33.0583, 16.5467, 34.6633, 85.9183, -79.5161, 48.0504
4.296, 33.0293, 16.5387, 34.7248, 85.8478, -79.6009, 48.0622
4.3, 33.0003, 16.5306, 34.7863, 85.7772, -79.6856, 48.0738
4.304, 32.9712, 16.5224, 34.8478, 85.7066, -79.7704, 48.0852
4.308, 32.942, 16.514, 34.9094, 85.636, -79.8551, 48.0964
4.312, 32.9127, 16.5056, 34.971, 85.5653, -79.9399, 48.1075
4.316, 32.8834, 16.497, 35.0326, 85.4946, -80.0246, 48.1185
4.32, 32.854, 16.4884, 35.0943, 85.4239, -80.1093, 48.1292
4.324, 32.8245, 16.4796, 35.156, 85.3531, -80.194, 48.1398
4.328, 32.795, 16.4707, 35.2178, 85.2823, -80.2786, 48.1503
4.332, 32.7653, 16.4617, 35.2796, 85.2114, -80.3633, 48.1606
4.336, 32.7356, 16.4526, 35.3414, 85.1405, -80.448, 48.1707
4.34, 32.7059, 16.4434, 35.4033, 85.0695, -80.5326, 48.1806
4.344, 32.676, 16.4341, 35.4652, 84.9985, -80.6172, 48.1904
4.348, 32.6461, 16.4246, 35.5271, 84.9275, -80.7018, 48.2
4.352, 32.6161, 16.4151, 35.5891, 84.8564, -80.7864, 48.2094
4.356, 32.5861, 16.4054, 35.6511, 84.7852, -80.8709, 48.2187
4.36, 32.5559, 16.3956, 35.7132, 84.714, -80.9555, 48.2278
4.364, 32.5257, 16.3858, 35.7753, 84.6428, -81.04, 48.2368
4.368, 32.4955, 16.3757, 35.8374, 84.5715, -81.1245, 48.2455
4.372, 32.4651, 16.3656, 35.8996, 84.5002, -81.209, 48.2542
4.376, 32.4347, 16.3554, 35.9618, 84.4288, -81.2935, 48.2626
4.38, 32.4042, 16.345, 36.024, 84.3573, -81.378, 48.2709
4.384, 32.3737, 16.3346, 36.0863, 84.2859, -81.4624, 48.279
4.388, 32.343, 16.324, 36.1486, 84.2143, -81.5468, 48.2869
4.392, 32.3123, 16.3133, 36.211, 84.1427, -81.6312, 48.2946
4.396, 32.2815, 16.3024, 36.2734, 84.0711, -81.7156, 48.3022
4.4, 32.2507, 16.2915, 36.3358, 83.9994, -81.7999, 48.3096
4.404, 32.2197, 16.2804, 36.3982, 83.9276, -81.8843, 48.3169
4.408, 32.1888, 16.2693, 36.4607, 83.8558, -81.9686, 48.3239
4.412, 32.1577, 16.258, 36.5233, 83.784, -82.0529, 48.3308
4.416, 32.1265, 16.2466, 36.5858, 83.712, -82.1372, 48.3376
4.42, 32.0953, 16.235, 36.6484, 83.6401, -82.2214, 48.3441
4.424, 32.064, 16.2234, 36.7111, 83.568, -82.3057, 48.3505
4.428, 32.0327, 16.2116, 36.7737, 83.4959, -82.3899, 48.3567
4.432, 32.0012, 16.1997, 36.8364, 83.4238, -82.474, 48.3627
4.436, 31.9697, 16.1877, 36.8992, 83.3516, -82.5582, 48.3686
4.44, 31.9382, 16.1756, 36.962, 83.2793, -82.6423, 48.3743
4.444, 31.9065, 16.1633, 37.0248, 83.207, -82.7264, 48.3798
4.448, 31.8748, 16.1509, 37.0876, 83.1346, -82.8105, 48.3851
4.452, 31.843, 16.1384, 37.1505, 83.0621, -82.8946, 48.3902
4.456, 31.8111, 16.1258, 37.2134, 82.9896, -82.9786, 48.3952
4.46, 31.7791, 16.1131, 37.2763, 82.9171, -83.0626, 48.4
4.464, 31.7471, 16.1002, 37.3393, 82.8444, -83.1466, 48.4046
4.468, 31.715, 16.0872, 37.4023, 82.7717, -83.2306, 48.4091
4.472, 31.6828, 16.0741, 37.4654, 82.699, -83.3145, 48.4133
4.476, 31.6506, 16.0608, 37.5285, 82.6261, -83.3984, 48.4174
4.48, 31.6183, 16.0474, 37.5916, 82.5532, -83.4823, 48.4213
4.484, 31.5859, 16.0339, 37.6547, 82.4803, -83.5661, 48.425
4.488, 31.5534, 16.0203, 37.7179, 82.4072, -83.65, 48.4286
4.492, 31.5208, 16.0065, 37.7811, 82.3341, -83.7337, 48.4319
4.496, 31.4882, 15.9927, 37.8444, 82.261, -83.8175, 48.4351
4.5, 31.4555, 15.9786, 37.9077, 82.1877, -83.9012, 48.4381
4.504, 31.4227, 15.9643, 37.971, 82.1144, -83.9849, 48.441
4.508, 31.3898, 15.9496, 38.0344, 82.041, -84.0685, 48.4438
4.512, 31.3567, 15.9345, 38.098, 81.9675, -84.1519, 48.4466
4.516, 31.3234, 15.9189, 38.1618, 81.8937, -84.2351, 48.4496
4.52, 31.2899, 15.9029, 38.2259, 81.8197, -84.3179, 48.4531
4.524, 31.2562, 15.8863, 38.2904, 81.7454, -84.4001, 48.4573
4.528, 31.2224, 15.8693, 38.3553, 81.6706, -84.4815, 48.4626
4.532, 31.1883, 15.8518, 38.4208, 81.5952, -84.5619, 48.4694
4.536, 31.1541, 15.8338, 38.4869, 81.519, -84.641, 48.4781
4.54, 31.1196, 15.8152, 38.5538, 81.442, -84.7187, 48.4891
4.544, 31.085, 15.7959, 38.6214, 81.364, -84.7945, 48.5029
4.548, 31.0501, 15.776, 38.6899, 81.2849, -84.8685, 48.5197
4.552, 31.015, 15.7552, 38.7593, 81.2047, -84.9403, 48.5399
4.556, 30.9797, 15.7335, 38.8296, 81.1232, -85.0099, 48.5637
4.56, 30.9441, 15.711, 38.901, 81.0405, -85.0772, 48.5913
4.564, 30.9084, 15.6877, 38.9733, 80.9565, -85.1421, 48.6226
4.568, 30.8724, 15.6637, 39.0466, 80.8712, -85.2046, 48.6578
4.572, 30.8362, 15.6389, 39.1209, 80.7847, -85.2648, 48.6965
4.576, 30.7997, 15.6135, 39.196, 80.697, -85.3228, 48.7386
4.58, 30.7631, 15.5874, 39.272, 80.6083, -85.3788, 48.7839
4.584, 30.7261, 15.5606, 39.3487, 80.5187, -85.4331, 48.8319
4.588, 30.689, 15.5332, 39.4261, 80.4282, -85.4857, 48.8822
4.592, 30.6516, 15.5052, 39.5041, 80.337, -85.537, 48.9346
4.596, 30.6139, 15.4765, 39.5826, 80.2451, -85.5872, 48.9886
4.6, 30.576, 15.4473, 39.6615, 80.1528, -85.6365, 49.044
4.604, 30.5379, 15.4176, 39.7406, 80.06, -85.685, 49.1004
4.608, 30.4997, 15.3874, 39.8201, 79.9668, -85.7329, 49.1576
4.612, 30.4612, 15.3568, 39.8997, 79.8733, -85.7803, 49.2155
4.616, 30.4226, 15.3259, 39.9794, 79.7795, -85.8273, 49.2737
4.62, 30.3838, 15.2946, 40.0593, 79.6856, -85.874, 49.3323
4.624, 30.3448, 15.2631, 40.1391, 79.5914, -85.9205, 49.391
4.628, 30.3057, 15.2314, 40.2191, 79.497, -85.9668, 49.4498
4.632, 30.2665, 15.1995, 40.299, 79.4025, -86.013, 49.5087
4.636, 30.2271, 15.1673, 40.3789, 79.3078, -86.059, 49.5675
4.64, 30.1876, 15.1351, 40.4588, 79.2131, -86.105, 49.6263
4.644, 30.148, 15.1026, 40.5387, 79.1181, -86.1509, 49.685
4.648, 30.1082, 15.07, 40.6186, 79.0231, -86.1967, 49.7436
4.652, 30.0683, 15.0373, 40.6984, 78.928, -86.2424, 49.802
4.656, 30.0283, 15.0045, 40.7781, 78.8327, -86.2881, 49.8603
4.66, 29.9882, 14.9715, 40.8578, 78.7374, -86.3338, 49.9185
4.664, 29.948, 14.9385, 40.9375, 78.6419, -86.3795, 49.9765
4.668, 29.9077, 14.9053, 41.0171, 78.5463, -86.4251, 50.0343
4.672, 29.8672, 14.872, 41.0967, 78.4507, -86.4706, 50.0919
4.676, 29.8266, 14.8385, 41.1762, 78.3549, -86.5162, 50.1494
4.68, 29.7859, 14.805, 41.2556, 78.259, -86.5617, 50.2067
4.684, 29.7451, 14.7713, 41.335, 78.163, -86.6072, 50.2639
4.688, 29.7042, 14.7376, 41.4143, 78.0669, -86.6526, 50.3208
4.692, 29.6632, 14.7037, 41.4935, 77.9707, -86.698, 50.3776
4.696, 29.622, 14.6697, 41.5727, 77.8744, -86.7434, 50.4342
4.7, 29.5807, 14.6356, 41.6519, 77.778, -86.7887, 50.4906
4.704, 29.5393, 14.6014, 41.7309, 77.6815, -86.8341, 50.5468
4.708, 29.4978, 14.567, 41.81, 77.5849, -86.8793, 50.6028
4.712, 29.4561, 14.5325, 41.8889, 77.4882, -86.9246, 50.6587
4.716, 29.4144, 14.498, 41.9678, 77.3913, -86.9698, 50.7144
4.72, 29.3725, 14.4633, 42.0466, 77.2944, -87.0149, 50.7698
4.724, 29.3305, 14.4285, 42.1254, 77.1973, -87.0601, 50.8251
4.728, 29.2884, 14.3935, 42.2041, 77.1002, -87.1052, 50.8802
4.732, 29.2462, 14.3585, 42.2828, 77.0029, -87.1502, 50.9352
4.736, 29.2039, 14.3233, 42.3613, 76.9055, -87.1952, 50.9899
4.74, 29.1614, 14.2881, 42.4399, 76.808, -87.2402, 51.0444
4.744, 29.1188, 14.2527, 42.5183, 76.7104, -87.2851, 51.0988
4.748, 29.0761, 14.2171, 42.5967, 76.6127, -87.33, 51.1529
4.752, 29.0333, 14.1815, 42.675, 76.5149, -87.3749, 51.2069
4.756, 28.9904, 14.1457, 42.7533, 76.4169, -87.4197, 51.2607
4.76, 28.9474, 14.1098, 42.8315, 76.3189, -87.4644, 51.3143
4.764, 28.9042, 14.0737, 42.9096, 76.2207, -87.5091, 51.3677
4.768, 28.8609, 14.0372, 42.9877, 76.1225, -87.5537, 51.4209
4.772, 28.8174, 14.0003, 43.0657, 76.0241, -87.5982, 51.4741
4.776, 28.7738, 13.9629, 43.1437, 75.9256, -87.6424, 51.5271
4.78, 28.7301, 13.925, 43.2216, 75.8271, -87.6863, 51.5802
4.784, 28.6861, 13.8865, 43.2996, 75.7285, -87.7297, 51.6334
4.788, 28.642, 13.8474, 43.3776, 75.6299, -87.7723, 51.6869
4.792, 28.5977, 13.8078, 43.4557, 75.5313, -87.814, 51.7409
4.796, 28.5532, 13.7676, 43.534, 75.4327, -87.8544, 51.7955
4.8, 28.5086, 13.7269, 43.6124, 75.3342, -87.8933, 51.8509
4.804, 28.4638, 13.6856, 43.6911, 75.2358, -87.9305, 51.9075
4.808, 28.4189, 13.6437, 43.7701, 75.1375, -87.9658, 51.9652
4.812, 28.3738, 13.601, 43.8494, 75.0394, -87.999, 52.0243
4.816, 28.3286, 13.5574, 43.929, 74.9415, -88.0298, 52.0849
4.82, 28.2831, 13.5131, 44.0089, 74.8438, -88.0583, 52.1472
4.824, 28.2376, 13.4681, 44.0893, 74.7464, -88.0843, 52.2111
4.828, 28.1918, 13.4223, 44.1699, 74.6492, -88.1078, 52.2767
4.832, 28.1459, 13.3758, 44.251, 74.5522, -88.1289, 52.344
4.836, 28.0999, 13.3288, 44.3323, 74.4554, -88.1477, 52.4129
4.84, 28.0537, 13.2811, 44.414, 74.3589, -88.1645, 52.4833
4.844, 28.0073, 13.2328, 44.4959, 74.2626, -88.1792, 52.5551
4.848, 27.9607, 13.1839, 44.5779, 74.1664, -88.1924, 52.628
4.852, 27.914, 13.1343, 44.6602, 74.0704, -88.204, 52.702
4.856, 27.8671, 13.0842, 44.7425, 73.9745, -88.2145, 52.7768
4.86, 27.82, 13.0335, 44.8249, 73.8787, -88.224, 52.8524
4.864, 27.7728, 12.9824, 44.9073, 73.7829, -88.2326, 52.9285
4.868, 27.7254, 12.9308, 44.9897, 73.6872, -88.2407, 53.0052
4.872, 27.6779, 12.8789, 45.0721, 73.5914, -88.2483, 53.0821
4.876, 27.6302, 12.8267, 45.1545, 73.4957, -88.2555, 53.1594
4.88, 27.5824, 12.7744, 45.2368, 73.3999, -88.2625, 53.2369
4.884, 27.5345, 12.7218, 45.319, 73.3041, -88.2693, 53.3146
4.888, 27.4865, 12.6692, 45.4011, 73.2083, -88.276, 53.3923
4.892, 27.4383, 12.6164, 45.4831, 73.1124, -88.2826, 53.4702
4.896, 27.3901, 12.5637, 45.5651, 73.0165, -88.2891, 53.5481
4.9, 27.3417, 12.5109, 45.6469, 72.9205, -88.2957, 53.6261
4.904, 27.2932, 12.4581, 45.7286, 72.8244, -88.3023, 53.7041
4.908, 27.2446, 12.4053, 45.8103, 72.7283, -88.3089, 53.7822
4.912, 27.1958, 12.3525, 45.8918, 72.6321, -88.3156, 53.8602
4.916, 27.147, 12.2998, 45.9732, 72.5359, -88.3223, 53.9382
4.92, 27.098, 12.2471, 46.0545, 72.4396, -88.329, 54.0162
4.924, 27.049, 12.1945, 46.1357, 72.3432, -88.3359, 54.0943
4.928, 26.9998, 12.1419, 46.2168, 72.2467, -88.3428, 54.1723
4.932, 26.9505, 12.0894, 46.2978, 72.1502, -88.3498, 54.2503
4.936, 26.9011, 12.0369, 46.3786, 72.0536, -88.3568, 54.3283
4.94, 26.8516, 11.9845, 46.4594, 71.9569, -88.364, 54.4062
4.944, 26.8019, 11.9322, 46.54, 71.8601, -88.3712, 54.4842
4.948, 26.7522, 11.8799, 46.6205, 71.7633, -88.3785, 54.5622
4.952, 26.7023, 11.8277, 46.7009, 71.6664, -88.3858, 54.6401
4.956, 26.6524, 11.7755, 46.7812, 71.5695, -88.3933, 54.718
4.96, 26.6023, 11.7234, 46.8614, 71.4725, -88.4008, 54.7959
4.964, 26.5521, 11.6714, 46.9415, 71.3754, -88.4084, 54.8738
4.968, 26.5018, 11.6194, 47.0214, 71.2782, -88.4161, 54.9517
4.972, 26.4514, 11.5675, 47.1012, 71.1809, -88.4239, 55.0295
4.976, 26.4009, 11.5157, 47.181, 71.0836, -88.4317, 55.1073
4.98, 26.3503, 11.4639, 47.2606, 70.9862, -88.4397, 55.1852
4.984, 26.2995, 11.4122, 47.3401, 70.8888, -88.4477, 55.263
4.988, 26.2487, 11.3606, 47.4194, 70.7912, -88.4558, 55.3408
4.992, 26.1977, 11.309, 47.4987, 70.6936, -88.4639, 55.4185
4.996, 26.1466, 11.2575, 47.5778, 70.596, -88.4722, 55.4963
5, 26.0954, 11.206, 47.6569, 70.4982, -88.4805, 55.574
5.004, 26.0441, 11.1547, 47.7358, 70.4004, -88.4889, 55.6518
5.008, 25.9926, 11.1034, 47.8146, 70.3025, -88.4974, 55.7295
5.012, 25.9411, 11.0521, 47.8933, 70.2045, -88.506, 55.8072
5.016, 25.8894, 11.0009, 47.9718, 70.1065, -88.5146, 55.8849
5.02, 25.8377, 10.9498, 48.0503, 70.0084, -88.5233, 55.9625
5.024, 25.7858, 10.8988, 48.1286, 69.9102, -88.5321, 56.0402
5.028, 25.7338, 10.8478, 48.2068, 69.812, -88.541, 56.1178
5.032, 25.6816, 10.7969, 48.2849, 69.7136, -88.55, 56.1954
5.036, 25.6294, 10.7461, 48.3629, 69.6152, -88.559, 56.2731
5.04, 25.577, 10.6953, 48.4408, 69.5168, -88.5681, 56.3506
5.044, 25.5246, 10.6446, 48.5185, 69.4182, -88.5773, 56.4282
5.048, 25.472, 10.594, 48.5961, 69.3196, -88.5866, 56.5058
5.052, 25.4193, 10.5434, 48.6737, 69.2209, -88.5959, 56.5833
5.056, 25.3665, 10.4929, 48.751, 69.1222, -88.6054, 56.6609
5.06, 25.3135, 10.4425, 48.8283, 69.0233, -88.6149, 56.7384
5.064, 25.2605, 10.3922, 48.9055, 68.9244, -88.6245, 56.8159
5.068, 25.2073, 10.3419, 48.9825, 68.8255, -88.6341, 56.8934
5.072, 25.154, 10.2917, 49.0594, 68.7264, -88.6439, 56.9709
5.076, 25.1006, 10.2415, 49.1362, 68.6273, -88.6537, 57.0483
5.08, 25.0471, 10.1914, 49.2129, 68.5281, -88.6636, 57.1258
5.084, 24.9935, 10.1414, 49.2895, 68.4288, -88.6735, 57.2032
5.088, 24.9397, 10.0915, 49.366, 68.3295, -88.6836, 57.2807
5.092, 24.8858, 10.0416, 49.4423, 68.2301, -88.6937, 57.3581
5.096, 24.8318, 9.99185, 49.5185, 68.1306, -88.7039, 57.4355
5.1, 24.7777, 9.94213, 49.5946, 68.031, -88.7142, 57.5128
5.104, 24.7235, 9.89248, 49.6706, 67.9314, -88.7245, 57.5902
5.108, 24.6692, 9.84291, 49.7464, 67.8317, -88.735, 57.6676
5.112, 24.6147, 9.7934, 49.8221, 67.7319, -88.7455, 57.7449
5.116, 24.5601, 9.74397, 49.8977, 67.6321, -88.7561, 57.8222
5.12, 24.5054, 9.69455, 49.9732, 67.5321, -88.7667, 57.8996
5.124, 24.4506, 9.64504, 50.0486, 67.4321, -88.7775, 57.9769
5.128, 24.3955, 9.59537, 50.1239, 67.332, -88.7882, 58.0543
5.132, 24.3403, 9.54543, 50.1991, 67.2318, -88.7989, 58.1318
5.136, 24.2849, 9.49511, 50.2743, 67.1315, -88.8095, 58.2096
5.14, 24.2292, 9.44434, 50.3494, 67.0309, -88.8198, 58.2877
5.144, 24.1733, 9.39311, 50.4246, 66.9301, -88.8297, 58.3665
5.148, 24.1171, 9.3414, 50.4999, 66.8289, -88.8389, 58.446
5.152, 24.0607, 9.28923, 50.5754, 66.7273, -88.8472, 58.5267
5.156, 24.004, 9.23659, 50.651, 66.6252, -88.8543, 58.6086
5.16, 23.947, 9.18344, 50.7269, 66.5224, -88.86, 58.6922
5.164, 23.8897, 9.12975, 50.8031, 66.4189, -88.8641, 58.7777
5.168, 23.8321, 9.07546, 50.8796, 66.3146, -88.8663, 58.8653
5.172, 23.7742, 9.02051, 50.9566, 66.2094, -88.8664, 58.9553
5.176, 23.7161, 8.96485, 51.0339, 66.1033, -88.8644, 59.0477
5.18, 23.6576, 8.90851, 51.1117, 65.9962, -88.8601, 59.1428
5.184, 23.5988, 8.85156, 51.19, 65.8882, -88.8534, 59.2406
5.188, 23.5397, 8.79402, 51.2686, 65.7791, -88.8444, 59.341
5.192, 23.4802, 8.73592, 51.3476, 65.6691, -88.8332, 59.4441
5.196, 23.4205, 8.67729, 51.4271, 65.5582, -88.8198, 59.5496
5.2, 23.3604, 8.61814, 51.5068, 65.4465, -88.8046, 59.6575
5.204, 23.2999, 8.55844, 51.5867, 65.334, -88.7876, 59.7675
5.208, 23.2392, 8.4982, 51.6669, 65.2208, -88.7691, 59.8794
5.212, 23.178, 8.43741, 51.7471, 65.1069, -88.7494, 59.9929
5.216, 23.1166, 8.37615, 51.8275, 64.9926, -88.7286, 60.1078
5.22, 23.0548, 8.31446, 51.9078, 64.8778, -88.707, 60.224
5.224, 22.9927, 8.25244, 51.9881, 64.7626, -88.6848, 60.3412
5.228, 22.9303, 8.19017, 52.0684, 64.647, -88.6621, 60.4592
5.232, 22.8677, 8.12774, 52.1485, 64.5312, -88.6391, 60.5779
5.236, 22.8048, 8.06521, 52.2285, 64.4151, -88.6157, 60.6972
5.24, 22.7416, 8.00266, 52.3083, 64.2988, -88.5923, 60.817
5.244, 22.6782, 7.94016, 52.3879, 64.1823, -88.5687, 60.9372
5.248, 22.6146, 7.87773, 52.4674, 64.0657, -88.5451, 61.0578
5.252, 22.5508, 7.81543, 52.5466, 63.9488, -88.5216, 61.1787
5.256, 22.4868, 7.7533, 52.6256, 63.8319, -88.498, 61.2999
5.26, 22.4226, 7.69135, 52.7044, 63.7147, -88.4746, 61.4213
5.264, 22.3582, 7.62961, 52.7829, 63.5975, -88.4512, 61.543
5.268, 22.2936, 7.5681, 52.8612, 63.4801, -88.4279, 61.6649
5.272, 22.2288, 7.50682, 52.9392, 63.3626, -88.4047, 61.787
5.276, 22.1638, 7.4458, 53.017, 63.245, -88.3817, 61.9092
5.28, 22.0986, 7.38504, 53.0946, 63.1273, -88.3588, 62.0317
5.284, 22.0333, 7.32454, 53.1719, 63.0095, -88.3361, 62.1544
5.288, 21.9677, 7.26431, 53.2489, 62.8915, -88.3134, 62.2773
5.292, 21.902, 7.20436, 53.3257, 62.7734, -88.291, 62.4003
5.296, 21.8361, 7.14468, 53.4022, 62.6553, -88.2686, 62.5235
5.3, 21.7701, 7.0853, 53.4785, 62.537, -88.2465, 62.6469
5.304, 21.7038, 7.02619, 53.5545, 62.4186, -88.2244, 62.7704
5.308, 21.6373, 6.96738, 53.6302, 62.3001, -88.2026, 62.8942
5.312, 21.5707, 6.90885, 53.7057, 62.1816, -88.1809, 63.0181
5.316, 21.5039, 6.85061, 53.781, 62.0629, -88.1593, 63.1422
5.32, 21.4369, 6.79267, 53.8559, 61.9441, -88.1379, 63.2665
5.324, 21.3698, 6.73502, 53.9306, 61.8252, -88.1167, 63.3909
5.328, 21.3024, 6.67766, 54.0051, 61.7062, -88.0956, 63.5155
5.332, 21.2349, 6.6206, 54.0793, 61.5871, -88.0747, 63.6403
5.336, 21.1672, 6.56384, 54.1532, 61.4679, -88.054, 63.7653
5.34, 21.0994, 6.50739, 54.2269, 61.3486, -88.0334, 63.8905
5.344, 21.0313, 6.45123, 54.3002, 61.2292, -88.013, 64.0158
5.348, 20.9631, 6.39538, 54.3734, 61.1097, -87.9927, 64.1413
5.352, 20.8947, 6.33983, 54.4462, 60.9901, -87.9726, 64.267
5.356, 20.8262, 6.28459, 54.5188, 60.8704, -87.9527, 64.3929
5.36, 20.7574, 6.22966, 54.5912, 60.7506, -87.933, 64.5189
5.364, 20.6885, 6.17503, 54.6632, 60.6307, -87.9134, 64.6451
5.368, 20.6194, 6.12072, 54.735, 60.5107, -87.894, 64.7716
5.372, 20.5501, 6.06672, 54.8066, 60.3906, -87.8748, 64.8982
5.376, 20.4807, 6.01303, 54.8778, 60.2705, -87.8557, 65.0249
5.38, 20.411, 5.95966, 54.9488, 60.1502, -87.8368, 65.1519
5.384, 20.3413, 5.90661, 55.0196, 60.0298, -87.8181, 65.279
5.388, 20.2713, 5.85387, 55.09, 59.9094, -87.7996, 65.4063
5.392, 20.2012, 5.80147, 55.1602, 59.7888, -87.7812, 65.5338
5.396, 20.1309, 5.74941, 55.2301, 59.6682, -87.763, 65.6615
5.4, 20.0604, 5.69766, 55.2997, 59.5474, -87.745, 65.7894
5.404, 19.9897, 5.64622, 55.3691, 59.4266, -87.7272, 65.9174
5.408, 19.9189, 5.59509, 55.4382, 59.3057, -87.7096, 66.0457
5.412, 19.8479, 5.54429, 55.507, 59.1847, -87.6922, 66.1741
5.416, 19.7767, 5.49382, 55.5756, 59.0636, -87.6749, 66.3027
5.42, 19.7053, 5.44366, 55.6438, 58.9424, -87.6578, 66.4315
5.424, 19.6338, 5.39369, 55.7119, 58.8212, -87.6409, 66.5605
5.428, 19.562, 5.34382, 55.7796, 58.6998, -87.6241, 66.6898
5.432, 19.49, 5.29395, 55.8471, 58.5783, -87.6075, 66.8194
5.436, 19.4177, 5.24386, 55.9144, 58.4566, -87.5909, 66.9495
5.44, 19.3452, 5.19336, 55.9816, 58.3348, -87.5741, 67.0804
5.444, 19.2723, 5.1424, 56.0487, 58.2126, -87.557, 67.2122
5.448, 19.1991, 5.09092, 56.1157, 58.09, -87.5393, 67.3455
5.452, 19.1257, 5.03892, 56.1827, 57.967, -87.5208, 67.4805
5.456, 19.0519, 4.98641, 56.2499, 57.8432, -87.5011, 67.6179
5.46, 18.9778, 4.93337, 56.3172, 57.7187, -87.4799, 67.758
5.464, 18.9033, 4.87975, 56.3849, 57.5933, -87.4569, 67.9014
5.468, 18.8285, 4.82547, 56.453, 57.4669, -87.4317, 68.0485
5.472, 18.7533, 4.77047, 56.5215, 57.3393, -87.4041, 68.1997
5.476, 18.6776, 4.71472, 56.5905, 57.2104, -87.3739, 68.3554
5.48, 18.6015, 4.65821, 56.6601, 57.0802, -87.341, 68.5159
5.484, 18.525, 4.60098, 56.7303, 56.9485, -87.3051, 68.6814
5.488, 18.4481, 4.54315, 56.8011, 56.8155, -87.2663, 68.852
5.492, 18.3709, 4.48475, 56.8724, 56.6809, -87.2246, 69.0277
5.496, 18.2932, 4.42582, 56.9442, 56.5449, -87.1802, 69.2084
5.5, 18.2152, 4.36635, 57.0164, 56.4075, -87.1333, 69.3938
5.504, 18.1368, 4.30629, 57.089, 56.2689, -87.0841, 69.5836
5.508, 18.0579, 4.24563, 57.1619, 56.1291, -87.0329, 69.7774
5.512, 17.9786, 4.18435, 57.235, 55.9883, -86.98, 69.9748
5.516, 17.8988, 4.1225, 57.3082, 55.8466, -86.9257, 70.1754
5.52, 17.8186, 4.06019, 57.3814, 55.7042, -86.8704, 70.3786
5.524, 17.738, 3.99753, 57.4545, 55.5611, -86.8143, 70.5842
5.528, 17.657, 3.93466, 57.5274, 55.4174, -86.7576, 70.7918
5.532, 17.5756, 3.87172, 57.6002, 55.2733, -86.7006, 71.0011
5.536, 17.4939, 3.80886, 57.6727, 55.1287, -86.6434, 71.2118
5.54, 17.4118, 3.74617, 57.7449, 54.9838, -86.5861, 71.4238
5.544, 17.3294, 3.68377, 57.8168, 54.8387, -86.5288, 71.6368
5.548, 17.2468, 3.62174, 57.8882, 54.6933, -86.4717, 71.8508
5.552, 17.1639, 3.56016, 57.9593, 54.5476, -86.4148, 72.0656
5.556, 17.0807, 3.49909, 58.03, 54.4018, -86.3582, 72.2812
5.56, 16.9973, 3.43859, 58.1002, 54.2558, -86.3019, 72.4974
5.564, 16.9137, 3.37869, 58.17, 54.1097, -86.246, 72.7143
5.568, 16.8298, 3.31942, 58.2393, 53.9634, -86.1904, 72.9317
5.572, 16.7457, 3.26082, 58.3082, 53.8169, -86.1352, 73.1498
5.576, 16.6614, 3.2029, 58.3766, 53.6704, -86.0804, 73.3684
5.58, 16.5769, 3.14567, 58.4446, 53.5237, -86.0261, 73.5875
5.584, 16.4921, 3.08916, 58.5121, 53.3769, -85.9722, 73.8071
5.588, 16.4072, 3.03337, 58.5791, 53.23, -85.9187, 74.0272
5.592, 16.3221, 2.97832, 58.6456, 53.083, -85.8657, 74.2478
5.596, 16.2368, 2.924, 58.7117, 52.9358, -85.8131, 74.4689
5.6, 16.1513, 2.87043, 58.7772, 52.7886, -85.761, 74.6905
5.604, 16.0656, 2.8176, 58.8423, 52.6413, -85.7094, 74.9126
5.608, 15.9797, 2.76553, 58.9069, 52.4939, -85.6582, 75.1352
5.612, 15.8936, 2.71422, 58.9711, 52.3464, -85.6075, 75.3582
5.616, 15.8074, 2.66367, 59.0347, 52.1989, -85.5573, 75.5817
5.62, 15.7209, 2.61389, 59.0979, 52.0512, -85.5076, 75.8057
5.624, 15.6343, 2.56488, 59.1605, 51.9035, -85.4583, 76.0301
5.628, 15.5476, 2.51666, 59.2227, 51.7556, -85.4096, 76.255
5.632, 15.4606, 2.46921, 59.2844, 51.6077, -85.3613, 76.4804
5.636, 15.3735, 2.42254, 59.3456, 51.4598, -85.3136, 76.7062
5.64, 15.2862, 2.37665, 59.4064, 51.3117, -85.2663, 76.9325
5.644, 15.1988, 2.33154, 59.4666, 51.1636, -85.2195, 77.1593
5.648, 15.1112, 2.28721, 59.5263, 51.0155, -85.1733, 77.3865
5.652, 15.0234, 2.24367, 59.5856, 50.8672, -85.1276, 77.6142
5.656, 14.9355, 2.20092, 59.6443, 50.7189, -85.0823, 77.8423
5.66, 14.8474, 2.15896, 59.7026, 50.5706, -85.0376, 78.0709
5.664, 14.7591, 2.11781, 59.7604, 50.4222, -84.9934, 78.2999
5.668, 14.6707, 2.07745, 59.8176, 50.2737, -84.9497, 78.5294
5.672, 14.5822, 2.0379, 59.8744, 50.1252, -84.9066, 78.7593
5.676, 14.4935, 1.99915, 59.9307, 49.9767, -84.864, 78.9897
5.68, 14.4047, 1.96122, 59.9865, 49.8281, -84.8219, 79.2205
5.684, 14.3157, 1.9241, 60.0417, 49.6795, -84.7804, 79.4518
5.688, 14.2266, 1.88779, 60.0965, 49.5308, -84.7394, 79.6835
5.692, 14.1374, 1.8523, 60.1508, 49.3821, -84.6989, 79.9157
5.696, 14.048, 1.81764, 60.2046, 49.2333, -84.659, 80.1483
5.7, 13.9584, 1.78379, 60.2579, 49.0846, -84.6197, 80.3813
5.704, 13.8688, 1.75077, 60.3106, 48.9358, -84.5808, 80.6148
5.708, 13.779, 1.71858, 60.3629, 48.7869, -84.5426, 80.8487
5.712, 13.6891, 1.68722, 60.4147, 48.6381, -84.5049, 81.083
5.716, 13.5991, 1.65668, 60.4659, 48.4892, -84.4678, 81.3178
5.72, 13.5089, 1.62698, 60.5167, 48.3403, -84.4312, 81.553
5.724, 13.4187, 1.59811, 60.5669, 48.1914, -84.3952, 81.7886
5.728, 13.3283, 1.57008, 60.6167, 48.0425, -84.3598, 82.0247
5.732, 13.2378, 1.54289, 60.6659, 47.8936, -84.3249, 82.2611
5.736, 13.1472, 1.51654, 60.7147, 47.7447, -84.2907, 82.498
5.74, 13.0565, 1.49103, 60.7629, 47.5958, -84.257, 82.7353
5.744, 12.9657, 1.46636, 60.8106, 47.4469, -84.2238, 82.973
5.748, 12.8748, 1.44254, 60.8578, 47.298, -84.1913, 83.2111
5.752, 12.7838, 1.41956, 60.9045, 47.1491, -84.1593, 83.4496
5.756, 12.6927, 1.39743, 60.9507, 47.0002, -84.128, 83.6885
5.76, 12.6015, 1.37615, 60.9964, 46.8514, -84.0972, 83.9278
5.764, 12.5102, 1.35572, 61.0416, 46.7026, -84.067, 84.1674
5.768, 12.4188, 1.33613, 61.0862, 46.5538, -84.0373, 84.4075
5.772, 12.3274, 1.3174, 61.1304, 46.405, -84.0083, 84.648
5.776, 12.2358, 1.29952, 61.174, 46.2562, -83.9799, 84.8888
5.78, 12.1442, 1.28249, 61.2172, 46.1075, -83.9521, 85.13
5.784, 12.0525, 1.26631, 61.2598, 45.9589, -83.9248, 85.3716
5.788, 11.9607, 1.25097, 61.3019, 45.8102, -83.8982, 85.6136
5.792, 11.8689, 1.23647, 61.3435, 45.6617, -83.8721, 85.8559
5.796, 11.777, 1.22284, 61.3846, 45.5131, -83.8467, 86.0985
5.8, 11.685, 1.21007, 61.4252, 45.3647, -83.8219, 86.3416
5.804, 11.5929, 1.19816, 61.4653, 45.2162, -83.7977, 86.585
5.808, 11.5008, 1.18712, 61.5048, 45.0679, -83.774, 86.8287
5.812, 11.4086, 1.17693, 61.5439, 44.9196, -83.751, 87.0728
5.816, 11.3164, 1.16762, 61.5824, 44.7714, -83.7286, 87.3172
5.82, 11.2242, 1.15916, 61.6204, 44.6232, -83.7068, 87.562
5.824, 11.1319, 1.15157, 61.6579, 44.4752, -83.6857, 87.807
5.828, 11.0395, 1.14483, 61.6949, 44.3272, -83.6651, 88.0525
5.832, 10.9471, 1.13897, 61.7314, 44.1793, -83.6452, 88.2982
5.836, 10.8546, 1.13396, 61.7673, 44.0315, -83.6258, 88.5443
5.84, 10.7621, 1.12982, 61.8028, 43.8838, -83.6071, 88.7907
5.844, 10.6696, 1.12653, 61.8377, 43.7361, -83.5891, 89.0374
5.848, 10.5771, 1.12411, 61.8721, 43.5886, -83.5716, 89.2844
5.852, 10.4845, 1.12256, 61.906, 43.4412, -83.5548, 89.5317
5.856, 10.3918, 1.12186, 61.9394, 43.2939, -83.5386, 89.7793
5.86, 10.2992, 1.12203, 61.9723, 43.1467, -83.523, 90.0272
5.864, 10.2065, 1.12307, 62.0046, 42.9996, -83.508, 90.2755
5.868, 10.1138, 1.12496, 62.0364, 42.8526, -83.4937, 90.5239
5.872, 10.0211, 1.12771, 62.0678, 42.7057, -83.48, 90.7727
5.876, 9.92842, 1.13133, 62.0986, 42.559, -83.4669, 91.0218
5.88, 9.83569, 1.13581, 62.1289, 42.4124, -83.4544, 91.2711
5.884, 9.74296, 1.14114, 62.1586, 42.266, -83.4426, 91.5207
5.888, 9.65021, 1.14731, 62.1879, 42.1197, -83.4313, 91.7706
5.892, 9.55747, 1.15433, 62.2166, 41.9735, -83.4207, 92.0207
5.896, 9.46472, 1.16222, 62.2449, 41.8275, -83.4108, 92.2711
5.9, 9.37198, 1.17097, 62.2726, 41.6816, -83.4014, 92.5217
5.904, 9.27924, 1.18058, 62.2998, 41.5359, -83.3927, 92.7725
5.908, 9.18649, 1.19106, 62.3265, 41.3903, -83.3846, 93.0237
5.912, 9.09374, 1.20239, 62.3527, 41.2449, -83.3771, 93.275
5.916, 9.00101, 1.21457, 62.3783, 41.0997, -83.3703, 93.5266
5.92, 8.90831, 1.22761, 62.4035, 40.9546, -83.3641, 93.7784
5.924, 8.81565, 1.2415, 62.4281, 40.8097, -83.3584, 94.0304
5.928, 8.72301, 1.25624, 62.4522, 40.665, -83.3535, 94.2826
5.932, 8.63039, 1.27183, 62.4758, 40.5205, -83.3491, 94.535
5.936, 8.53779, 1.28827, 62.4989, 40.3762, -83.3453, 94.7877
5.94, 8.44522, 1.30555, 62.5215, 40.232, -83.3422, 95.0405
5.944, 8.3527, 1.32383, 62.5436, 40.0881, -83.3397, 95.2936
5.948, 8.26022, 1.34338, 62.5652, 39.9443, -83.3379, 95.5471
5.952, 8.16783, 1.36437, 62.5863, 39.8007, -83.3367, 95.8011
5.956, 8.07553, 1.38698, 62.6069, 39.6573, -83.3363, 96.0559
5.96, 7.98335, 1.41144, 62.6269, 39.514, -83.3368, 96.3121
5.964, 7.89132, 1.43782, 62.6462, 39.371, -83.3384, 96.5702
5.968, 7.79943, 1.46615, 62.6649, 39.228, -83.3413, 96.8311
5.972, 7.70768, 1.49639, 62.6828, 39.0853, -83.3458, 97.0955
5.976, 7.61606, 1.52853, 62.6999, 38.9427, -83.3521, 97.3643
5.98, 7.52454, 1.5626, 62.7161, 38.8003, -83.3605, 97.6384
5.984, 7.43312, 1.59847, 62.7313, 38.6581, -83.3712, 97.9187
5.988, 7.3418, 1.63603, 62.7455, 38.5162, -83.3845, 98.2059
5.992, 7.25059, 1.67528, 62.7586, 38.3745, -83.4004, 98.5003
5.996, 7.15951, 1.71622, 62.7706, 38.2331, -83.4191, 98.8022
6, 7.0686, 1.75881, 62.7815, 38.092, -83.4406, 99.1118
6.004, 6.97787, 1.80311, 62.7912, 37.9513, -83.4647, 99.4286
6.008, 6.88736, 1.84926, 62.7999, 37.811, -83.4914, 99.7523
6.012, 6.79708, 1.89743, 62.8076, 37.6712, -83.5204, 100.082
6.016, 6.70704, 1.94776, 62.8142, 37.5319, -83.5515, 100.418
6.02, 6.61727, 2.00027, 62.82, 37.3932, -83.5846, 100.758
6.024, 6.52776, 2.0549, 62.8248, 37.2551, -83.6194, 101.102
6.028, 6.43852, 2.11154, 62.8288, 37.1177, -83.6556, 101.449
6.032, 6.34957, 2.17006, 62.832, 36.9811, -83.6932, 101.8
6.036, 6.2609, 2.23031, 62.8345, 36.8451, -83.732, 102.152
6.04, 6.17252, 2.29218, 62.8361, 36.71, -83.7717, 102.506
6.044, 6.08444, 2.35554, 62.8371, 36.5757, -83.8124, 102.861
6.048, 5.99666, 2.42025, 62.8373, 36.4422, -83.8539, 103.217
6.052, 5.90919, 2.48622, 62.8368, 36.3095, -83.8962, 103.573
6.056, 5.82202, 2.55333, 62.8357, 36.1778, -83.9391, 103.931
6.06, 5.73516, 2.62153, 62.8339, 36.0469, -83.9826, 104.288
6.064, 5.64861, 2.69076, 62.8314, 35.9169, -84.0268, 104.646
6.068, 5.56239, 2.76098, 62.8283, 35.7878, -84.0714, 105.004
6.072, 5.47648, 2.83213, 62.8245, 35.6596, -84.1167, 105.362
6.076, 5.3909, 2.90417, 62.8201, 35.5323, -84.1623, 105.72
6.08, 5.30564, 2.97706, 62.815, 35.4059, -84.2085, 106.078
6.084, 5.22072, 3.05079, 62.8093, 35.2805, -84.2551, 106.435
6.088, 5.13613, 3.12534, 62.803, 35.156, -84.3021, 106.793
6.092, 5.05187, 3.20069, 62.7961, 35.0324, -84.3495, 107.15
6.096, 4.96795, 3.27683, 62.7886, 34.9097, -84.3974, 107.508
6.1, 4.88437, 3.35372, 62.7804, 34.788, -84.4455, 107.865
6.104, 4.80114, 3.43136, 62.7717, 34.6672, -84.4941, 108.222
6.108, 4.71826, 3.50974, 62.7623, 34.5473, -84.543, 108.579
6.112, 4.63572, 3.58884, 62.7523, 34.4284, -84.5922, 108.935
6.116, 4.55354, 3.66866, 62.7417, 34.3104, -84.6418, 109.292
6.12, 4.47172, 3.74918, 62.7306, 34.1934, -84.6917, 109.648
6.124, 4.39025, 3.8304, 62.7188, 34.0774, -84.7418, 110.004
6.128, 4.30914, 3.91232, 62.7065, 33.9622, -84.7922, 110.359
6.132, 4.2284, 3.99491, 62.6936, 33.8481, -84.8429, 110.715
6.136, 4.14802, 4.07815, 62.6801, 33.7348, -84.8939, 111.07
6.14, 4.06802, 4.162, 62.666, 33.6226, -84.9451, 111.425
6.144, 3.98838, 4.24648, 62.6513, 33.5113, -84.9965, 111.779
6.148, 3.90911, 4.33159, 62.6361, 33.4009, -85.0481, 112.134
6.152, 3.83022, 4.41731, 62.6203, 33.2916, -85.0999, 112.488
6.156, 3.75171, 4.50363, 62.604, 33.1831, -85.1519, 112.842
6.16, 3.67358, 4.59054, 62.5871, 33.0757, -85.2041, 113.195
6.164, 3.59583, 4.67805, 62.5696, 32.9692, -85.2565, 113.548
6.168, 3.51846, 4.76613, 62.5516, 32.8636, -85.309, 113.901
6.172, 3.44147, 4.85478, 62.5331, 32.7591, -85.3616, 114.254
6.176, 3.36488, 4.94397, 62.514, 32.6554, -85.4143, 114.606
6.18, 3.28867, 5.03369, 62.4944, 32.5528, -85.4671, 114.958
6.184, 3.21285, 5.12393, 62.4742, 32.4511, -85.5201, 115.31
6.188, 3.13743, 5.21469, 62.4536, 32.3503, -85.5731, 115.662
6.192, 3.06239, 5.30595, 62.4324, 32.2505, -85.6261, 116.013
6.196, 2.98775, 5.39772, 62.4106, 32.1517, -85.6792, 116.364
6.2, 2.91351, 5.48996, 62.3884, 32.0538, -85.7324, 116.714
6.204, 2.83967, 5.58267, 62.3656, 31.9569, -85.7856, 117.065
6.208, 2.76623, 5.67584, 62.3424, 31.8609, -85.8387, 117.415
6.212, 2.69319, 5.76946, 62.3186, 31.7659, -85.8919, 117.764
6.216, 2.62055, 5.86352, 62.2944, 31.6718, -85.945, 118.114
6.22, 2.54831, 5.95802, 62.2696, 31.5787, -85.9982, 118.463
6.224, 2.47648, 6.05293, 62.2444, 31.4865, -86.0512, 118.811
6.228, 2.40505, 6.14825, 62.2186, 31.3952, -86.1042, 119.16
6.232, 2.33403, 6.24396, 62.1924, 31.3049, -86.1572, 119.508
6.236, 2.26342, 6.34006, 62.1657, 31.2155, -86.21, 119.855
6.24, 2.19322, 6.43654, 62.1386, 31.1271, -86.2628, 120.203
6.244, 2.12343, 6.53339, 62.111, 31.0396, -86.3154, 120.55
6.248, 2.05407, 6.63057, 62.0829, 30.953, -86.3679, 120.896
6.252, 1.98518, 6.72799, 62.0543, 30.8674, -86.4203, 121.243
6.256, 1.91678, 6.8256, 62.0253, 30.7827, -86.4725, 121.589
6.26, 1.84889, 6.92335, 61.9959, 30.699, -86.5245, 121.934
6.264, 1.78155, 7.02117, 61.966, 30.6162, -86.5764, 122.279
6.268, 1.71478, 7.119, 61.9357, 30.5344, -86.628, 122.623
6.272, 1.64861, 7.21687, 61.9051, 30.4537, -86.6793, 122.966
6.276, 1.58316, 7.31525, 61.8741, 30.374, -86.7304, 123.308
6.28, 1.51863, 7.4148, 61.8427, 30.2956, -86.7812, 123.649
6.284, 1.45512, 7.5158, 61.8108, 30.2184, -86.8321, 123.988
6.288, 1.39279, 7.61863, 61.7785, 30.1429, -86.8832, 124.325
6.292, 1.3318, 7.72365, 61.7456, 30.0693, -86.9352, 124.66
6.296, 1.27224, 7.83091, 61.7119, 29.9981, -86.9886, 124.993
6.3, 1.21413, 7.94027, 61.6773, 29.9298, -87.0444, 125.324
6.304, 1.15744, 8.05157, 61.6416, 29.865, -87.1033, 125.652
6.308, 1.10221, 8.16481, 61.6045, 29.8044, -87.1664, 125.977
6.312, 1.04852, 8.28011, 61.5659, 29.7484, -87.2344, 126.3
6.316, 0.996464, 8.39769, 61.5255, 29.6976, -87.3082, 126.619
6.32, 0.946052, 8.51776, 61.4832, 29.6526, -87.3884, 126.936
6.324, 0.897195, 8.64069, 61.4388, 29.6135, -87.4754, 127.25
6.328, 0.849859, 8.76684, 61.3923, 29.5807, -87.5696, 127.561
6.332, 0.803997, 8.89647, 61.3434, 29.5543, -87.6712, 127.869
6.336, 0.759488, 9.02982, 61.2923, 29.5342, -87.7802, 128.176
6.34, 0.716274, 9.16704, 61.2388, 29.5203, -87.8963, 128.481
6.344, 0.674396, 9.30804, 61.1828, 29.5123, -88.0193, 128.786
6.348, 0.633934, 9.45261, 61.1245, 29.5099, -88.1488, 129.091
6.352, 0.594913, 9.60063, 61.0638, 29.5126, -88.2842, 129.397
6.356, 0.55731, 9.75188, 61.0009, 29.52, -88.425, 129.705
6.36, 0.521059, 9.90601, 60.9358, 29.5317, -88.5706, 130.015
6.364, 0.486053, 10.0627, 60.8686, 29.5473, -88.7202, 130.327
6.368, 0.45215, 10.222, 60.7996, 29.5664, -88.8731, 130.643
6.372, 0.419196, 10.3837, 60.7288, 29.5888, -89.0286, 130.961
6.376, 0.387053, 10.5478, 60.6565, 29.614, -89.186, 131.281
6.38, 0.355613, 10.714, 60.5828, 29.6418, -89.3447, 131.604
6.384, 0.324798, 10.8822, 60.5079, 29.6721, -89.5042, 131.929
6.388, 0.294553, 11.0521, 60.4319, 29.7047, -89.6638, 132.256
6.392, 0.264843, 11.2233, 60.3549, 29.7393, -89.8232, 132.583
6.396, 0.235645, 11.3955, 60.277, 29.776, -89.982, 132.912
6.4, 0.206946, 11.5683, 60.1984, 29.8146, -90.14, 133.241
