0.6275913429393727,0.839362568300778,-0.2374031099391182,1.679042217848261,-0.901215713930133,0.7910666385660577
0.626707077433788,0.838908917336091,-0.2345928359328921,1.6762082411892998,-0.901516808514774,0.7921951975850037
0.6267615005139144,0.8412196748638675,-0.2378064172568599,1.681415811178936,-0.9076667932379436,0.7852211274941564
0.6262248490334152,0.8418608493826724,-0.2377186827588802,1.6827990860286586,-0.91017577536865,0.7831785420197734
0.6259400089011695,0.8430787434723559,-0.2382161091130392,1.683733353689906,-0.9142243765123657,0.7794096671561302
0.6257457939959004,0.8448502788962232,-0.2409017937808537,1.689264360629971,-0.9189897182965632,0.7742605670952348
0.6253817492598794,0.845539024844412,-0.2392301901704443,1.6855232404270155,-0.9224413921383336,0.7719124274637773
0.6263073390385268,0.8498244158170832,-0.2436366948806334,1.6866047768027073,-0.9340238373113412,0.7597911658502479
0.6246593908472535,0.8479630534936208,-0.241859177916162,1.6923127037047616,-0.9299020668804848,0.7648235111830202
0.6246508179041399,0.8498424117957509,-0.2430107685320865,1.692613705815791,-0.9357312479636606,0.7594319867522912
0.6251923889252846,0.8528604483767694,-0.24431027347442,1.6890643230381683,-0.9448529129256134,0.7510379559972861
0.6238598708696461,0.8517439637349501,-0.2434684424983408,1.694652899400133,-0.9427093289297928,0.7538047019696149
0.6246320804571357,0.8553187403449174,-0.2451708994030594,1.690238237796969,-0.9532765531468214,0.7441726952612845
0.6244246098328796,0.8571038420317101,-0.2478004178013009,1.6952395939497706,-0.9581868468402844,0.7395224042441266
0.6240886681638376,0.8578196216500021,-0.2460709412592225,1.691322837432794,-0.9618734607506596,0.7373392163491274
0.6242284658073229,0.8609028148302632,-0.2516871932816307,1.7002097498676465,-0.9692713652493994,0.7297571109571591
0.6242913650533657,0.8630645983628757,-0.2531712308748917,1.7003543948164148,-0.975748505358317,0.7243425039601239
0.6239042756095499,0.8641278301267589,-0.2538329870178062,1.7020989531474888,-0.979471575231072,0.7215756792273517
0.6239014989764344,0.8662551672913391,-0.2558038268261446,1.7037202171145744,-0.9856657449298242,0.7164135533919606
0.623769138007717,0.8681395259956661,-0.2579294970022108,1.7066090941786014,-0.9911331274504124,0.7118876707488291
0.6251237701868173,0.8736541298990237,-0.2620509218643247,1.7021669833042403,-1.0057556499745923,0.6995500068124001
0.6255443487597123,0.8772350067157598,-0.2664182371878818,1.705224068308443,-1.0149098517965724,0.6917856807001147
0.6261421829510261,0.8819174710529045,-0.2739638170598275,1.7130632680473097,-1.025749389842483,0.68209472231339
0.6265186460660708,0.8851521067450334,-0.276936502235686,1.7132664308309935,-1.0344524629059997,0.6754070206607652
0.627306319816209,0.8901588826397427,-0.2835793250259804,1.7172069844652538,-1.0463782224508498,0.6655833803703999
0.6284727864988873,0.8969908300012581,-0.293963971813947,1.7246862247637884,-1.0615205021961989,0.6528502743957941
0.6291035713058464,0.9018538682030478,-0.3009049839027315,1.729496983814676,-1.072790488051089,0.6440106133470398
0.630050664814696,0.907792550070149,-0.308874011608248,1.7331802752938152,-1.086301132737581,0.6336328185483318
0.6310089254433073,0.913897734907644,-0.3170214091600984,1.7365811081569948,-1.1000400371428023,0.6233509711229246
0.631960352467448,0.9201021217699988,-0.325234467606611,1.7396396316378315,-1.113872668799973,0.6132731641873865
0.6328889883301421,0.9263410530614142,-0.3334080640356074,1.7423144450875558,-1.1276768149552103,0.603487612589674
0.6340516398209877,0.9342710193406536,-0.3450836187814299,1.7479160145746893,-1.1441620923465172,0.59161386448142
0.6348940750315633,0.9404510859899516,-0.3529825434926272,1.7497336798082157,-1.1576407204812635,0.5826166748790871
0.6356830695677322,0.9465066335652632,-0.3605988360966987,1.751136836456478,-1.1708127743233236,0.5740645790557726
0.6364131143611989,0.9523977682662392,-0.3678759836665515,1.7521373604579094,-1.18361695183213,0.5659795216610313
0.6367838630100509,0.9569921071142808,-0.373933203264315,1.7542429025401935,-1.193852271232808,0.5597709172585176
0.6376842485519263,0.9635627113451476,-0.3812469268505973,1.753010336940631,-1.2079465492358077,0.5512451769315893
0.6379281757207687,0.9676545692887476,-0.3864472534195085,1.7545217575671876,-1.217233687670792,0.5459657658585836
0.6383894244612431,0.9701143238818232,-0.3840548428797583,1.7437858892870333,-1.225186686059723,0.5427383525732836
0.6388169951884164,0.977297921584598,-0.3971549553342566,1.753566047893767,-1.238694948126244,0.5340129838602959
0.639168835779369,0.981716255273462,-0.4018163647618077,1.7526943595562654,-1.2486982298230067,0.5286933875906542
0.6394623875995267,0.9858638964380818,-0.4060223934344674,1.7515962008491195,-1.258226527164212,0.5237852031310711
0.6397691313992007,0.9882015081143471,-0.4042394109265993,1.7428007822924347,-1.2656613772432743,0.5209899024075905
0.6400899444570363,0.9954197070482198,-0.4172915687666386,1.7517475624999987,-1.2789546598482364,0.5128742411591263
0.6397614162509884,0.9935983412885956,-0.4091173693353235,1.7415176228740117,-1.2796875878757232,0.5146858221184916
0.6401063392204533,0.9998258582296604,-0.418522479133114,1.7454080074333609,-1.2918963110000508,0.507836868694617
0.6401022813769046,1.0003466741997544,-0.4139460022842027,1.7361323717765915,-1.296418702044621,0.5071548118416567
0.6400763622282946,1.0062348214315395,-0.425912455673137,1.7462889521075524,-1.307178567211003,0.5008114582082095
0.6397677574770939,1.0039080547707293,-0.4159804002764478,1.734053456790667,-1.307517495431889,0.5031196243995054
0.6396770777110001,1.005972647282533,-0.4168916138699831,1.7319715973144891,-1.3136686516497218,0.500854027199559
0.6395543221648667,1.0078552389925697,-0.4175204570198012,1.72982541688401,-1.319540533290898,0.4988020904349402
0.6394021066623128,1.0095678073060366,-0.4178868779871361,1.7276239334271926,-1.3251541872853367,0.496946803091824
0.6390401731625635,1.0090874172624045,-0.4139455481566756,1.7227226363296195,-1.3276449789824198,0.4973073093404214
0.6387800812853768,1.0113666852995555,-0.4172835382156482,1.725067388981915,-1.3335882836580648,0.4948815085051116
0.6383766117200582,1.010607552869545,-0.4129362042882882,1.7201380804367423,-1.3356840838704251,0.4955211770360726
0.6383068385298647,1.0137820406088969,-0.4164924828623677,1.7204133702862328,-1.3433241516515488,0.4922861093543635
0.6378096403788431,1.0136539665641675,-0.4152371530084101,1.720059917480966,-1.3458498420634215,0.4922672521929741
0.6375794768090519,1.0137045096529915,-0.4109650918245447,1.7130892590564628,-1.3495547345315198,0.4921667166858242
0.6372239681012322,1.0153987946499785,-0.4134449908524576,1.7152748503881452,-1.35462889696017,0.4903877322870847
0.6367377356192345,1.0141179364354345,-0.4083408291132766,1.7103228209515795,-1.356016770497015,0.4915334923137596
0.6366204404563458,1.0159059380477944,-0.4076339151570097,1.7058485469549638,-1.3621592148918462,0.4897893754440106
0.6366697010512508,1.0236518849600986,-0.4228598743002839,1.716938722288446,-1.3754061001651203,0.4823181958181671
0.6361619766527387,1.0221579183709002,-0.417342874551725,1.7118423550187916,-1.3765465412139206,0.4836816273602885
0.6353248015691881,1.016289292263718,-0.4027740567370123,1.7005596447448683,-1.3717866106743957,0.4891556857506908
0.634735377879295,1.0155487522251725,-0.4006671926925189,1.7001697970060736,-1.3734867980591112,0.489721335044236
0.6341793551187651,1.0139074509107189,-0.3950659121997475,1.695247938366874,-1.3744302577725378,0.4911921637620929
0.6335769980831327,1.0130847103943268,-0.392854928916611,1.694863538878493,-1.376029759789105,0.4918244999459317
0.6333625242362091,1.014440925520511,-0.3914627112355167,1.690308927330242,-1.3816126910867177,0.4905697057147041
0.632746640369561,1.0135423566604598,-0.3891473275380022,1.6899210305627466,-1.3831226114102164,0.4912725066859932
0.6322819203388597,1.0145548410011933,-0.3906167373934246,1.6919311387035214,-1.3872679202711955,0.4902052982530236
0.6316901390397072,1.0127555341881485,-0.384808078681073,1.687045889193008,-1.388044398077228,0.4918113890422412
0.6310887811569055,1.0109425107565635,-0.3789914307557807,1.6821702094801243,-1.3888144183916944,0.4934239188144468
0.630637394153434,1.0110322761113473,-0.3769265700815158,1.6796854046865632,-1.392209255346478,0.4932924507066528
0.630152774898292,1.0119246349180395,-0.3782072832587837,1.6816565366236418,-1.3962136905384483,0.4923508283631915
0.6297111831477387,1.0111383514976529,-0.3726740037655149,1.6746951477595,-1.398922065849109,0.4931178058750965
0.6290629157953038,1.0100881021382428,-0.3701607469476986,1.6743019636270209,-1.40028251885225,0.4939440172583926
0.6284114762430648,1.009025558738046,-0.3676327189617583,1.6739053170007894,-1.401634804572647,0.4947750318474248
0.6277752621522326,1.0071438762117346,-0.3617433237129366,1.6690731732727713,-1.4023795152511611,0.4964353283116541
0.6272866275585005,1.0071281012943905,-0.3595099935712196,1.666570389949715,-1.4056859178929748,0.496420493854083
0.6266261162998767,1.0060437795630173,-0.3569581029029807,1.666172801372997,-1.4070347387489226,0.497264200019319
0.625973911184845,1.0041565699294652,-0.3510761461564216,1.6613611226243097,-1.4078060373107455,0.4989212969581796
0.6253090795648681,1.0030683462179515,-0.3485250485325708,1.6609642745508053,-1.4091663585530747,0.4997617342626381
0.6248008831880401,1.0030181046236517,-0.3462338344841533,1.6584547987887188,-1.4124657156314817,0.4997861542818395
0.624133339457789,1.0011346170818023,-0.3403705006449005,1.6536616538671007,-1.4132764923887104,0.5014324832940975
0.6234609406585894,1.0000413409893236,-0.3378160522706064,1.6532609269354936,-1.4146560144983,0.5022725630075656
0.6229373532872029,0.9999744746074672,-0.3354912747448728,1.6507459994554872,-1.4179630205132636,0.5023204439930424
0.6221073596718414,0.9970800747210636,-0.3294368327162709,1.648076878358145,-1.4169053945990298,0.5047335806343858
0.6220439061291656,1.0030354140863578,-0.3395671326923632,1.6545035946174491,-1.428190447455842,0.4994988012762352
0.6208940086274288,0.9959179932840851,-0.3245544796710573,1.6451521919102488,-1.4216436262627792,0.5056169740234404
0.6202006295401707,0.9940671488614464,-0.3187631693532258,1.6403891991852195,-1.4225613103753516,0.5072218780536701
0.6199991748887568,0.9990415677806884,-0.3285974122038366,1.6487473061313611,-1.4320482352224546,0.502768129735642
0.6186752483181106,0.9901456775134128,-0.3102929931615052,1.637321581214359,-1.4230627160098048,0.5103739931768093
0.6179872257927563,0.989071997925057,-0.307776225319486,1.6369037607605978,-1.4245335567578985,0.5111745090078322
0.6180696586405037,0.99613030151463,-0.3178758481691619,1.6407929202208371,-1.437991406661576,0.5052420626994777
0.6172306210536629,0.993282945171228,-0.3118899757996449,1.6381055330209469,-1.4370855119674917,0.5075674637271264
0.6158937836590117,0.985136074263774,-0.2970657892793877,1.6313089556750393,-1.4285510088139848,0.5143063241364954
0.6153275108956482,0.98506588774319,-0.2947118265461754,1.6287809528366708,-1.4319573700337285,0.5143758084160119
0.6151279320411471,0.9894157055189408,-0.3011375434034957,1.6323478259030133,-1.441287675484706,0.5106933749209757
0.6136234986569464,0.979552770775588,-0.2831620587183681,1.6234994228610975,-1.4303916975491568,0.5188256187317195
0.613705547000249,0.9866214803927268,-0.2929277189723267,1.6270343090677728,-1.4440202164654028,0.513003978708191
0.6121889262822395,0.976771192569942,-0.2751134897602032,1.6183403605069495,-1.4331216796132047,0.5210676525178253
0.6122689460076511,0.983857291783688,-0.2847672151745288,1.6217235551598022,-1.446824939638577,0.5152850071604534
0.6107784333309927,0.9747174966137976,-0.2702221716220554,1.6174546922422377,-1.436322238924057,0.5225487516860032
0.6100324994879469,0.9730007715573123,-0.2646796774701303,1.6127391619256572,-1.437543732284084,0.5240131411506339
0.609165933915242,0.9703318991576398,-0.2590739537819109,1.6101054217986135,-1.4369204042977393,0.5261291620531043
0.6082967098287724,0.9676805816093242,-0.2535028610130025,1.60746954756505,-1.4363244104110595,0.5282246944327725
0.6082648060209426,0.9737619531033804,-0.2627986781709115,1.612775623144488,-1.4482203678034766,0.523197403053786
0.6075069698264177,0.9720885265490504,-0.2572324222351008,1.6079389216324065,-1.449558321804993,0.5246442715004629
0.6067890276971166,0.9711263611871578,-0.2548600360069688,1.607469782188858,-1.4512915093045935,0.5253410593852401
0.6059161008007057,0.9684921095236098,-0.249281254344692,1.604795775167761,-1.4507619187451817,0.5274106454247476
0.6045046969607561,0.9604522399038916,-0.235425531647718,1.5987724125167435,-1.442215561497324,0.533750046264076
0.6036222608755799,0.9578751085478068,-0.2299947560054251,1.5961384861007275,-1.4417509389570062,0.5357541862478186
0.603537695469071,0.9633130892156287,-0.2359266311160015,1.5968226922590956,-1.4534794769707342,0.531525598996715
0.6021105982713246,0.9552980259708492,-0.2222925685587591,1.5909847357788949,-1.4449269393346882,0.5377779381899102
0.6020794344799203,0.961452187717184,-0.2312726719476139,1.5958562608679,-1.4570841146951063,0.5328529905160244
0.6010961054995376,0.9579277328378536,-0.2258215922085986,1.5953245861949836,-1.4547824160914986,0.5354410495878504
0.6003016446439866,0.9563475886993223,-0.2204229349948396,1.5905094428879205,-1.4563036354059091,0.5367994856748437
0.5994078234900457,0.953818252596798,-0.2150433940805731,1.5878330377785896,-1.4559484587925955,0.5387462996879508
0.5986706303851483,0.9529163193334856,-0.2127608690860167,1.5873424649585506,-1.457807348917252,0.5393764675389866
0.5979306546889251,0.95201610346251,-0.2104790897370514,1.5868452646677376,-1.4596713553132032,0.5400055829204037
0.5963168335652789,0.9424647848948636,-0.1941843328816901,1.5790277551557168,-1.448956969609042,0.5473641506852229
0.5961270936465133,0.9470339800911368,-0.1998614384607653,1.5814904652144102,-1.459086886977979,0.5438098159003624
0.5952201100194259,0.944563933264696,-0.1945944710429477,1.5788104301781496,-1.4588264785110134,0.5456876376415413
0.5943097298738778,0.9421076953983882,-0.1893550638028962,1.5761288269683909,-1.4585867754884545,0.5475494981345441
0.5928348976796372,0.9342292671442808,-0.1764014125397064,1.5706311774017934,-1.4500928184248951,0.553494434052262
0.5926443562571198,0.9388034065134272,-0.1819229673237574,1.5729457737047194,-1.46030291110912,0.5499807172442169
0.590991764622959,0.9294136567303048,-0.1661949665581843,1.5653501102830187,-1.449719662789257,0.5570952938282578
0.5907242718735914,0.9330324250419316,-0.1716439484113558,1.5696760856091343,-1.4580538135077323,0.5541682375544303
0.5894794478895937,0.9276513205620184,-0.1617498010897649,1.5643673144949273,-1.453533367022105,0.5582429181108709
0.5883762260168655,0.923777187565578,-0.1538857838304175,1.559577124845844,-1.4513472720286114,0.5611967807749902
0.588109969166656,0.9274209292796104,-0.1592587009422135,1.5637904559432354,-1.4597583625486663,0.5582832358577797
0.5871755072179856,0.9250553355046888,-0.1541979583397257,1.5610977213162078,-1.4596546570936673,0.5600388618101018
0.5865782494747127,0.925757181988054,-0.1549142101354457,1.5627657241431994,-1.4637348104516494,0.5593830689875442
0.5853977738332246,0.9209516382362912,-0.1470748877806007,1.5599775620894751,-1.4596822356299572,0.5628484594523171
0.5846273281254621,0.9201330730150136,-0.1449268352486292,1.5594644485122409,-1.461692461293281,0.5633788909568863
0.5837506175318268,0.9187301642801948,-0.1398620102081131,1.5546891607059192,-1.4635321911303616,0.5645707991550245
0.5827337221637334,0.9154854033069434,-0.1349681801718967,1.5540685840711943,-1.4616049665002606,0.5667935398100589
0.5817135581139663,0.9122521693757112,-0.1300985617213788,1.5534361286227338,-1.4596883519069832,0.5689994917699059
0.5810002155467702,0.9123756421552298,-0.1279005162460227,1.5508519659459732,-1.4636202488529124,0.5689971649399748
0.5798631130207439,0.9085919552414128,-0.1201940150154909,1.5459672354573375,-1.4615855859690623,0.5718228413752539
0.5790146870251345,0.9068803396464348,-0.1181787063336741,1.5475118091078526,-1.461743799350583,0.5728327816886323
0.5780486254204242,0.9046093409592252,-0.1133081884052384,1.5448063240109324,-1.4617729326472817,0.5744781782005438
0.577078419652814,0.902348165965468,-0.1084585305318703,1.5421000506295348,-1.4618153281355353,0.576112036893537
0.5760435225086531,0.8991788719133395,-0.1037233926015173,1.5414389485608777,-1.459972985818054,0.5782336228272831
0.5753076640940042,0.899319563152129,-0.1015506146453939,1.5388736340137494,-1.4639423580941164,0.5782220024661567
0.5742690029050017,0.8961672822502056,-0.096851765744744,1.5382100426317755,-1.4621207435880768,0.5803187567966278
0.5732268494824395,0.8930247624976204,-0.0921745052808362,1.53753580648928,-1.460306838110681,0.5824007275500543
0.572239449931617,0.8908078390004083,-0.0874174860428067,1.5348194366921453,-1.4604039804611824,0.583983160711981
0.571247326578221,0.8885992490922066,-0.0826786583892027,1.5321021437915114,-1.4605121117727389,0.5855557875152644
0.5701955688569385,0.8854867386919874,-0.0780665311268904,1.5314085672463345,-1.4587277483814562,0.5875990270659224
0.5693862795665208,0.8847352192342373,-0.0760379890926647,1.530890482453203,-1.460829107269976,0.5880492113441473
0.5683835342182131,0.882548920613081,-0.0713459071478697,1.5281688132081197,-1.4609628189444903,0.5895968863086757
0.567129857724527,0.8780303660555423,-0.0641375198152727,1.5252510744431107,-1.457239276636955,0.5926974509334548
0.5663131386453326,0.8772914957229304,-0.0621335973095145,1.5247365302685414,-1.4593544971679733,0.5931313151716148
0.5659153068673373,0.880739049971388,-0.0645076680772882,1.524288600962787,-1.4684216571672664,0.5908374298127889
0.5640287602956424,0.8706512043386351,-0.050380568878863,1.5190646312088774,-1.4558328801154885,0.5977010284794474
0.5630037419019596,0.8685105055193472,-0.0457922688062666,1.5163316342209203,-1.4560186871463825,0.5991931443840142
0.5621759096634982,0.8677867684215287,-0.0438173555339522,1.5158211244975963,-1.4581477256559423,0.599610052284705
0.5612956608065818,0.8661554582997608,-0.0419663583642893,1.5172997217547928,-1.458360136208665,0.6004847822991634
0.5598522225211187,0.8612265699408738,-0.0322516503004139,1.5101116312882628,-1.4547094915876513,0.6040805708052538
0.559804287158391,0.8665509130706498,-0.0397976994046991,1.516086373532982,-1.4657182017550334,0.6001652047846788
0.5579238994040838,0.8575016125261428,-0.0259140388903102,1.5088453859777182,-1.4551487256391311,0.6063918645297743
0.5570349052954424,0.855885772213299,-0.0240980240055459,1.5103116283778628,-1.4553639920577062,0.6072378785450373
0.5565759898390108,0.8583670191651721,-0.0264085611520812,1.5118286374068377,-1.4624726683859348,0.6054636279538907
0.554620984475108,0.8485067499166873,-0.0128633669846078,1.5065122512658848,-1.450071867375471,0.6120469237740301
0.5537720972472822,0.8478079528636139,-0.0109454341469963,1.5060063135830573,-1.4522135154273668,0.6124231814615584
0.5533529185050661,0.8511825256716848,-0.0130320868179873,1.505477473653672,-1.461248352495525,0.6102358781454725
0.552282539775752,0.8491113586381014,-0.0085556146137482,1.502675491417387,-1.4615095274239531,0.6116653642678399
0.5511674776813136,0.8461178547906528,-0.0042482161360133,1.5019056381629754,-1.4597991251435711,0.6135203736146354
0.5493921043643386,0.8377397816382308,0.006442628698174,1.4988875803168429,-1.449359648652113,0.6189177232307552
0.5489637237404805,0.8410805047234838,0.0044695150104447,1.4983162448104062,-1.4583663365690598,0.6167711719869688
0.5471748597668529,0.8327452926614562,0.0150397327797184,1.4953026714871274,-1.4479558549853435,0.6221154241591014
0.5458118743026801,0.828451082918514,0.0217104324306836,1.492197006128971,-1.4444209372589012,0.6249375870037177
0.5456038833880084,0.833109106970031,0.0173470936035804,1.4939044818939982,-1.4552487122599171,0.6217983618225652
0.5446849312030437,0.8315405099303933,0.019032584703164,1.495399978074676,-1.4554537375144905,0.6225669606730528
0.543313432493604,0.8272051609293494,0.0257508073865144,1.492266696865412,-1.4518496097026368,0.6253883623096117
0.5422010090065839,0.8251938036916341,0.0300826853234192,1.4894403911269802,-1.4521489729487846,0.6267521343599974
0.541043813612029,0.8222569164007927,0.0342454408152772,1.488604238478287,-1.450451584375945,0.6285263664127868
0.5398811387944185,0.8193251590050166,0.038393810311863,1.48775889028414,-1.4487528918527544,0.6302920979270279
0.5387539025081995,0.8173320360914809,0.0426802217068038,1.4849246769745683,-1.449060024350833,0.6316368262053617
0.5375814302290238,0.8144118959545145,0.0467980300677643,1.4840666821276562,-1.4473620757974883,0.6333873431297485
0.5354699452790985,0.8049962475183361,0.0592235795868161,1.478605828979609,-1.4353295376363702,0.6394869243707301
0.5343248156226021,0.8030231803617147,0.0634099402936527,1.4758101124876335,-1.4356323227293053,0.6407918247788333
0.5331304650911526,0.8001471707593542,0.0674453755057946,1.4748966870135385,-1.4339696610991235,0.6425049148682425
0.5328787961432244,0.8037170062860802,0.0632786938510001,1.4785891674883718,-1.4425701866370009,0.6399058312154052
0.5305172184711924,0.7940062102536957,0.0779696923390895,1.4688389813757474,-1.4307924359255275,0.6464915078190758
0.5295585321776959,0.792457482622798,0.079605644601685,1.4702358230006514,-1.4309413348797078,0.6471923857220736
0.528342031952882,0.7896007140740423,0.0835858925567962,1.4692926111008855,-1.429269923175295,0.6488780149603166
0.5268620386206,0.7854456181312964,0.0898891954723362,1.4659929157725022,-1.4257881241849386,0.651548414663248
0.5258909910788732,0.783900018094749,0.0915072377504364,1.4673799188308003,-1.4259156848778731,0.6522291125893804
0.5254229454918606,0.7869586944861175,0.0900498646106369,1.4668259314994434,-1.4345097918529646,0.6502908896862649
0.5241873197031239,0.7840954451279127,0.0940071497592287,1.4658792067563204,-1.4327907228850434,0.6519659641268089
0.5216831088410236,0.7737120970670974,0.1080387115581178,1.4578658064436478,-1.419259830951365,0.6587835418788364
0.5206971915762715,0.7721758990714863,0.1096282088436511,1.4592427083284452,-1.4193634236846886,0.6594448101705404
0.519483402010104,0.7702651361805953,0.1136455976633479,1.4564078160372953,-1.4196653975728326,0.6606883879714412
0.5189108443080914,0.7713628899025179,0.112065284213604,1.459578730572871,-1.4240353264965884,0.6596062712886405
0.5176413173459666,0.7685225603877457,0.1159521092815951,1.4585813451376868,-1.4222931744916658,0.6612515016248229
0.5163647630027492,0.7656856618198327,0.1198271897658032,1.4575745131683586,-1.420544740468709,0.6628915835181665
0.5140472432208285,0.7568204314383093,0.1311841432332965,1.451722177761372,-1.409052764923367,0.6685945150946769
0.5138395453861393,0.7609667518333828,0.1276843480813798,1.4536564697238104,-1.4190946426619495,0.6657664713176399
0.5115004901429341,0.7521371249975867,0.1389311821451193,1.447806105631632,-1.4076199850079476,0.6714282700735182
0.5099016045291416,0.7480764539088393,0.1449646221475202,1.4443117989326335,-1.404121552740803,0.6740236006089722
0.5096416785447557,0.751201924288975,0.1414682874254902,1.4480736647303336,-1.411972353243172,0.6716318579881673
0.5083712369788915,0.7493345133450546,0.1454065042007495,1.445156098230121,-1.4122653814186774,0.6728561286196543
0.5059247751642686,0.7397214774950637,0.1562486878499336,1.441033866881451,-1.398888010860627,0.6788275122509234
0.505413799506254,0.7424298822064821,0.1552447359469695,1.4405241389974102,-1.406883215830364,0.6770710066380538
0.5032369830135099,0.7341679807301119,0.1637141965603428,1.4388020212918462,-1.3953593761922505,0.6820105333538934
0.5015760737398014,0.730146464147843,0.1696322252462399,1.4352055430665316,-1.3918342179155958,0.6845879928923548
0.5002108405207353,0.7273802169238459,0.173331048448101,1.4340602218957457,-1.3900515340731008,0.6861718597782562
0.4999411723272384,0.7303050945992013,0.1700584550311015,1.437915758370452,-1.3975249241030754,0.6838513120252041
0.4985663638597475,0.7275178102177939,0.1737689511011775,1.436779267115943,-1.39568333105714,0.6854403232220794
0.4969254003203955,0.7244088743489551,0.179843993645655,1.431293488282972,-1.3941559353288595,0.6876472906513607
0.4944131999676031,0.7160337868884067,0.1903032564964311,1.4251529569480237,-1.3831491850964663,0.6930799359095116
0.492681062643534,0.7120512881490747,0.1961004983999508,1.421446800011848,-1.3795928743203385,0.6956465987764153
0.4927238476216957,0.7160839182896034,0.1908563907995277,1.4277909069975931,-1.3885589632788566,0.692398682361378
0.4898386996166586,0.7065701522394826,0.2033310211846561,1.4190150160465391,-1.375918676631103,0.6987882468918133
0.4886712885788604,0.7041332349518996,0.2046745658526658,1.4220185589205248,-1.3737201076425205,0.6997494445411193
0.4877126979038539,0.7043117245934188,0.2060499444665098,1.4208047516723137,-1.37721124138525,0.6995503017741153
0.4854425653441536,0.6974423198640479,0.2139856999519278,1.4169825124536182,-1.3682505570638794,0.7038823964963693
0.4836380642709077,0.6934961262879468,0.2196763537633932,1.413157452881847,-1.364644531017848,0.7064543568796637
0.4821654690496251,0.6907734323374005,0.2232286588992902,1.411873220740707,-1.3627450506191694,0.7080180692551553
0.4806832972640191,0.6880531415492387,0.2267714052733815,1.4105775894969017,-1.3608330501319847,0.7095815433227632
0.4803754340702282,0.6905571901010337,0.2239786441143094,1.4145114952257711,-1.3674970844117365,0.7074215932806742
0.4776906616094871,0.6826207516516857,0.2338268083044707,1.4079524507871932,-1.356970861843022,0.7127079329210841
0.4757443074165652,0.6777740833304511,0.2393239203614023,1.405681841353131,-1.3512244769502548,0.7156869475575847
0.4738562740324554,0.6738666641442852,0.2449018129461948,1.4017184801266571,-1.3475611788136264,0.7182781489429199
0.4723204491184321,0.6711654525462107,0.2483824826187757,1.4003496307361123,-1.3455875245463604,0.7198443320084372
0.4711433767976882,0.6696616733189688,0.2497851531734223,1.4015911535237071,-1.3452929824187472,0.7203810783862798
0.4692182232917896,0.6657712072930065,0.2553146271257924,1.3975753833213065,-1.341597893460948,0.7229799751450425
0.4672739133899695,0.6618886070730116,0.2608203063922856,1.393527254579568,-1.337893136823481,0.7255860304150372
0.4656946353664639,0.65920150785201,0.2642554873497349,1.3921036905604705,-1.3358653625687928,0.7271592738107433
0.4640158517834254,0.6555837325829703,0.2675867676046226,1.3922713424248927,-1.3317050930605865,0.7291384054862466
0.4620251204663188,0.6517217370044708,0.2730374336872583,1.3881441996136574,-1.3279641185846494,0.731765341666041
0.4603158267036642,0.6481115491732278,0.2763482080796522,1.3882573179285986,-1.323765815125903,0.7337548822854643
0.4586881422680124,0.6454379993308231,0.2797401561519153,1.3867654381377137,-1.3216749766296696,0.7353379071131129
0.4570495849009712,0.6427677114921397,0.2831220035772843,1.3852602815210795,-1.3195682698406817,0.7369236988606193
0.4549964484954194,0.6389326882974168,0.2885023217776896,1.38103195220079,-1.3157762608512986,0.7395808743940696
0.4528207084486606,0.6341723190676174,0.2937750368974712,1.3783219679497705,-1.3098344996503828,0.7426672755171886
0.4512441646297938,0.6324509740432935,0.2971993988668171,1.3752103507416225,-1.3098237251764395,0.7438498734751964
0.4494496953365297,0.6288647910667388,0.3004480445340689,1.3751792784782806,-1.3055146292347866,0.7458725897232615
0.4473249915625654,0.6250612050935654,0.3057489962391342,1.3708310890878983,-1.301670690504711,0.7485708434953847
0.4454968813163611,0.6214846896952351,0.3089769301536336,1.370740384104402,-1.297321188445972,0.7506105236805097
0.4437651218515013,0.6188459053636203,0.3122739369231484,1.3691054518764487,-1.295102179781347,0.7522316819556066
0.4403405753264882,0.6111271348744322,0.3223987199748852,1.3592145404945837,-1.2846281475308623,0.7582792661792326
0.4393876504349512,0.6112964539101181,0.3227404354609178,1.3601951571793225,-1.28731776052311,0.7577115092012106
0.4362435133273483,0.6039237601870047,0.330688247012594,1.3544927574278485,-1.27649976797967,0.7630776126486966
0.4355817700576394,0.6041927557827357,0.3290993532167032,1.359752198061147,-1.2784396074104147,0.7618764583465931
0.432868680210285,0.599321484035203,0.3361913403960215,1.3523279185108787,-1.2728568208551925,0.7658102242613769
0.431505260917397,0.5978464421143699,0.3374843512076171,1.3534133713633865,-1.2721751428130186,0.7663371779356588
0.4292092066284212,0.5941234604095694,0.342608052967613,1.34877448817434,-1.2682042833727427,0.7691580769935924
0.4272279426246896,0.5906013002473197,0.345736858645695,1.3484148472601287,-1.263674782042761,0.7712922974404295
0.4247553981040979,0.5859710363392184,0.3507573454448465,1.3451317001216156,-1.2574961884719038,0.7746050409631734
0.4223928895081767,0.5822838767837347,0.3558140618531087,1.3403681442738469,-1.2534828175432546,0.7774869060952794
0.4204918899310468,0.5797153129122239,0.3589643408814855,1.3384854840267535,-1.2510764232050382,0.7792049372748217
0.418434421443671,0.5762258010417548,0.3620462605549941,1.3379873668986262,-1.2464657280772755,0.7813961480491683
0.4160117327250829,0.5725720711645681,0.3670429965986188,1.333121228845326,-1.2424093583337916,0.7843307121642079
0.4134160748245925,0.5680087793945557,0.371958916598111,1.3295908814025252,-1.2361512994735928,0.7877657250342726
0.4112960414823789,0.5645506474058383,0.375001606248309,1.3289735786556482,-1.2314820836539138,0.7900112588758709
0.4075613664643862,0.5579129667242972,0.3839240780634456,1.3183449421843223,-1.2223151036323452,0.7960866070001278
0.4054027514709002,0.5545360911911643,0.3869139096072449,1.3175906492452865,-1.2177216211297837,0.798361867831121
0.402869298210784,0.5510166620777683,0.3917095282797556,1.3125558651100775,-1.213697743580799,0.8013834009454228
0.4006706622183191,0.5476632430393065,0.3946723821467361,1.3117265610597868,-1.2090687235661517,0.8036950696910125
0.3991518227421111,0.546041595551771,0.3956069527252348,1.3135741394330365,-1.2074662840955916,0.804277443007414
0.3970773773882716,0.5435684749646743,0.398613041422198,1.3114150514248704,-1.204890713428407,0.806126057374992
0.3932307714907028,0.5373917203027676,0.4070588962126396,1.3005036016631013,-1.1962908711250508,0.812231262480419
0.3917922303150334,0.5365510851702793,0.4081570814708941,1.3008648868567887,-1.1965495194016906,0.8124538806887616
0.3881065156617711,0.5297924517490634,0.4145813510720131,1.295453099045853,-1.1853606781025978,0.8183202387913288
0.3866052275332596,0.5288418163953702,0.4157388843302496,1.2957619737345405,-1.185326547283448,0.8186445097492139
0.383122302536544,0.5234715589542116,0.422131315335156,1.2884033418415424,-1.177364582708825,0.8238047322643878
0.3804871977344879,0.5195912590107398,0.4256147408883546,1.2864259213759428,-1.1713870209002504,0.8269543552904693
0.3777156803542691,0.5162404670139422,0.4301811176159515,1.2809190745881007,-1.1672473073180571,0.8302586542298995
0.3746127801394321,0.5118269991385095,0.4349985331201058,1.2759791570646954,-1.160588391999052,0.834432949519889
0.3717891830590694,0.5085323978814736,0.4394923917755635,1.270372036181859,-1.1564559900531362,0.8377985232269733
0.3691344285625884,0.5045099351668176,0.4422285752657215,1.270169668026648,-1.1494894965476603,0.8409774807460744
0.3661532527606432,0.5010768769034927,0.4469613958155445,1.2639101782023296,-1.145046282562298,0.8446723083722163
0.3636533874342671,0.4979725800357259,0.4496866899695215,1.262468690917896,-1.1402442627125178,0.8473171478239838
0.3604243139945851,0.4937593419197807,0.4543149308570451,1.257220375346363,-1.1336840683667544,0.8516642473271391
0.3579881500422277,0.4908815736293994,0.4567172178204179,1.2562289690317303,-1.1291569907561103,0.8541033746357714
0.354307979604489,0.4866550229576672,0.4629096649567024,1.2465342336213376,-1.1233340969994683,0.8593598713275902
0.3510007177163166,0.4825828069967442,0.467399802049429,1.2410913099096526,-1.1168621150653235,0.8638254902223291
0.3484961737799255,0.4797809207160899,0.4697461495361712,1.2399261149986451,-1.1123223020539268,0.866370133669079
0.3445075069739913,0.4748837724015129,0.4757348381280284,1.231044759268966,-1.1044749772990845,0.8724149188285862
0.3412189999994348,0.4710994386169463,0.4798446670850063,1.2259072568806368,-1.0983119575810103,0.87678375187456
0.339099700730745,0.4690322424720898,0.4810488557621593,1.2268630197869432,-1.09481377438938,0.8783460727081605
0.335124198778947,0.464443782166862,0.4866314927323736,1.2182659703578549,-1.0873005722051283,0.8843223152313198
0.332512284951604,0.4617922884986344,0.4888701661908801,1.2168285830892662,-1.082775356084305,0.8870229857595268
0.3290453568200639,0.4580816150969801,0.4930544541237616,1.210925212390249,-1.0765738752416658,0.8917524688228813
0.3258855229460473,0.4553358978228624,0.4969881217935001,1.2045490791904994,-1.072696236524627,0.8955939961894062
0.3228105219129173,0.4518083826667963,0.4995491725120762,1.2028709670004525,-1.0658548161614867,0.8994863030958576
0.3189439002096104,0.4483139418487101,0.5048775115519815,1.1929669294989234,-1.0607093736090338,0.9050030354959484
0.315564385324262,0.4450161100632462,0.5084547107191848,1.1878106245833784,-1.0549469079653202,0.9094807133322264
0.311932908346094,0.4415550961876364,0.5125488525577762,1.18114413527363,-1.0489902556078512,0.9145380068707908
0.3092117025327265,0.439198198611936,0.5145831063861779,1.1793686970662616,-1.044661827038348,0.9173977316377928
0.3057094072015824,0.4360050003928213,0.5182101750035126,1.1735658929742607,-1.03899191438742,0.9221356084572362
0.3018660371274428,0.432062877470272,0.5219361911317226,1.16804377012395,-1.031256779493401,0.927858326398978
0.2990498097476197,0.4298155820135823,0.5240306223138238,1.1656977597269695,-1.0270538129905882,0.93089355673846
0.2948047631495352,0.4260501149054931,0.528902557350361,1.1561598169498295,-1.0203543703899949,0.9374495590193892
0.2914680624719636,0.4238699228812788,0.5324687878076695,1.148959206263999,-1.0171389981657957,0.941558166933308
0.2876615044281396,0.4203138833915359,0.5357804080553796,1.1436735469331982,-1.0098580647922686,0.9472033025893134
0.2841195392465137,0.4175866873984304,0.5390471701005062,1.137609705192017,-1.004780046440456,0.9520022232272468
0.2803073343529987,0.4142133978893535,0.5422310541781576,1.1322207367926984,-0.997744738303352,0.9576703299864718
0.2770478796843876,0.4123907643596439,0.545384491779958,1.1254236267455906,-0.9950032581115764,0.961547076085126
0.2734779815681372,0.4099204668038398,0.5485781192327681,1.1189114650470071,-0.9903852130145904,0.9663741991942446
0.2704036770805702,0.4075636921478631,0.5503457680477022,1.1168024338565887,-0.9850762241707632,0.9701583400829572
0.2651205957341185,0.4031655018602054,0.5558741277528947,1.1038342051115362,-0.9762985854958616,0.9795609600469268
0.2635072423929188,0.4031383967122214,0.5559923869850947,1.1050929486534535,-0.9764717431333284,0.9792109000527184
0.2589468815963878,0.3996983643813098,0.5602631553989672,1.095119809978352,-0.9694668326307236,0.9867331170463708
0.2555473795147835,0.3977710980395013,0.5629336340238105,1.0891431708197064,-0.9657157892336944,0.9911012098974864
0.2521560045918543,0.395976908261973,0.5656222741885588,1.082872591538084,-0.9623073613888092,0.9954042690403044
0.2480845160601377,0.3935902745048308,0.5692867884618926,1.073529208649422,-0.9577590702904076,1.001479714540565
0.2445280397075935,0.3913446341287042,0.5716635199649638,1.0683178805770468,-0.9526766042126674,1.0064740159187466
0.2421218568641392,0.3905802956173436,0.5727146850758047,1.0666042081149596,-0.9510299823424828,1.0082091412557077
0.2378640997371506,0.3879745870918883,0.5762428118158238,1.0573536452111278,-0.945547399731226,1.0149438956190082
0.2348193678838588,0.3867902678897745,0.5782639188607472,1.0523236923694934,-0.9432235842328062,1.0183005842397554
0.2310133589801677,0.3851367943335854,0.5815066015865493,1.043129132790019,-0.9402981582548654,1.0235494606264417
0.2289259380255477,0.3849696683769743,0.5822508177533949,1.0418440229467745,-0.9400738071061756,1.0242889347110355
0.2261346256113423,0.3842773176000688,0.5840379588555229,1.037082217073363,-0.9389652025502866,1.0268351311864663
0.2231341962130302,0.3831104545784421,0.5857601811822128,1.032727963703345,-0.9363464691857324,1.0301667372994534
0.2194334978023424,0.3813950545800156,0.5884309304505646,1.025129407212765,-0.9326995057952,1.0353445533994488
0.2169801166128313,0.3812073897187542,0.5898693343802557,1.021109347445913,-0.9328098890212444,1.0368745298848607
0.2143367895859649,0.3805583281690234,0.5912293196400156,1.0175414699069492,-0.9314441259892624,1.039156513130765
0.2109699344664171,0.3794062270570831,0.5936156710549725,1.0103773642457805,-0.9292600369292784,1.0432887136078992
0.2083455545651742,0.3797507968512382,0.5958922007269516,1.0028400120526093,-0.9315766007550316,1.0447212385332432
0.2069788161865768,0.3802565247403787,0.5956744199503285,1.0043780804593383,-0.9325939456278252,1.0436138486565836
0.2039781767578481,0.379596541812549,0.5977321189197216,0.9979995319786664,-0.9316851393947712,1.0466331982855377
0.2019848761946181,0.3797164665127308,0.5984644216881683,0.9961336074988808,-0.9322151490357972,1.0470733557705931
0.2010074631650402,0.3806061053726027,0.5978644181935648,0.9988368622550472,-0.9341455811172826,1.0449427459029768
0.1986047834758597,0.3810022296446281,0.5997384042522458,0.9925782296983222,-0.9363580083990358,1.0459509758698444
0.1971661748576432,0.3821134846363407,0.600327371376244,0.9907403755138268,-0.9398295114745656,1.0445515735004254
0.1954237499824054,0.382492840491444,0.6008607657689746,0.9893886792695205,-0.9410456624570742,1.044362458489701
0.1930086377270647,0.3828673333719443,0.6027513030476741,0.9829860442226668,-0.9432388091327178,1.0454071104966804
0.1911465668669212,0.3829896933368097,0.6033154507558391,0.98156600138808,-0.9437160058506584,1.0456848715975142
0.1890687463119027,0.3829373595195131,0.6041573609047304,0.9791497723529112,-0.9438687817288636,1.0465140524524017
0.1861335328177413,0.382616824060384,0.6064260083270838,0.9714702750120644,-0.9442448539702052,1.0491062108840326
0.1826006231697738,0.3811227194055582,0.6087600676167031,0.9638607374130624,-0.941097355499664,1.0538364746843163
0.1793812175229798,0.3791687808876904,0.6100375961628819,0.960250393006121,-0.9357308066007558,1.0585196919012982
0.1761440430449181,0.3776248654299464,0.6116488850672859,0.955101504023067,-0.9318030353174692,1.062903685394193
0.1719501147235314,0.3758033036883522,0.6146840499535728,0.944370448941502,-0.9280052996415922,1.0693253011322377
0.1685491573572042,0.374357769993667,0.6165077615508627,0.9380117976513336,-0.9243987596086968,1.0740480096199378
0.163617670391158,0.3715083128893313,0.619678760202282,0.9263960304352692,-0.9173301580169444,1.083085457764356
0.1606814528183386,0.3698047239070435,0.6202670939269308,0.9245566396481696,-0.9118031659062272,1.0874766385608483
0.1570180706973105,0.3682906604107366,0.6221830875850887,0.9172048835913018,-0.9077705428228304,1.0930483492232426
0.1515996682629845,0.3647876337904032,0.6251337569594249,0.905493613218358,-0.8980675149545665,1.104301708568745
0.146842785293435,0.3628116289060492,0.6281443744166477,0.8929790758595295,-0.8931483198184447,1.112758237564507
0.1427544408992398,0.3606988991454747,0.6298179373468273,0.885687317931344,-0.8866528628337723,1.1203467732755554
0.1386724107155941,0.3587304000380147,0.6314856792974033,0.8781272825678436,-0.8804930549460797,1.12791548301799
0.1324130756050276,0.3557632607701202,0.6353927511276432,0.8602636055410167,-0.872599578171871,1.1412272541368935
0.1286525242559664,0.3546219923785766,0.6370240262078148,0.8522567723290395,-0.8688892584936941,1.147429277105996
0.1241145337502103,0.3521200970345771,0.6384537256827296,0.8444184242210233,-0.8603354618826853,1.1573793939747252
0.1192277433598003,0.3506085061417826,0.6411004106872888,0.8309881377253628,-0.8559113647088653,1.166712010357786
0.1139603879916739,0.3485452116112706,0.6435981915267717,0.8174541558971868,-0.8493515773802192,1.1779637564200782
0.1097149985107073,0.3469203504595364,0.6449641289200239,0.8089658350986708,-0.8432757521280566,1.186753624151028
0.1044073771712885,0.3450435827142591,0.6473352518937254,0.7950349951589145,-0.8369461315477665,1.1984020310999963
0.1017058559350405,0.3447052075605252,0.647653777606799,0.7917789767114543,-0.8343054757511199,1.2021418465755331
0.096282714670048,0.3428664419901751,0.6499224119699822,0.7774322640727901,-0.8277457848712189,1.2144999549331057
0.0909308656369223,0.3412529269054251,0.6521104316156934,0.7629952717468909,-0.8217531570495066,1.226656107794233
0.0855655416185006,0.3397474535163043,0.6542207854406072,0.7483659418308014,-0.8159189142729572,1.2390072579134035
0.0813394029697325,0.3386929132495463,0.6552946901740513,0.7391073308778195,-0.8107757756030292,1.248296988541406
0.075699899115456,0.3371243346834586,0.6573159771121442,0.7235388814060215,-0.8042975848203046,1.2621813440823015
0.0723781766502442,0.3361325831810198,0.6572458799970171,0.719643699375811,-0.7982074065659476,1.2699785438580928
0.0658981041412283,0.3349809641814438,0.660168158541746,0.6982114660971349,-0.7936074318575351,1.2855887656325276
0.0606237604968176,0.334109452334709,0.6619098858178605,0.6830387350864758,-0.789005383072527,1.298205498231792
0.0562156620766858,0.3333294325001129,0.6627601286901914,0.672625534176745,-0.7839281069629215,1.3089789506042635
0.050982284908648,0.3328785300705021,0.6645257222099676,0.6566874469074697,-0.7806416407391402,1.321087567567076
0.0463581884069204,0.3319062792711904,0.6651505301240825,0.645974774704741,-0.7743094216948161,1.3337616466509865
0.0422899533411436,0.3318280001526534,0.6659586926782932,0.6355818951546319,-0.7714913202048985,1.3426594390943922
0.0356512756909097,0.3311276711154831,0.6682156832370074,0.6133292169255853,-0.7670257337705642,1.360355468136338
0.0322013913179972,0.3307771639570283,0.6680634592676538,0.6073692577768733,-0.7621270409845301,1.3693611189717974
0.0267461070874599,0.330452823675181,0.669380277784204,0.5906725744865795,-0.758156686756611,1.3838401249074777
0.0224966786882938,0.3303556405676975,0.6698560396637308,0.5798515683369188,-0.7543947744623382,1.394779574254614
0.0156306678852797,0.3300106461965626,0.6718214013953547,0.5561208079216232,-0.7503299918420613,1.41429678073938
0.0111647969015438,0.3299681248911311,0.672228473465355,0.5442358968010982,-0.7463745836982437,1.4266401660849348
0.0054860456488374,0.3299481174721024,0.6733000126158322,0.5261237073291446,-0.7426965350175178,1.4428908275539478
0.0012607949709084,0.3301919884406304,0.6735618118146878,0.514873887536407,-0.7395261475422593,1.4543051052853415
-0.0043212466907212,0.3306270377752518,0.6746534237325554,0.4963233683880774,-0.7374337011761349,1.4693958387666946
-0.0082742764856957,0.3311358109538388,0.6747689664033212,0.4859366587152655,-0.7350123410644648,1.4796465371390477
-0.0142144884167789,0.3314081353479231,0.6756203685353399,0.4662408582362755,-0.7316199664910913,1.4978531207039318
-0.0186749845105937,0.3318610475699596,0.6757295891706825,0.4535823074088074,-0.7285327915541583,1.511057170069177
-0.0240696722819819,0.33255427552348,0.6763531145469495,0.4358212360106136,-0.7265110020055077,1.5266982497038333
-0.0285147278662458,0.3331732143793396,0.676362747054517,0.4229780161667589,-0.7237373090826457,1.540115333924775
-0.0341733944107103,0.3339734716547967,0.6768978737792679,0.4038743068899962,-0.7216801790786399,1.557467228494502
-0.038302349122202,0.3348459619302872,0.6767629572178246,0.3921436889776361,-0.7196617734742908,1.5694576935943565
-0.0430265495471395,0.3356249570529689,0.6766724675099871,0.377731593053267,-0.7169284577544098,1.58485055897194
-0.0480240571311689,0.3370719193808661,0.6770867445192081,0.3608340973195366,-0.7173191024780955,1.5976907557555693
-0.0527440644020273,0.3380208771146952,0.6768947396928544,0.3462178335674778,-0.7149237914115423,1.6133263469220622
-0.0583578853342858,0.339320537410078,0.6771031227338948,0.3267866813958325,-0.7139194073061775,1.6310891502678342
-0.0636197067741806,0.3407879328963265,0.677194903445582,0.3088641859146526,-0.7135197300541232,1.6469941803148829
-0.0679787487613623,0.3420624099871117,0.6768059102088766,0.2955431330488413,-0.7120493377576638,1.661032424752309
-0.0720251176616235,0.3436345469172741,0.6764882135140624,0.2833250343079161,-0.7119798539824557,1.6719526399781757
-0.0764147617815655,0.3452282464837251,0.6761613213513873,0.2694859112969668,-0.7117033976567363,1.684883925140104
-0.0822461566861427,0.3467996199801364,0.6759288627299558,0.2488850077331585,-0.7105358544402286,1.7059605160195253
-0.0858997836020742,0.3485992936871971,0.675439078695566,0.2383455175203095,-0.7111158129793373,1.7148491261498362
-0.0913925748270987,0.350568404757723,0.6751899049739003,0.2190181352784093,-0.7115659493021826,1.7326348870387454
-0.0956543698398224,0.3522926824610187,0.6745184313715331,0.2057009975575332,-0.7110142648731997,1.7467892434388317
-0.1000057539976824,0.3542644820549976,0.6739406735980467,0.191777813142871,-0.711488156505972,1.7599019591782168
-0.1054404488711799,0.3565173190241991,0.673499759748065,0.1725999481356148,-0.7125658699202642,1.7776031175148834
-0.1104540678617418,0.3588547113617213,0.6729660352709548,0.1554080252071452,-0.7140255295419234,1.7929262647804232
-0.1150244842589964,0.36091125393105,0.6721140943415915,0.1404045928258101,-0.7139964554918095,1.80928234302689
-0.1189336420102673,0.3631557854579312,0.6713163134399842,0.1284638994579653,-0.7151971777318841,1.8200663417185337
-0.1242603512350122,0.3657794993992349,0.6706121872241262,0.1097368882101494,-0.7170932418841991,1.837408579667413
-0.1281333457942288,0.3681517277400474,0.6697172648686105,0.0979440315923087,-0.7185300774592124,1.848072941448239
-0.1331764285285848,0.3710727948112814,0.6689906635931875,0.0806119717017113,-0.7216646133361022,1.8619185089809356
-0.1374587307397661,0.3733303208020769,0.6677842789928476,0.0667739885025264,-0.7216217275745389,1.8789533375001963
-0.1412712316738877,0.3758844522014957,0.6667522088417259,0.055230915293932,-0.7233923018261866,1.88941814690832
-0.1450662897607433,0.3784904330294004,0.665678869172202,0.0437610506756634,-0.7252474140968825,1.899822768299518
-0.1494762025490326,0.381145831321411,0.664448041549826,0.0292651311348542,-0.7264887958581138,1.9159107408568017
-0.1543995859181528,0.3844432121923286,0.6634239201655947,0.0125964713265578,-0.730357931206188,1.9291812537761908
-0.1571663985427811,0.386543628592347,0.6619899561301112,0.0056801614899823,-0.7299529396687462,1.939643512603159
-0.162037840211604,0.3899727782228268,0.6608588471395285,-0.0107087531616914,-0.7340651350555841,1.9526720760207936
-0.1659106442282887,0.3927766928462163,0.6594683589069787,-0.0227062086703208,-0.7357195141692221,1.9658949511012644
-0.1711657712980363,0.3965030884295763,0.6581767713933395,-0.0408142309976748,-0.7403187563285936,1.9811838029386508
-0.1748090386173988,0.3995087322221003,0.6567881725785449,-0.0515687830988626,-0.7428721937454876,1.9910022027314196
-0.1785936180273593,0.4024937755190652,0.6552672591657234,-0.0631610568843851,-0.744875593682196,2.0039078131001378
-0.1810540407513041,0.4049166193985598,0.6537698086583776,-0.0687151715045689,-0.7455512010502329,2.0109378225364574
-0.1854651803324785,0.4084967954361312,0.65225200098106,-0.0829440673591956,-0.7494554623079018,2.023619221974907
-0.1894594464191854,0.4118794639809521,0.6506616343294689,-0.0953542810595672,-0.7526332346041738,2.0357121409137973
-0.1942379069276576,0.4157871951154191,0.6489781981843388,-0.1112167234044347,-0.7571179191758464,2.050624964470098
-0.196617867903635,0.4183519240041478,0.6473741506044322,-0.1165105516163488,-0.7579982762998613,2.057469077577397
-0.201651970731195,0.4226541273464412,0.6456090013456333,-0.1332847563761819,-0.7636420563626667,2.0716480336009546
-0.2041156286874539,0.4252390154908493,0.6438751998067214,-0.1392412332735096,-0.7641042098537321,2.0814806167236672
-0.208631827440028,0.4294359609813744,0.6420687226627764,-0.1535749032521363,-0.7695244403946345,2.0927011469734427
-0.2116748783558275,0.4326167592446388,0.6402848926824141,-0.1618124539955791,-0.7718317634962996,2.1019033635455835
-0.2159504627009454,0.4366553514560835,0.6383064893114438,-0.1754064258878964,-0.7762037500357291,2.116005563884474
-0.2191925124034881,0.4402565809872597,0.6365086418454373,-0.1840666351169356,-0.7800621190477023,2.1216736118777537
-0.2226005491821299,0.4438245532695974,0.6345412938537707,-0.1939657741534545,-0.7830793789024983,2.1332306315665344
-0.2258878271579512,0.4474662728497887,0.6326034280458179,-0.203077958005902,-0.7865875103601189,2.141705509908727
-0.229149661058484,0.4511450853889848,0.6306292451196134,-0.2120783754695382,-0.7901403790075264,2.1500889161684538
-0.2329176718688002,0.4551433163671475,0.6284619881936537,-0.2235760163047983,-0.793982009938771,2.163986363507115
-0.235663819408824,0.4585827456581715,0.6265198121485462,-0.2303003983783357,-0.7969833138247845,2.169484448355109
-0.2388428542119509,0.4623700772822834,0.6244406055731124,-0.2389426451089299,-0.8006697200957099,2.1775794932048527
-0.2419956777928433,0.4661917461627307,0.6223259440033599,-0.2474735642164038,-0.8043937576967696,2.185584778585796
-0.2461531365773517,0.4709392680200027,0.6199566672827066,-0.259920586580776,-0.8105401038621296,2.1951745298618284
-0.2476513735745307,0.4733876130829285,0.6180959217181128,-0.2621805965389465,-0.8102848129357938,2.202358760710743
-0.251752618278358,0.478220782486447,0.615645367726994,-0.2743672725064516,-0.8165449851778126,2.211737939783191
-0.2547987938831557,0.4821815770672805,0.6133877944084531,-0.2824447685253421,-0.8204240927503093,2.219387100265159
-0.257818073530065,0.4861732642388928,0.6110962514966438,-0.2904128405472677,-0.8243329320554569,2.2269500330792016
-0.2612650533527878,0.4905890811392249,0.6086292550729473,-0.3001988595320624,-0.8291052404438962,2.237089963482268
-0.2632478782480163,0.4936721865252843,0.6065354758067834,-0.3044999242560485,-0.8303047860684738,2.2458021510356545
-0.2661732347629559,0.4977787218962391,0.6041744932557878,-0.3118328618658589,-0.8346264990214672,2.250399887218779
-0.2700796904952902,0.5028298037759762,0.601427826861719,-0.3233662087245235,-0.8408261581362123,2.2617107435347985
-0.2709945846123922,0.5050515318324236,0.5996298098452713,-0.3231885309634391,-0.8402124113312597,2.263520614518837
-0.2738618231857508,0.5092079880022491,0.597160255086842,-0.3305818439631983,-0.8442775624479727,2.270658648288496
-0.2781180373094489,0.5148223492693007,0.5941466053066697,-0.3432962059685959,-0.8518071377027396,2.281603476974336
-0.2804774951284328,0.5185953707764401,0.5917680537175303,-0.3485958463751673,-0.8549710058056044,2.285900401965398
-0.282298736842085,0.5218338853333825,0.5895606383142369,-0.3521311372488611,-0.8565911431275994,2.2915943627683912
-0.2854727190710662,0.526524487128128,0.5867950372166297,-0.3610618869514138,-0.8614366578691034,2.3036657331046677
-0.2868387965895103,0.5293598947101463,0.5847234388772005,-0.3625394469065753,-0.8623644236794894,2.3040524112758614
-0.2909239028048986,0.5351602848742014,0.581494903179749,-0.3745181451218489,-0.8700771157546346,2.3144570310881925
-0.2935960345584067,0.5394969684944049,0.578803124694357,-0.3811729201054905,-0.8742758209124937,2.32104940087112
-0.295313383736703,0.5428160143268584,0.5765043013041447,-0.384407434215326,-0.8759492702555054,2.326571063552505
-0.29793678027458,0.547189928176467,0.5737643727552011,-0.3909013659676977,-0.8801685803198951,2.333053853793967
-0.3000936269883514,0.551077790787185,0.5712053052037382,-0.3957012915754875,-0.8831981071688759,2.338602045097276
-0.302670822031077,0.5554964173535192,0.5684092385607251,-0.4020409384027969,-0.8874483077118807,2.3449879945136054
-0.3047966112203522,0.5594138414373716,0.5657928293619885,-0.4066080471241983,-0.8905960801540783,2.348702700002229
-0.3064196174998823,0.5627961483168906,0.5634118275674764,-0.4095940266745541,-0.8922910730296554,2.354091001683688
-0.3098179313023648,0.5683328890094039,0.5600663789707747,-0.4188427707836427,-0.8991005336169365,2.36115027003184
-0.310508713272708,0.5706628307566842,0.5581342661550974,-0.4185889232034939,-0.8982437981402193,2.3656502350579305
-0.3142989409089427,0.5768125347294712,0.5544781759429454,-0.4292745858856545,-0.9063648280492532,2.3739216085297588
-0.3158493047179309,0.5802493516506383,0.5520256425712566,-0.4320473670276335,-0.9081055600876418,2.3789546646305686
-0.3182748978042733,0.5848027055438838,0.5490333927665942,-0.4378416061592673,-0.9124700744850952,2.384226803935268
-0.320675811140557,0.5893735232561872,0.5460112365895762,-0.4435571832502615,-0.916835484743352,2.3894466817738613
-0.322180399096819,0.5928475168025243,0.5435041970117764,-0.4462042952205472,-0.918605717276998,2.3941711707091518
-0.3245378753916679,0.5974470540312579,0.5404348039757605,-0.4517923548873036,-0.9229742596402906,2.3993146955510425
-0.3268607270008345,0.6020565181150891,0.5373441885113164,-0.4572857289485598,-0.9273154531829192,2.404646378601773
-0.328727129796567,0.6061617466022985,0.5345263659294464,-0.461340682159316,-0.9303837665824944,2.411404173651748
-0.3314520802560334,0.611334360560197,0.5310609416919982,-0.4680780032737974,-0.9360445310477058,2.4146883421477936
-0.3328774533992389,0.6148655434685927,0.5284636201566655,-0.4705195057297296,-0.9378439391551964,2.419071042914812
-0.3342881323315456,0.6184027076087707,0.5258537457327495,-0.4729316416495738,-0.9396375474704942,2.4234463433125564
-0.3360670992324159,0.622554040524424,0.5229729853047951,-0.476756160047435,-0.9427078396439068,2.4303729531082823
-0.3382933020123957,0.6272686811206446,0.5197112207790278,-0.481940346373965,-0.9471372487395802,2.4347927837713605
-0.3392772516718008,0.630211240219324,0.5173232059772279,-0.4828254288002757,-0.9476238345505836,2.4365823598726126
-0.3414410804803385,0.6349261223066398,0.5140418768073878,-0.487859723091013,-0.9519805713501563,2.4414100515108066
-0.3427986369956901,0.6385159679710369,0.5113385491915556,-0.4901567474724875,-0.9538115330800144,2.445268985693234
-0.3449214699853016,0.6432529368419576,0.5080123413909661,-0.495079300202717,-0.9581615664794004,2.4500383845266223
-0.3470203196223558,0.648001972857392,0.504659125362197,-0.4999316906227555,-0.9625047762754876,2.45476754778026
-0.3479542237967816,0.6509659062221925,0.5022017546262108,-0.5007472239454785,-0.962960119531985,2.4562795052810023
-0.3503891191250705,0.6563848238278519,0.4985113349559578,-0.5068665278805462,-0.9686620567658106,2.4632659831932657
-0.3520111111145922,0.660654590326079,0.4954583976496181,-0.5102625302521304,-0.9718126051852998,2.4698338188949385
-0.3537025685061348,0.6648107272142489,0.4922763936896972,-0.5136685658738533,-0.9748299814791468,2.471472343818504
-0.355712392636244,0.669620531236328,0.4887944435606901,-0.5182792741422534,-0.9791739333810928,2.47583845103521
-0.3569164836111387,0.6732464338222607,0.4859993622314655,-0.5202228601399951,-0.9809198018061882,2.480056950537771
-0.3577939418315363,0.6762312153018197,0.483459459689364,-0.5209713217051462,-0.9813288119686914,2.4813035157002536
-0.3601080959844349,0.6817448492692532,0.4796043364158371,-0.5267367742705487,-0.9870759800929352,2.4879188299510058
-0.3617027819262279,0.6859101961022477,0.4763429141360706,-0.5299279048988794,-0.9899850485847524,2.489676530532418
-0.3628660983280642,0.6895663845623075,0.4734789373737955,-0.5317973022801893,-0.9917349886271376,2.4936411079398053
-0.3647795233173312,0.6944338693002029,0.4698554935862085,-0.536171331636226,-0.9960598314173168,2.4976631001331144
-0.3659307700401664,0.6981124854130686,0.4669467705331425,-0.5380264191210599,-0.997829293017864,2.5013988411158072
-0.3670694614632221,0.7017943528177861,0.4640267037535408,-0.539858397585736,-0.9995911197915426,2.505134373539029
-0.3689301955331476,0.7066851253265263,0.4603434340363579,-0.5441039019952307,-1.0038985579034103,2.509109546663196
-0.3707517286833202,0.7115709490183791,0.4566533346862083,-0.5482410670070694,-1.0081628304231032,2.5132720418950267
-0.3718469338734405,0.7152684721077375,0.4536902627147143,-0.5499785730961025,-1.0099092122975846,2.5169880955269828
-0.3729481663703353,0.7189830713029577,0.4506958952987907,-0.5517470954259266,-1.0116801128684965,2.52049327554255
-0.3740191716114989,0.722686018048886,0.4477107884708062,-0.5534402279274132,-1.0134106525952042,2.524211149251306
-0.3754671203419324,0.7268845177803092,0.4442785965287728,-0.5563325954932095,-1.0161819439792477,2.525807206601788
-0.3765324805130703,0.7306086837039791,0.441247048011099,-0.5580358613027202,-1.0179292424495874,2.52930453660983
-0.3779723055278632,0.7348252270238597,0.4377613191640299,-0.5609349208135613,-1.0207006796176747,2.5306694445917364
-0.379304045057391,0.7392686601035052,0.4343761594675195,-0.5636204347327219,-1.023895596853461,2.536754066378606
-0.3807249856574319,0.7434985724493046,0.4308427073206353,-0.5664920503636222,-1.0266530913367988,2.5379879279297426
-0.3817332736840662,0.7472308863028474,0.4277673370112289,-0.5680765634293639,-1.0283587364383455,2.541556589417832
-0.3827301240196181,0.7509652099144113,0.4246813436508456,-0.5696401977816673,-1.0300561418048688,2.54512768633144
-0.3843942756219443,0.7559035864861701,0.4207792433957806,-0.5734431585993228,-1.0342691845619032,2.5488123583236595
