timestamp, cmd_num, J1, J2, J3, J4, J5, J6
0.00036, -1, 39.6317, 32.4455, 11.8316, 12.5469, 113.714, -48.8709
0.003071, -1, 39.6317, 32.4455, 11.8316, 12.5469, 113.714, -48.8709
0.008139, -1, 39.6317, 32.4455, 11.8316, 12.547, 113.714, -48.8709
0.029846, -1, 39.6317, 32.4455, 11.8316, 12.547, 113.714, -48.8709
0.031931, -1, 39.6317, 32.4455, 11.8316, 12.5469, 113.714, -48.8709
0.034921, -1, 39.6317, 32.4455, 11.8316, 12.5469, 113.714, -48.871
0.039957, -1, 39.6316, 32.4455, 11.8316, 12.5469, 113.714, -48.8709
0.047986, -1, 39.6315, 32.4455, 11.8316, 12.5469, 113.714, -48.8709
0.056042, -1, 39.6302, 32.4452, 11.8316, 12.5469, 113.714, -48.8709
0.064005, -1, 39.6265, 32.4443, 11.8315, 12.547, 113.714, -48.8709
0.07199, -1, 39.6194, 32.4422, 11.8315, 12.547, 113.714, -48.8714
0.080062, -1, 39.6085, 32.4381, 11.8315, 12.547, 113.713, -48.874
0.088138, -1, 39.5922, 32.4312, 11.8315, 12.547, 113.71, -48.8818
0.095654, -1, 39.5681, 32.4207, 11.8316, 12.547, 113.705, -48.8974
0.10411, -1, 39.5344, 32.4057, 11.8327, 12.547, 113.696, -48.9241
0.112275, -1, 39.4906, 32.385, 11.836, 12.5469, 113.681, -48.9655
0.11966, -1, 39.4348, 32.3579, 11.8426, 12.5469, 113.658, -49.0261
0.128123, -1, 39.3659, 32.3238, 11.853, 12.547, 113.625, -49.1088
0.136395, -1, 39.3264, 32.2821, 11.8682, 12.5471, 113.583, -49.2154
0.14298, -1, 39.2372, 32.2582, 11.8777, 12.5473, 113.559, -49.2784
0.152051, -1, 39.0772, 32.1749, 11.913, 12.5482, 113.469, -49.5047
0.158937, -1, 39.0168, 32.1432, 11.9269, 12.5487, 113.435, -49.5924
0.167004, -1, 38.8861, 32.0743, 11.9575, 12.5502, 113.359, -49.7847
0.176213, -1, 38.6675, 31.9591, 12.0094, 12.5531, 113.231, -50.1091
0.182956, -1, 38.589, 31.9177, 12.0278, 12.5541, 113.185, -50.2246
0.191012, -1, 38.4247, 31.8315, 12.0655, 12.5564, 113.09, -50.4643
0.200417, -1, 38.164, 31.6951, 12.1239, 12.5599, 112.942, -50.8385
0.20693, -1, 38.0741, 31.6482, 12.1434, 12.5611, 112.892, -50.9658
0.215052, -1, 37.8906, 31.5528, 12.1823, 12.5636, 112.791, -51.2229
0.224521, -1, 37.6083, 31.4072, 12.2406, 12.5672, 112.637, -51.6108
0.233264, -1, 37.4172, 31.3093, 12.2793, 12.5697, 112.535, -51.8703
0.23894, -1, 37.3214, 31.2603, 12.2987, 12.5709, 112.483, -52.0001
0.248542, -1, 37.1293, 31.1135, 12.3569, 12.5746, 112.329, -52.3902
0.257295, -1, 36.9371, 31.0647, 12.3763, 12.5759, 112.278, -52.6502
0.262944, -1, 36.7451, 30.9669, 12.415, 12.5785, 112.175, -52.7803
0.273028, -1, 36.4577, 30.8203, 12.4733, 12.5824, 112.02, -53.171
0.279, -1, 36.362, 30.7715, 12.4927, 12.5837, 111.969, -53.3014
0.289035, -1, 36.0748, 30.6247, 12.551, 12.5875, 111.815, -53.692
0.295014, -1, 35.9791, 30.5757, 12.5705, 12.5888, 111.763, -53.8222
0.303927, -1, 35.7876, 30.4778, 12.6094, 12.5914, 111.66, -54.0827
0.310997, -1, 35.5958, 30.3798, 12.6483, 12.5939, 111.557, -54.3434
0.319932, -1, 35.4037, 30.2815, 12.6871, 12.5965, 111.454, -54.6039
0.326958, -1, 35.2114, 30.1832, 12.7259, 12.5992, 111.351, -54.8642
0.335926, -1, 35.0191, 30.0849, 12.7649, 12.6017, 111.248, -55.1248
0.472083, -1, 31.7429, 28.4103, 13.4262, 12.6467, 109.496, -59.5622
0.473366, -1, 31.7429, 28.4103, 13.4262, 12.6467, 109.496, -59.5622
0.475473, -1, 31.6462, 28.361, 13.4457, 12.6482, 109.444, -59.6929
0.476793, -1, 31.6462, 28.361, 13.4457, 12.6482, 109.444, -59.6929
0.478754, -1, 31.5494, 28.3116, 13.4652, 12.6496, 109.392, -59.8236
0.480047, -1, 31.5494, 28.3116, 13.4652, 12.6496, 109.392, -59.8236
0.481236, -1, 31.5494, 28.3116, 13.4652, 12.6496, 109.392, -59.8236
0.48504, -1, 31.4527, 28.2623, 13.4847, 12.6511, 109.341, -59.9543
0.488026, -1, 31.3561, 28.213, 13.5041, 12.6524, 109.289, -60.0851
0.489267, -1, 31.3561, 28.213, 13.5041, 12.6524, 109.289, -60.0851
0.492031, -1, 31.2597, 28.1638, 13.5236, 12.6537, 109.238, -60.2157
0.493255, -1, 31.2597, 28.1638, 13.5236, 12.6537, 109.238, -60.2157
0.495416, -1, 31.1634, 28.1146, 13.5431, 12.6552, 109.186, -60.3462
0.496767, -1, 31.1634, 28.1146, 13.5431, 12.6552, 109.186, -60.3462
0.498616, -1, 31.0671, 28.0653, 13.5627, 12.6566, 109.135, -60.4768
0.500877, -1, 31.0671, 28.0653, 13.5627, 12.6566, 109.135, -60.4768
0.502798, -1, 30.971, 28.0161, 13.5822, 12.6581, 109.083, -60.6075
0.504174, -1, 30.971, 28.0161, 13.5822, 12.6581, 109.083, -60.6075
0.505358, -1, 30.971, 28.0161, 13.5822, 12.6581, 109.083, -60.6075
0.507455, -1, 30.8749, 27.9668, 13.6017, 12.6594, 109.032, -60.7381
0.508776, -1, 30.8749, 27.9668, 13.6017, 12.6594, 109.032, -60.7381
0.512018, -1, 30.7789, 27.9176, 13.6212, 12.6608, 108.98, -60.8689
0.524003, -1, 30.491, 27.7697, 13.6797, 12.6651, 108.825, -61.2612
0.527934, -1, 30.395, 27.7204, 13.6992, 12.6665, 108.774, -61.3919
0.536056, -1, 30.2029, 27.6216, 13.7381, 12.6691, 108.67, -61.6532
0.54392, -1, 30.0106, 27.523, 13.7772, 12.6718, 108.567, -61.9149
0.551924, -1, 29.8179, 27.4242, 13.8161, 12.6745, 108.464, -62.1767
0.560713, -1, 29.6246, 27.3255, 13.855, 12.6772, 108.361, -62.4385
0.567939, -1, 29.4308, 27.2267, 13.8939, 12.6798, 108.258, -62.7
0.575969, -1, 29.2367, 27.1279, 13.9329, 12.6824, 108.154, -62.9616
0.585153, -1, 29.0424, 27.029, 13.9719, 12.6849, 108.051, -63.2235
0.591517, -1, 28.8479, 26.9301, 14.0108, 12.6874, 107.947, -63.4851
0.600314, -1, 28.6538, 26.8312, 14.0498, 12.6898, 107.844, -63.7465
0.607493, -1, 28.4597, 26.7324, 14.0888, 12.6923, 107.741, -64.008
0.616919, -1, 28.2661, 26.6337, 14.1279, 12.6948, 107.637, -64.2698
0.624415, -1, 28.0729, 26.5349, 14.1668, 12.6972, 107.534, -64.5318
0.803849, -1, 23.825, 24.3607, 15.0243, 12.7486, 105.262, -70.2889
0.80589, -1, 23.7285, 24.3113, 15.0437, 12.7499, 105.21, -70.4196
0.807127, -1, 23.7285, 24.3113, 15.0437, 12.7499, 105.21, -70.4196
0.809032, -1, 23.6321, 24.2619, 15.0632, 12.7511, 105.159, -70.5503
0.810436, -1, 23.6321, 24.2619, 15.0632, 12.7511, 105.159, -70.5503
0.811795, -1, 23.6321, 24.2619, 15.0632, 12.7511, 105.159, -70.5503
0.813858, -1, 23.5355, 24.2125, 15.0827, 12.7522, 105.107, -70.6813
0.818147, -1, 23.4388, 24.1631, 15.1021, 12.7534, 105.055, -70.8121
0.819384, -1, 23.4388, 24.1631, 15.1021, 12.7534, 105.055, -70.8121
0.821312, -1, 23.342, 24.1136, 15.1216, 12.7547, 105.004, -70.9431
0.822718, -1, 23.342, 24.1136, 15.1216, 12.7547, 105.004, -70.9431
0.823994, -1, 23.342, 24.1136, 15.1216, 12.7547, 105.004, -70.9431
0.826923, -1, 23.2451, 24.0642, 15.1411, 12.7559, 104.952, -71.0741
0.828204, -1, 23.2451, 24.0642, 15.1411, 12.7559, 104.952, -71.0741
0.830242, -1, 23.1482, 24.0147, 15.1605, 12.7571, 104.9, -71.2051
0.834328, -1, 23.0512, 23.9653, 15.1799, 12.7584, 104.849, -71.336
0.835686, -1, 23.0512, 23.9653, 15.1799, 12.7584, 104.849, -71.336
0.837495, -1, 22.9542, 23.9158, 15.1994, 12.7596, 104.797, -71.4668
0.838928, -1, 22.9542, 23.9158, 15.1994, 12.7596, 104.797, -71.4668
0.840258, -1, 22.9542, 23.9158, 15.1994, 12.7596, 104.797, -71.4668
0.843009, -1, 22.8572, 23.8664, 15.2189, 12.7608, 104.745, -71.5976
0.84421, -1, 22.8572, 23.8664, 15.2189, 12.7608, 104.745, -71.5976
0.849497, -1, 22.6632, 23.7676, 15.2578, 12.7633, 104.642, -71.8593
0.851767, -1, 22.6632, 23.7676, 15.2578, 12.7633, 104.642, -71.8593
0.853852, -1, 22.5663, 23.7183, 15.2773, 12.7646, 104.59, -71.9902
0.855168, -1, 22.5663, 23.7183, 15.2773, 12.7646, 104.59, -71.9902
0.856374, -1, 22.5663, 23.7183, 15.2773, 12.7646, 104.59, -71.9902
0.858398, -1, 22.4695, 23.669, 15.2968, 12.7658, 104.538, -72.1211
0.859676, -1, 22.4695, 23.669, 15.2968, 12.7658, 104.538, -72.1211
0.863895, -1, 22.3727, 23.6197, 15.3163, 12.7671, 104.487, -72.2519
0.870909, -1, 22.1796, 23.521, 15.3552, 12.7696, 104.383, -72.5132
0.879908, -1, 21.9864, 23.4223, 15.3941, 12.7722, 104.28, -72.7745
0.887919, -1, 21.7936, 23.3236, 15.4332, 12.7748, 104.177, -73.0361
0.89691, -1, 21.6014, 23.2248, 15.4721, 12.7775, 104.074, -73.2976
0.902921, -1, 21.4092, 23.126, 15.511, 12.7802, 103.971, -73.5591
0.911952, -1, 21.2169, 23.0274, 15.55, 12.7828, 103.867, -73.8204
0.920071, -1, 21.0246, 22.9288, 15.589, 12.7855, 103.764, -74.0817
0.927918, -1, 20.8321, 22.8301, 15.6279, 12.7882, 103.661, -74.3432
0.935928, -1, 20.6396, 22.7316, 15.6669, 12.7909, 103.558, -74.6045
0.943916, -1, 20.4468, 22.633, 15.7056, 12.7936, 103.455, -74.8657
0.951911, -1, 20.2533, 22.5343, 15.7445, 12.7964, 103.352, -75.127
0.960005, -1, 20.0595, 22.4355, 15.7835, 12.7991, 103.249, -75.3882
0.967909, -1, 19.8659, 22.3368, 15.8223, 12.8018, 103.146, -75.6496
0.975913, -1, 19.6722, 22.2382, 15.8611, 12.8045, 103.043, -75.9106
0.983988, -1, 19.4786, 22.1396, 15.9, 12.8073, 102.94, -76.1716
0.991908, -1, 19.2854, 22.0409, 15.9388, 12.81, 102.837, -76.4327
0.999953, -1, 19.0926, 21.9422, 15.9777, 12.8128, 102.734, -76.6939
1.00801, -1, 18.9, 21.8437, 16.0166, 12.8155, 102.631, -76.9546
1.01591, -1, 18.7078, 21.7449, 16.0553, 12.8181, 102.528, -77.2153
1.02395, -1, 18.5159, 21.6463, 16.0942, 12.8209, 102.425, -77.4762
1.03198, -1, 18.3242, 21.5477, 16.1331, 12.8235, 102.322, -77.7371
1.03992, -1, 18.1323, 21.4492, 16.1719, 12.826, 102.219, -77.9978
1.04795, -1, 17.9404, 21.3508, 16.2107, 12.8286, 102.116, -78.2583
1.05598, -1, 17.7484, 21.2525, 16.2497, 12.8311, 102.013, -78.5189
1.06391, -1, 17.5562, 21.1542, 16.2885, 12.8336, 101.911, -78.7795
1.07206, -1, 17.3636, 21.0559, 16.3273, 12.836, 101.808, -79.0402
1.07995, -1, 17.1705, 20.9576, 16.3661, 12.8384, 101.704, -79.3005
1.08794, -1, 16.9775, 20.8594, 16.4049, 12.8408, 101.602, -79.561
1.0963, -1, 16.7844, 20.7611, 16.4437, 12.8431, 101.499, -79.8216
1.10353, -1, 16.5912, 20.6629, 16.4825, 12.8454, 101.396, -80.0825
1.11202, -1, 16.3982, 20.5647, 16.5212, 12.8477, 101.294, -80.3429
1.12042, -1, 16.2057, 20.4664, 16.5599, 12.85, 101.191, -80.6032
1.12749, -1, 16.1096, 20.4172, 16.5987, 12.8523, 101.088, -80.8636
1.13609, -1, 15.8218, 20.2695, 16.6374, 12.8546, 100.986, -81.1241
1.14461, -1, 15.6303, 20.171, 16.6761, 12.8569, 100.883, -81.384
1.15193, -1, 15.4391, 20.0727, 16.7146, 12.8593, 100.78, -81.6441
1.15895, -1, 15.3436, 20.0236, 16.734, 12.8605, 100.729, -81.7741
1.16886, -1, 15.057, 19.8762, 16.7922, 12.8639, 100.575, -82.1642
1.17614, -1, 14.8658, 19.7781, 16.8308, 12.8662, 100.473, -82.4241
1.18296, -1, 14.7701, 19.7291, 16.8501, 12.8674, 100.421, -82.5539
1.19303, -1, 14.4827, 19.5819, 16.9082, 12.8707, 100.267, -82.9436
1.20022, -1, 14.2906, 19.4838, 16.9468, 12.8731, 100.165, -83.2035
1.2069, -1, 14.1945, 19.4347, 16.9662, 12.8742, 100.114, -83.3333
1.21728, -1, 13.9058, 19.2878, 17.0242, 12.8776, 99.9597, -83.7226
1.22295, -1, 13.8095, 19.2389, 17.0434, 12.8788, 99.9086, -83.8523
1.23256, -1, 13.5208, 19.0922, 17.1015, 12.8822, 99.7547, -84.2415
1.24129, -1, 13.3286, 18.9943, 17.1401, 12.8845, 99.6523, -84.5012
1.24698, -1, 13.2327, 18.9454, 17.1593, 12.8857, 99.6013, -84.6309
1.25655, -1, 13.0411, 18.7985, 17.2172, 12.8892, 99.4476, -85.0194
1.26388, -1, 12.8499, 18.7495, 17.2365, 12.8904, 99.3963, -85.149
1.27096, -1, 12.6589, 18.6516, 17.2751, 12.8928, 99.2943, -85.4083
1.28094, -1, 12.3731, 18.505, 17.3329, 12.8964, 99.1409, -85.7969
1.2879, -1, 12.2781, 18.4561, 17.3522, 12.8976, 99.0897, -85.9262
1.29496, -1, 12.0881, 18.3584, 17.3906, 12.9, 98.9878, -86.1849
1.30395, -1, 11.8977, 18.2607, 17.4293, 12.9024, 98.8856, -86.4439
1.31191, -1, 11.7072, 18.1631, 17.4678, 12.9048, 98.7836, -86.7027
1.31995, -1, 11.5164, 18.0654, 17.5063, 12.9073, 98.6818, -86.9612
1.3279, -1, 11.3254, 17.9678, 17.5449, 12.9097, 98.5798, -87.2195
1.33594, -1, 11.1342, 17.8703, 17.5834, 12.9121, 98.4779, -87.478
1.34403, -1, 10.9426, 17.7729, 17.6219, 12.9146, 98.3761, -87.7365
1.35191, -1, 10.7509, 17.6754, 17.6604, 12.9171, 98.2741, -87.9948
1.35991, -1, 10.5593, 17.5779, 17.6987, 12.9197, 98.1723, -88.2528
1.36807, -1, 10.368, 17.4804, 17.7371, 12.9223, 98.0704, -88.5109
1.3759, -1, 10.1769, 17.3829, 17.7756, 12.9248, 97.9685, -88.7692
1.38391, -1, 9.98631, 17.2853, 17.814, 12.9275, 97.8667, -89.0275
1.39197, -1, 9.79603, 17.1877, 17.8522, 12.9301, 97.7646, -89.2854
1.40096, -1, 9.60614, 17.0902, 17.8906, 12.9328, 97.6627, -89.5433
1.4079, -1, 9.4168, 16.9929, 17.9289, 12.9356, 97.561, -89.8011
1.416, -1, 9.22758, 16.8956, 17.9673, 12.9382, 97.459, -90.059
1.42493, -1, 9.03826, 16.7983, 18.0056, 12.9409, 97.3572, -90.3164
1.43194, -1, 8.84881, 16.7012, 18.0439, 12.9435, 97.2555, -90.5737
1.43996, -1, 8.65924, 16.604, 18.0823, 12.9461, 97.1537, -90.8312
1.4479, -1, 8.46965, 16.507, 18.1208, 12.9489, 97.0521, -91.0885
1.45598, -1, 8.27967, 16.4099, 18.159, 12.9516, 96.9507, -91.3456
1.46391, -1, 8.08916, 16.313, 18.1974, 12.9541, 96.8489, -91.6027
1.4719, -1, 7.89861, 16.2162, 18.2357, 12.9567, 96.7474, -91.8598
1.47998, -1, 7.70797, 16.1193, 18.2739, 12.9594, 96.6462, -92.1169
1.48789, -1, 7.51742, 16.0224, 18.3123, 12.9619, 96.5446, -92.3737
1.4959, -1, 7.32716, 15.9255, 18.3505, 12.9645, 96.4433, -92.6302
1.50401, -1, 7.13712, 15.8285, 18.3886, 12.967, 96.3421, -92.8869
1.5119, -1, 6.94744, 15.7315, 18.4269, 12.9696, 96.2406, -93.1435
1.5199, -1, 6.75831, 15.6346, 18.4651, 12.972, 96.1397, -93.4002
1.52798, -1, 6.56966, 15.5378, 18.5031, 12.9746, 96.0389, -93.6565
1.53589, -1, 6.38137, 15.441, 18.5413, 12.9771, 95.9377, -93.9126
1.5439, -1, 6.19326, 15.3443, 18.5795, 12.9795, 95.8369, -94.1688
1.55204, -1, 6.00513, 15.2476, 18.6176, 12.9819, 95.7361, -94.425
1.55989, -1, 5.81681, 15.151, 18.6558, 12.9843, 95.6352, -94.6809
1.568, -1, 5.62842, 15.0543, 18.6939, 12.9866, 95.5343, -94.9367
1.57676, -1, 5.4398, 14.9577, 18.732, 12.9889, 95.4336, -95.1923
1.58394, -1, 5.25081, 14.8612, 18.7702, 12.9911, 95.3327, -95.448
1.59214, -1, 5.06155, 14.7649, 18.8083, 12.9933, 95.2321, -95.7036
1.59952, -1, 4.87213, 14.6686, 18.8463, 12.9956, 95.1313, -95.9588
1.60746, -1, 4.6827, 14.5722, 18.8844, 12.9978, 95.0305, -96.2141
1.61629, -1, 4.49327, 14.4758, 18.9224, 13, 94.9299, -96.4692
1.62348, -1, 4.30415, 14.3795, 18.9604, 13.0022, 94.8291, -96.7243
1.63205, -1, 4.11522, 14.283, 18.9985, 13.0044, 94.7282, -96.9793
1.64052, -1, 3.92684, 14.1867, 19.0364, 13.0068, 94.6276, -97.2341
1.64793, -1, 3.73914, 14.0905, 19.0743, 13.009, 94.5266, -97.489
1.65592, -1, 3.55178, 13.9944, 19.1123, 13.0113, 94.4258, -97.7441
1.66403, -1, 3.3648, 13.8982, 19.1502, 13.0136, 94.3253, -97.9989
1.6709, -1, 3.27136, 13.8502, 19.169, 13.0148, 94.2749, -98.1262
1.68004, -1, 2.99097, 13.7061, 19.2259, 13.0181, 94.1239, -98.5079
1.68689, -1, 2.89749, 13.6581, 19.2449, 13.0193, 94.0737, -98.6351
1.69634, -1, 2.61689, 13.5141, 19.3018, 13.0227, 93.9228, -99.0166
1.70295, -1, 2.52322, 13.4661, 19.3207, 13.0238, 93.8725, -99.1436
1.71239, -1, 2.24188, 13.3223, 19.3773, 13.0272, 93.7222, -99.5244
1.72035, -1, 2.05385, 13.2265, 19.4152, 13.0294, 93.6218, -99.7782
1.72693, -1, 1.95982, 13.1785, 19.4342, 13.0305, 93.5716, -99.9051
1.73654, -1, 1.67748, 13.0347, 19.4907, 13.0339, 93.4217, -100.286
1.74552, -1, 1.48923, 12.939, 19.5285, 13.0362, 93.3215, -100.539
1.75248, -1, 1.30124, 12.8431, 19.5664, 13.0385, 93.2216, -100.792
1.76058, -1, 1.1136, 12.7473, 19.604, 13.0408, 93.1217, -101.046
1.76788, -1, 1.02001, 12.6995, 19.6229, 13.042, 93.0716, -101.172
1.77494, -1, 0.833271, 12.6039, 19.6607, 13.0444, 92.9716, -101.425
1.78492, -1, 0.553817, 12.4606, 19.7171, 13.0481, 92.8221, -101.805
1.79188, -1, 0.460891, 12.4129, 19.7359, 13.0493, 92.7721, -101.931
1.79989, -1, 0.275296, 12.3175, 19.7736, 13.0517, 92.6724, -102.184
1.80793, -1, 0.089904, 12.2222, 19.8111, 13.0542, 92.5731, -102.437
1.81588, -1, -0.0955417, 12.1268, 19.8487, 13.0567, 92.4734, -102.689
1.82395, -1, -0.281161, 12.0316, 19.8864, 13.0591, 92.3738, -102.941
1.83188, -1, -0.467082, 11.9364, 19.924, 13.0616, 92.2747, -103.194
1.8399, -1, -0.653287, 11.8413, 19.9615, 13.0641, 92.1751, -103.446
1.84793, -1, -0.839705, 11.7464, 19.9991, 13.0665, 92.0757, -103.698
1.85588, -1, -1.02632, 11.6513, 20.0365, 13.069, 91.9765, -103.95
1.86388, -1, -1.21322, 11.5562, 20.074, 13.0715, 91.8769, -104.202
1.87194, -1, -1.40018, 11.4613, 20.1116, 13.074, 91.7777, -104.453
1.87992, -1, -1.58694, 11.3661, 20.149, 13.0766, 91.6786, -104.705
1.88788, -1, -1.77342, 11.2711, 20.1864, 13.0792, 91.5793, -104.957
1.89789, -1, -2.05226, 11.1286, 20.2426, 13.0832, 91.4308, -105.333
1.9029, -1, -2.14488, 11.0812, 20.2613, 13.0845, 91.3812, -105.459
1.91188, -1, -2.32978, 10.9863, 20.2986, 13.0871, 91.2819, -105.71
1.92, -1, -2.51446, 10.8915, 20.3361, 13.0898, 91.1829, -105.961
1.92788, -1, -2.69849, 10.7968, 20.3733, 13.0925, 91.0838, -106.211
1.93588, -1, -2.88236, 10.702, 20.4106, 13.0952, 90.9847, -106.462
1.94405, -1, -3.06634, 10.6072, 20.448, 13.0977, 90.8857, -106.713
1.95101, -1, -3.25054, 10.5126, 20.4852, 13.1003, 90.7869, -106.964
1.95994, -1, -3.43512, 10.4181, 20.5224, 13.1029, 90.6879, -107.214
1.96789, -1, -3.61982, 10.3237, 20.5597, 13.1054, 90.5891, -107.465
1.97589, -1, -3.80471, 10.2293, 20.597, 13.1079, 90.4903, -107.715
1.98394, -1, -3.98997, 10.1349, 20.6342, 13.1104, 90.3916, -107.965
1.99187, -1, -4.17535, 10.0406, 20.6714, 13.1128, 90.293, -108.215
1.99995, -1, -4.36099, 9.94635, 20.7086, 13.1151, 90.1944, -108.464
2.00789, -1, -4.54643, 9.852, 20.7458, 13.1176, 90.0957, -108.714
2.01595, -1, -4.73155, 9.75778, 20.7831, 13.1199, 89.9972, -108.964
2.02388, -1, -4.91628, 9.6636, 20.8201, 13.1223, 89.8987, -109.213
2.03187, -1, -5.10041, 9.56959, 20.8572, 13.1246, 89.8002, -109.462
2.03994, -1, -5.28388, 9.47547, 20.8944, 13.127, 89.702, -109.711
2.04791, -1, -5.46705, 9.38155, 20.9315, 13.1294, 89.6036, -109.961
2.05588, -1, -5.64967, 9.28763, 20.9685, 13.1316, 89.5053, -110.209
2.06395, -1, -5.83203, 9.19371, 21.0056, 13.134, 89.4073, -110.458
2.07194, -1, -6.01442, 9.0998, 21.0426, 13.1362, 89.3091, -110.707
2.07987, -1, -6.19707, 9.00594, 21.0796, 13.1384, 89.2109, -110.955
2.08801, -1, -6.3799, 8.91226, 21.1167, 13.1407, 89.1132, -111.204
2.09609, -1, -6.56292, 8.81859, 21.1535, 13.1428, 89.0152, -111.452
2.10347, -1, -6.74631, 8.72489, 21.1904, 13.1449, 88.9172, -111.7
2.11207, -1, -6.93008, 8.6313, 21.2274, 13.1471, 88.8195, -111.948
2.12028, -1, -7.11408, 8.53773, 21.2642, 13.1491, 88.7216, -112.196
2.12752, -1, -7.29837, 8.44417, 21.3011, 13.1513, 88.6238, -112.444
2.13608, -1, -7.48237, 8.3505, 21.338, 13.1534, 88.5261, -112.691
2.14418, -1, -7.57425, 8.30372, 21.3564, 13.1545, 88.4774, -112.815
2.1516, -1, -7.75781, 8.21031, 21.3932, 13.1566, 88.3796, -113.186
2.15999, -1, -8.03214, 8.0702, 21.4485, 13.16, 88.2336, -113.433
2.16875, -1, -8.21426, 7.9769, 21.4852, 13.1622, 88.1362, -113.68
2.17601, -1, -8.39581, 7.88362, 21.522, 13.1645, 88.0387, -113.927
2.18287, -1, -8.48645, 7.83701, 21.5404, 13.1656, 87.9901, -114.05
2.193, -1, -8.75782, 7.69722, 21.5956, 13.169, 87.8441, -114.421
2.2002, -1, -8.93857, 7.60409, 21.6323, 13.1712, 87.7466, -114.667
2.20688, -1, -9.02902, 7.55756, 21.6507, 13.1722, 87.698, -114.79
2.21718, -1, -9.30066, 7.41817, 21.7057, 13.1757, 87.5522, -115.16
2.22293, -1, -9.39137, 7.37177, 21.724, 13.1767, 87.5036, -115.283
2.23248, -1, -9.66393, 7.23252, 21.7791, 13.1801, 87.3581, -115.652
2.24131, -1, -9.84614, 7.13977, 21.8156, 13.1823, 87.2607, -115.898
2.24694, -1, -9.93737, 7.09342, 21.8339, 13.1833, 87.2122, -116.021
2.25652, -1, -10.2114, 6.95425, 21.8888, 13.1867, 87.0666, -116.39
2.2653, -1, -10.3027, 6.90784, 21.9071, 13.1878, 86.9693, -116.636
2.27093, -1, -10.4852, 6.81508, 21.9436, 13.19, 86.9208, -116.758
2.28092, -1, -10.7584, 6.67608, 21.9985, 13.1935, 86.7753, -117.126
2.28787, -1, -10.8493, 6.6298, 22.0167, 13.1947, 86.7268, -117.249
2.29491, -1, -11.0305, 6.53718, 22.053, 13.1971, 86.6298, -117.494
2.30392, -1, -11.2108, 6.44466, 22.0895, 13.1994, 86.5331, -117.739
2.31186, -1, -11.3907, 6.35217, 22.1261, 13.2019, 86.4365, -117.984
2.31891, -1, -11.5703, 6.25972, 22.1624, 13.2043, 86.3397, -118.229
2.32786, -1, -11.7497, 6.1673, 22.1989, 13.2068, 86.2431, -118.473
2.33586, -1, -11.9289, 6.075, 22.2354, 13.2092, 86.1467, -118.718
2.34288, -1, -12.1082, 5.98275, 22.2718, 13.2117, 86.05, -118.962
2.35187, -1, -12.2877, 5.89068, 22.3082, 13.2141, 85.9536, -119.207
2.35986, -1, -12.4676, 5.79868, 22.3446, 13.2166, 85.8574, -119.45
2.36688, -1, -12.6479, 5.70665, 22.3807, 13.2191, 85.7609, -119.694
2.37586, -1, -12.8285, 5.6147, 22.4171, 13.2216, 85.6647, -119.938
2.38387, -1, -13.0096, 5.52279, 22.4535, 13.224, 85.5689, -120.182
2.39087, -1, -13.1908, 5.43077, 22.4896, 13.2264, 85.4729, -120.426
2.4004, -1, -13.372, 5.33877, 22.5259, 13.2288, 85.377, -120.669
2.40686, -1, -13.5528, 5.24686, 22.5622, 13.2313, 85.2815, -120.913
2.41586, -1, -13.7333, 5.15501, 22.5983, 13.2339, 85.1856, -121.156
2.42469, -1, -13.9133, 5.06313, 22.6345, 13.2365, 85.0898, -121.399
2.43086, -1, -14.0923, 4.97136, 22.6707, 13.2391, 84.9944, -121.641
2.43987, -1, -14.2707, 4.87968, 22.7068, 13.2416, 84.8985, -121.884
2.44869, -1, -14.4488, 4.78799, 22.7429, 13.2441, 84.8029, -122.127
2.45596, -1, -14.6265, 4.69637, 22.7792, 13.2467, 84.7075, -122.37
2.46387, -1, -14.8041, 4.60482, 22.8153, 13.2491, 84.6116, -122.612
2.47269, -1, -14.9817, 4.51333, 22.8514, 13.2516, 84.5159, -122.854
2.47896, -1, -15.1595, 4.42203, 22.8876, 13.254, 84.4205, -123.096
2.48786, -1, -15.3378, 4.33073, 22.9237, 13.2565, 84.3247, -123.338
2.49664, -1, -15.5165, 4.23939, 22.9597, 13.2588, 84.2291, -123.58
2.50387, -1, -15.6956, 4.14816, 22.9958, 13.2611, 84.1337, -123.822
2.51186, -1, -15.8748, 4.05697, 23.0317, 13.2634, 84.0381, -124.063
2.52066, -1, -16.0542, 3.96568, 23.0677, 13.2655, 83.9426, -124.305
2.52786, -1, -16.234, 3.87442, 23.1038, 13.2676, 83.8474, -124.547
2.53586, -1, -16.4136, 3.78325, 23.1397, 13.2698, 83.7517, -124.788
2.54527, -1, -16.5929, 3.69209, 23.1755, 13.272, 83.6563, -125.029
2.55186, -1, -16.7716, 3.60098, 23.2114, 13.2743, 83.5611, -125.27
2.55993, -1, -16.9495, 3.50996, 23.2473, 13.2765, 83.4656, -125.511
2.56796, -1, -17.1267, 3.41898, 23.2831, 13.2787, 83.3703, -125.752
2.57589, -1, -17.3034, 3.32808, 23.319, 13.2809, 83.2753, -125.993
2.58394, -1, -17.4797, 3.23724, 23.3548, 13.283, 83.1801, -126.233
2.59205, -1, -17.6559, 3.14647, 23.3906, 13.2852, 83.0851, -126.474
2.59993, -1, -17.8319, 3.05588, 23.4265, 13.2873, 82.9904, -126.714
2.60803, -1, -18.008, 2.96533, 23.4623, 13.2894, 82.8954, -126.954
2.61636, -1, -18.1845, 2.87493, 23.498, 13.2915, 82.8006, -127.194
2.62347, -1, -18.3612, 2.78454, 23.5338, 13.2936, 82.7062, -127.434
2.63204, -1, -18.5384, 2.69416, 23.5695, 13.2956, 82.6115, -127.674
2.64047, -1, -18.7161, 2.60385, 23.6052, 13.2977, 82.5168, -127.913
2.64752, -1, -18.8049, 2.55869, 23.623, 13.2997, 82.4225, -128.153
2.65594, -1, -19.0721, 2.42298, 23.6765, 13.3017, 82.328, -128.392
2.66557, -1, -19.2503, 2.33261, 23.7121, 13.3037, 82.2336, -128.631
2.6719, -1, -19.4283, 2.24224, 23.7477, 13.3057, 82.1394, -128.871
2.68004, -1, -19.6056, 2.15186, 23.7833, 13.3079, 82.0453, -129.11
2.68685, -1, -19.6941, 2.10671, 23.8009, 13.309, 81.9982, -129.229
2.69609, -1, -19.9585, 1.97129, 23.8541, 13.3123, 81.857, -129.587
2.70287, -1, -20.0464, 1.92617, 23.8719, 13.3133, 81.8102, -129.707
2.71387, -1, -20.309, 1.79093, 23.9251, 13.3167, 81.6691, -130.065
2.72033, -1, -20.4837, 1.7008, 23.9606, 13.3189, 81.5751, -130.303
2.72685, -1, -20.571, 1.65578, 23.9784, 13.32, 81.5283, -130.422
2.73714, -1, -20.8327, 1.52085, 24.0316, 13.3232, 81.3872, -130.779
2.7429, -1, -20.9201, 1.47593, 24.0493, 13.3243, 81.3404, -130.898
2.75245, -1, -21.1827, 1.34137, 24.1026, 13.3276, 81.1999, -131.256
2.7621, -1, -21.3583, 1.25159, 24.1379, 13.3298, 81.1059, -131.493
2.76685, -1, -21.4462, 1.20677, 24.1556, 13.3309, 81.0589, -131.612
2.77693, -1, -21.7103, 1.07234, 24.2087, 13.3341, 80.9184, -131.968
2.78293, -1, -21.7984, 1.0275, 24.2264, 13.3353, 80.8714, -132.087
2.79296, -1, -22.0631, 0.893051, 24.2795, 13.3385, 80.7308, -132.443
2.79985, -1, -22.1515, 0.848279, 24.2972, 13.3396, 80.6841, -132.562
2.80791, -1, -22.328, 0.758756, 24.3325, 13.3417, 80.5904, -132.799
2.81585, -1, -22.504, 0.669254, 24.3677, 13.344, 80.4968, -133.036
2.82387, -1, -22.6796, 0.579734, 24.4029, 13.3464, 80.4032, -133.273
2.83185, -1, -22.8545, 0.490288, 24.4382, 13.3488, 80.3096, -133.51
2.83996, -1, -23.0285, 0.400867, 24.4734, 13.3511, 80.216, -133.746
2.84791, -1, -23.2021, 0.311493, 24.5085, 13.3537, 80.1225, -133.983
2.85585, -1, -23.3754, 0.222129, 24.5437, 13.3561, 80.0292, -134.219
2.86385, -1, -23.5485, 0.132896, 24.5789, 13.3585, 79.9358, -134.456
2.87191, -1, -23.7218, 0.0437852, 24.614, 13.3608, 79.8425, -134.692
2.87986, -1, -23.8952, -0.04527, 24.6493, 13.3632, 79.7495, -134.928
2.88785, -1, -24.0687, -0.134235, 24.6843, 13.3657, 79.6561, -135.164
2.89737, -1, -24.2425, -0.223211, 24.7194, 13.3682, 79.563, -135.4
2.90387, -1, -24.4165, -0.31209, 24.7545, 13.3706, 79.47, -135.635
2.91286, -1, -24.5911, -0.400948, 24.7897, 13.373, 79.3768, -135.871
2.91992, -1, -24.7658, -0.489878, 24.8246, 13.3754, 79.2837, -136.106
2.92789, -1, -24.9409, -0.57879, 24.8597, 13.3778, 79.1909, -136.342
2.93585, -1, -25.1159, -0.667605, 24.8948, 13.3802, 79.0978, -136.577
2.94392, -1, -25.2906, -0.756403, 24.9297, 13.3825, 79.005, -136.812
2.95187, -1, -25.465, -0.845237, 24.9647, 13.385, 78.9125, -137.047
2.95991, -1, -25.6388, -0.934008, 24.9997, 13.3875, 78.8196, -137.282
2.96784, -1, -25.812, -1.02269, 25.0345, 13.3899, 78.7269, -137.517
2.97588, -1, -25.9847, -1.11145, 25.0694, 13.3923, 78.6347, -137.752
2.98391, -1, -26.157, -1.20011, 25.1044, 13.3948, 78.5421, -137.986
2.99184, -1, -26.3288, -1.28868, 25.1392, 13.3971, 78.4495, -138.221
2.99985, -1, -26.5006, -1.37716, 25.1741, 13.3994, 78.3571, -138.455
3.00791, -1, -26.6725, -1.46551, 25.2091, 13.4016, 78.2647, -138.689
3.01585, -1, -26.8447, -1.55374, 25.244, 13.4039, 78.1723, -138.924
3.02385, -1, -27.0171, -1.64187, 25.2787, 13.4061, 78.0798, -139.157
3.03191, -1, -27.1896, -1.73006, 25.3136, 13.4083, 77.9878, -139.391
3.03984, -1, -27.3622, -1.8182, 25.3485, 13.4105, 77.8955, -139.625
3.04789, -1, -27.5354, -1.90626, 25.3832, 13.4127, 77.8034, -139.858
3.05592, -1, -27.7085, -1.99444, 25.418, 13.4148, 77.7116, -140.092
3.06384, -1, -27.8818, -2.08256, 25.4528, 13.4168, 77.6195, -140.325
3.07192, -1, -28.0551, -2.17058, 25.4875, 13.4188, 77.5274, -140.558
3.07988, -1, -28.2284, -2.25866, 25.5222, 13.4208, 77.4356, -140.792
3.08784, -1, -28.4013, -2.34672, 25.5571, 13.423, 77.3435, -141.025
3.09615, -1, -28.5739, -2.43471, 25.5917, 13.425, 77.2513, -141.258
3.1034, -1, -28.7459, -2.52266, 25.6264, 13.4272, 77.1595, -141.491
3.11193, -1, -28.9173, -2.61065, 25.6611, 13.4294, 77.0674, -141.723
3.12038, -1, -29.0881, -2.69857, 25.6956, 13.4316, 76.9754, -141.956
3.12742, -1, -29.2586, -2.7864, 25.7302, 13.4337, 76.8837, -142.189
3.13596, -1, -29.4293, -2.87417, 25.7649, 13.4357, 76.7916, -142.421
3.14455, -1, -29.6, -2.96181, 25.7995, 13.4377, 76.6999, -142.654
3.15185, -1, -29.7711, -3.04937, 25.834, 13.4397, 76.6081, -142.886
3.15987, -1, -29.9421, -3.13688, 25.8686, 13.4419, 76.5164, -143.118
3.168, -1, -30.1131, -3.22432, 25.9032, 13.4439, 76.4247, -143.35
3.17595, -1, -30.2841, -3.31182, 25.9377, 13.446, 76.333, -143.582
3.1829, -1, -30.3697, -3.3555, 25.9549, 13.4471, 76.2873, -143.698
3.19213, -1, -30.6271, -3.48673, 26.0068, 13.4501, 76.1498, -144.046
3.19884, -1, -30.7131, -3.53049, 26.024, 13.4511, 76.1041, -144.161
3.20819, -1, -30.9708, -3.66157, 26.0757, 13.4541, 75.9671, -144.509
3.21483, -1, -31.0566, -3.70526, 26.093, 13.4551, 75.9213, -144.624
3.22432, -1, -31.314, -3.83627, 26.1446, 13.4583, 75.7842, -144.971
3.23239, -1, -31.4852, -3.92361, 26.1791, 13.4604, 75.6932, -145.202
3.24055, -1, -31.6558, -4.01084, 26.2136, 13.4625, 75.6018, -145.434
3.24848, -1, -31.826, -4.0981, 26.248, 13.4647, 75.5106, -145.665
3.2564, -1, -31.9958, -4.18535, 26.2823, 13.4669, 75.4197, -145.895
3.26455, -1, -32.1653, -4.2725, 26.3168, 13.4691, 75.3284, -146.126
3.27247, -1, -32.25, -4.31604, 26.334, 13.4703, 75.2829, -146.357
3.27983, -1, -32.4194, -4.40308, 26.3682, 13.4724, 75.1918, -146.472
3.2879, -1, -32.5892, -4.49007, 26.4025, 13.4745, 75.1012, -146.703
3.29584, -1, -32.7589, -4.57698, 26.437, 13.4766, 75.0101, -146.933
3.30383, -1, -32.9285, -4.66391, 26.4712, 13.4788, 74.9194, -147.163
3.3119, -1, -33.0982, -4.75083, 26.5054, 13.481, 74.829, -147.393
3.31984, -1, -33.268, -4.83765, 26.5398, 13.4832, 74.7382, -147.624
3.32784, -1, -33.4381, -4.92454, 26.5741, 13.4854, 74.6477, -147.854
3.33588, -1, -33.6084, -5.01148, 26.6083, 13.4876, 74.5571, -148.083
3.34384, -1, -33.7786, -5.09825, 26.6426, 13.4898, 74.4666, -148.313
3.35191, -1, -33.9489, -5.18498, 26.6768, 13.492, 74.376, -148.543
3.35983, -1, -34.1191, -5.27171, 26.7108, 13.4943, 74.2855, -148.772
3.36785, -1, -34.2892, -5.35842, 26.7451, 13.4966, 74.195, -149.002
3.3759, -1, -34.4591, -5.44502, 26.7794, 13.4989, 74.1044, -149.231
3.38382, -1, -34.6286, -5.53165, 26.8134, 13.5012, 74.0137, -149.46
3.39185, -1, -34.7976, -5.61828, 26.8475, 13.5037, 73.9234, -149.689
3.3999, -1, -34.9661, -5.70483, 26.8817, 13.5062, 73.8329, -149.919
3.40888, -1, -35.1344, -5.79129, 26.9158, 13.5086, 73.7425, -150.148
3.4161, -1, -35.3028, -5.8777, 26.9498, 13.511, 73.6523, -150.377
3.42383, -1, -35.4713, -5.96393, 26.984, 13.5134, 73.5618, -150.605
3.43188, -1, -35.6398, -6.05015, 27.018, 13.5157, 73.4714, -150.834
3.44061, -1, -35.8084, -6.13634, 27.052, 13.518, 73.3812, -151.063
3.44684, -1, -35.9768, -6.22244, 27.0861, 13.5204, 73.2906, -151.292
3.45585, -1, -36.1454, -6.30855, 27.1201, 13.5229, 73.2004, -151.52
3.46462, -1, -36.3139, -6.3947, 27.154, 13.5253, 73.1101, -151.748
3.47086, -1, -36.4828, -6.48092, 27.188, 13.5277, 73.0197, -151.977
3.47983, -1, -36.6516, -6.56708, 27.222, 13.53, 72.9294, -152.205
3.49095, -1, -36.905, -6.69634, 27.2729, 13.5334, 72.7942, -152.547
3.49586, -1, -36.9895, -6.7394, 27.2898, 13.5345, 72.7492, -152.661
3.50383, -1, -37.1584, -6.82557, 27.3238, 13.5368, 72.6591, -152.889
3.51188, -1, -37.327, -6.91164, 27.3577, 13.5391, 72.5691, -153.117
3.51985, -1, -37.4953, -6.99763, 27.3916, 13.5413, 72.4793, -153.345
3.52783, -1, -37.6632, -7.08367, 27.4257, 13.5436, 72.3893, -153.572
3.53588, -1, -37.8309, -7.16968, 27.4596, 13.5458, 72.2994, -153.8
3.54393, -1, -37.9984, -7.25559, 27.4934, 13.548, 72.2099, -154.027
3.55183, -1, -38.1659, -7.3415, 27.5274, 13.5502, 72.12, -154.255
3.55989, -1, -38.3334, -7.42732, 27.5613, 13.5524, 72.0304, -154.482
3.56786, -1, -38.5006, -7.51301, 27.5952, 13.5545, 71.9409, -154.709
3.57583, -1, -38.6679, -7.59877, 27.6291, 13.5566, 71.8512, -154.936
3.58392, -1, -38.8352, -7.68448, 27.663, 13.5586, 71.7616, -155.163
3.59184, -1, -39.0025, -7.77013, 27.6967, 13.5607, 71.6722, -155.39
3.5999, -1, -39.1699, -7.85573, 27.7305, 13.5628, 71.583, -155.617
3.60798, -1, -39.3375, -7.94147, 27.7644, 13.5647, 71.4935, -155.844
3.61592, -1, -39.505, -8.0271, 27.7981, 13.5666, 71.4041, -156.07
3.62394, -1, -39.6727, -8.11265, 27.8318, 13.5686, 71.3151, -156.297
3.63201, -1, -39.8403, -8.19813, 27.8656, 13.5706, 71.2256, -156.524
3.63993, -1, -40.0079, -8.28363, 27.8993, 13.5726, 71.1363, -156.75
3.64791, -1, -40.1755, -8.36902, 27.933, 13.5745, 71.0472, -156.976
3.65596, -1, -40.3428, -8.45437, 27.9667, 13.5765, 70.9577, -157.202
3.66386, -1, -40.5099, -8.53977, 28.0005, 13.5784, 70.8684, -157.429
3.6719, -1, -40.6768, -8.62512, 28.034, 13.5804, 70.7792, -157.655
3.68022, -1, -40.8435, -8.71048, 28.0677, 13.5824, 70.6901, -157.881
3.68684, -1, -40.9268, -8.75315, 28.0846, 13.5834, 70.6455, -157.994
3.69618, -1, -41.1764, -8.88112, 28.1351, 13.5864, 70.5119, -158.332
3.70284, -1, -41.2595, -8.92372, 28.1518, 13.5874, 70.4675, -158.445
3.71217, -1, -41.5088, -9.05146, 28.2023, 13.5904, 70.3337, -158.784
3.71889, -1, -41.592, -9.09403, 28.2192, 13.5914, 70.2891, -158.896
3.72842, -1, -41.8414, -9.22164, 28.2695, 13.5944, 70.1556, -159.235
3.73633, -1, -42.0079, -9.30664, 28.3032, 13.5964, 70.0664, -159.46
3.74284, -1, -42.0911, -9.34916, 28.32, 13.5975, 70.0219, -159.573
3.75242, -1, -42.3405, -9.47677, 28.3703, 13.6005, 69.8885, -159.911
3.76039, -1, -42.5068, -9.5617, 28.4038, 13.6025, 69.7994, -160.136
3.76853, -1, -42.6732, -9.64668, 28.4374, 13.6045, 69.7106, -160.361
3.7766, -1, -42.7564, -9.68917, 28.4542, 13.6056, 69.6661, -160.473
3.78382, -1, -42.9228, -9.77416, 28.4876, 13.6076, 69.5775, -160.698
3.79189, -1, -43.0891, -9.85909, 28.5211, 13.6096, 69.4886, -160.923
3.79982, -1, -43.2552, -9.94399, 28.5546, 13.6118, 69.3999, -161.149
3.80783, -1, -43.4213, -10.0289, 28.5881, 13.6138, 69.3113, -161.373
3.81587, -1, -43.5873, -10.1138, 28.6216, 13.6159, 69.2226, -161.598
3.82382, -1, -43.7533, -10.1988, 28.6551, 13.618, 69.1341, -161.822
3.83183, -1, -43.9192, -10.2836, 28.6885, 13.6201, 69.0456, -162.047
3.83987, -1, -44.0848, -10.3683, 28.7219, 13.6222, 68.9571, -162.272
3.84784, -1, -44.2501, -10.453, 28.7555, 13.6244, 68.8684, -162.496
3.85582, -1, -44.4153, -10.5376, 28.7889, 13.6266, 68.7798, -162.72
3.86387, -1, -44.5805, -10.6221, 28.8222, 13.6289, 68.6914, -162.944
3.87183, -1, -44.7457, -10.7066, 28.8557, 13.631, 68.6027, -163.168
3.87983, -1, -44.911, -10.791, 28.8892, 13.6332, 68.5142, -163.393
3.88682, -1, -45.0763, -10.8755, 28.9225, 13.6354, 68.426, -163.617
3.89582, -1, -45.2416, -10.96, 28.9559, 13.6376, 68.3373, -163.841
3.90382, -1, -45.4068, -11.0444, 28.9893, 13.6398, 68.249, -164.064
3.91286, -1, -45.5721, -11.1288, 29.0225, 13.6421, 68.1607, -164.288
3.91984, -1, -45.7374, -11.2133, 29.0557, 13.6444, 68.0724, -164.512
3.92882, -1, -45.9023, -11.2976, 29.0892, 13.6467, 67.9841, -164.736
3.93592, -1, -46.0654, -11.3808, 29.1226, 13.6489, 67.8957, -164.959
3.94381, -1, -46.2249, -11.4619, 29.1561, 13.6513, 67.8082, -165.181
3.95182, -1, -46.379, -11.5393, 29.1897, 13.6537, 67.7215, -165.4
3.95991, -1, -46.5251, -11.612, 29.2227, 13.656, 67.6378, -165.612
3.96782, -1, -46.661, -11.6789, 29.2539, 13.6583, 67.5595, -165.811
3.97582, -1, -46.7838, -11.7387, 29.2822, 13.6603, 67.4881, -165.991
3.98388, -1, -46.891, -11.7913, 29.3066, 13.6623, 67.4264, -166.147
3.99182, -1, -46.9818, -11.8374, 29.3261, 13.6638, 67.3759, -166.275
3.99982, -1, -47.0567, -11.8775, 29.3399, 13.6649, 67.3365, -166.374
4.00789, -1, -47.1166, -11.9108, 29.3491, 13.6654, 67.3082, -166.445
4.01581, -1, -47.1621, -11.9367, 29.3546, 13.6657, 67.2891, -166.493
4.02382, -1, -47.1953, -11.9555, 29.3573, 13.6659, 67.2774, -166.523
4.03185, -1, -47.2182, -11.9681, 29.3585, 13.6659, 67.2708, -166.54
4.03981, -1, -47.2325, -11.976, 29.3591, 13.6659, 67.2674, -166.549
4.04787, -1, -47.2407, -11.9803, 29.3593, 13.666, 67.2657, -166.553
4.05585, 2, -47.2445, -11.9823, 29.3595, 13.6661, 67.265, -166.555
4.06381, 2, -47.2453, -11.9832, 29.3596, 13.6661, 67.2647, -166.555
4.07182, 2, -47.2451, -11.9835, 29.3597, 13.6662, 67.2645, -166.556
4.08002, 2, -47.245, -11.9836, 29.3597, 13.6662, 67.2644, -166.556
4.08786, 2, -47.2451, -11.9837, 29.3597, 13.6662, 67.2644, -166.556
4.09582, 2, -47.2458, -11.9839, 29.3597, 13.6662, 67.2644, -166.556
4.10396, 2, -47.2468, -11.9843, 29.3597, 13.6662, 67.2643, -166.556
4.1119, 2, -47.2484, -11.9849, 29.3597, 13.6662, 67.2643, -166.556
4.11991, 2, -47.2502, -11.9858, 29.3597, 13.6662, 67.2642, -166.556
4.128, 2, -47.2518, -11.9867, 29.3597, 13.6662, 67.2642, -166.556
4.13591, 2, -47.2529, -11.9874, 29.3597, 13.6662, 67.2642, -166.556
4.14391, 2, -47.2536, -11.988, 29.3597, 13.6662, 67.2643, -166.556
4.15199, 2, -47.2539, -11.9883, 29.3598, 13.6662, 67.2643, -166.556
4.15984, 2, -47.2541, -11.9885, 29.3598, 13.6662, 67.2643, -166.556
4.16785, 2, -47.2541, -11.9885, 29.3598, 13.6662, 67.2643, -166.556
4.17592, 2, -47.2536, -11.9885, 29.3598, 13.6662, 67.2643, -166.556
4.18392, 2, -47.2531, -11.9884, 29.3598, 13.6662, 67.2643, -166.556
4.19087, 2, -47.2529, -11.9884, 29.3598, 13.6662, 67.2643, -166.556
4.20009, 2, -47.2525, -11.9884, 29.3598, 13.6662, 67.2643, -166.556
4.20681, 2, -47.2524, -11.9885, 29.3598, 13.6662, 67.2643, -166.556
4.21619, 2, -47.2524, -11.9886, 29.3598, 13.6662, 67.2643, -166.556
4.22282, 2, -47.2525, -11.9887, 29.3598, 13.6662, 67.2643, -166.556
4.23273, 2, -47.2528, -11.9892, 29.3598, 13.6662, 67.2643, -166.556
4.2403, 2, -47.2535, -11.9895, 29.3598, 13.6662, 67.2643, -166.556
4.2468, 2, -47.2538, -11.9897, 29.3598, 13.6662, 67.2643, -166.556
4.25683, 2, -47.2542, -11.9899, 29.3598, 13.6662, 67.2644, -166.556
4.26439, 2, -47.2543, -11.9899, 29.3598, 13.6661, 67.2644, -166.556
4.27247, 2, -47.2542, -11.9899, 29.3598, 13.6661, 67.2643, -166.556
4.28072, 2, -47.2541, -11.9899, 29.3598, 13.6662, 67.2643, -166.556
4.28782, 2, -47.254, -11.9899, 29.3598, 13.6662, 67.2643, -166.556
4.29587, 2, -47.2536, -11.9898, 29.3598, 13.6662, 67.2643, -166.556
4.30471, 2, -47.2532, -11.9898, 29.3598, 13.6662, 67.2643, -166.556
4.3118, 2, -47.253, -11.9898, 29.3598, 13.6662, 67.2644, -166.556
4.31986, 2, -47.2528, -11.9898, 29.3598, 13.6662, 67.2643, -166.556
4.32781, 2, -47.2526, -11.9898, 29.3598, 13.6661, 67.2643, -166.556
4.3358, 2, -47.2525, -11.9899, 29.3598, 13.6661, 67.2643, -166.556
4.3439, 2, -47.2525, -11.9899, 29.3598, 13.6661, 67.2644, -166.556
4.35187, 2, -47.2525, -11.99, 29.3598, 13.6661, 67.2644, -166.556
4.3598, 2, -47.2525, -11.99, 29.3598, 13.6661, 67.2644, -166.556
4.36786, 2, -47.2525, -11.99, 29.3598, 13.6661, 67.2643, -166.556
4.3758, 2, -47.2525, -11.99, 29.3598, 13.6661, 67.2643, -166.556
4.38382, 2, -47.2524, -11.99, 29.3598, 13.666, 67.2644, -166.556
4.3908, 2, -47.2524, -11.9899, 29.3598, 13.666, 67.2644, -166.556
4.3998, 2, -47.2523, -11.9899, 29.3598, 13.666, 67.2644, -166.556
4.40782, 2, -47.2522, -11.9898, 29.3598, 13.6661, 67.2644, -166.556
4.4168, 2, -47.2521, -11.9898, 29.3598, 13.6661, 67.2644, -166.556
4.42383, 2, -47.252, -11.9897, 29.3598, 13.6661, 67.2644, -166.556
4.43281, 2, -47.2518, -11.9897, 29.3598, 13.666, 67.2644, -166.556
4.43989, 2, -47.2518, -11.9898, 29.3598, 13.6661, 67.2644, -166.556
4.44782, 2, -47.2517, -11.9898, 29.3598, 13.666, 67.2645, -166.556
4.4558, 2, -47.2516, -11.9898, 29.3598, 13.6661, 67.2644, -166.556
4.46389, 2, -47.2516, -11.9898, 29.3598, 13.666, 67.2644, -166.556
4.47181, 2, -47.2515, -11.9898, 29.3598, 13.666, 67.2645, -166.556
4.4798, 2, -47.2515, -11.9898, 29.3598, 13.666, 67.2644, -166.556
4.48788, 2, -47.2514, -11.9898, 29.3598, 13.666, 67.2644, -166.556
4.4958, 2, -47.2513, -11.9897, 29.3598, 13.666, 67.2645, -166.556
4.5038, 2, -47.2513, -11.9896, 29.3598, 13.666, 67.2645, -166.556
4.51187, 2, -47.2512, -11.9896, 29.3598, 13.6661, 67.2645, -166.556
4.5198, 2, -47.2511, -11.9895, 29.3598, 13.6661, 67.2645, -166.555
4.52781, 2, -47.2509, -11.9895, 29.3598, 13.6661, 67.2644, -166.556
4.53586, 2, -47.2508, -11.9895, 29.3598, 13.6661, 67.2644, -166.556
4.5438, 2, -47.2508, -11.9895, 29.3598, 13.666, 67.2645, -166.555
4.55183, 2, -47.2507, -11.9895, 29.3598, 13.666, 67.2645, -166.555
4.55986, 2, -47.2506, -11.9895, 29.3598, 13.666, 67.2645, -166.555
4.5678, 2, -47.2505, -11.9895, 29.3598, 13.666, 67.2645, -166.555
4.5758, 2, -47.2503, -11.9895, 29.3598, 13.666, 67.2645, -166.555
4.58387, 2, -47.2502, -11.9895, 29.3598, 13.666, 67.2645, -166.555
4.59185, 2, -47.2501, -11.9895, 29.3598, 13.666, 67.2645, -166.555
4.59982, 2, -47.25, -11.9894, 29.3598, 13.666, 67.2645, -166.555
4.60796, 2, -47.2499, -11.9893, 29.3598, 13.666, 67.2645, -166.555
4.61588, 2, -47.2498, -11.9892, 29.3598, 13.666, 67.2645, -166.555
4.62389, 2, -47.2497, -11.9891, 29.3598, 13.666, 67.2645, -166.555
4.63198, 2, -47.2495, -11.9891, 29.3598, 13.666, 67.2645, -166.555
4.6399, 2, -47.2495, -11.9891, 29.3598, 13.666, 67.2646, -166.555
4.64792, 2, -47.2494, -11.9891, 29.3598, 13.666, 67.2646, -166.555
4.65598, 2, -47.2493, -11.9891, 29.3598, 13.666, 67.2646, -166.555
4.66381, 2, -47.2493, -11.9891, 29.3598, 13.666, 67.2646, -166.555
4.67183, 2, -47.2492, -11.9891, 29.3598, 13.666, 67.2646, -166.555
4.6799, 2, -47.2492, -11.9891, 29.3598, 13.6659, 67.2646, -166.555
4.68788, 2, -47.2491, -11.9891, 29.3598, 13.6659, 67.2646, -166.555
4.69619, 2, -47.2491, -11.9891, 29.3597, 13.666, 67.2646, -166.555
4.7028, 2, -47.249, -11.989, 29.3597, 13.6659, 67.2647, -166.555
4.71207, 2, -47.2489, -11.9889, 29.3598, 13.6659, 67.2647, -166.555
4.71891, 2, -47.2489, -11.9889, 29.3598, 13.6659, 67.2647, -166.555
4.72826, 2, -47.2487, -11.9888, 29.3598, 13.6659, 67.2647, -166.555
4.7348, 2, -47.2487, -11.9887, 29.3598, 13.6659, 67.2647, -166.555
4.74459, 2, -47.2486, -11.9887, 29.3597, 13.6659, 67.2647, -166.555
4.75235, 2, -47.2486, -11.9887, 29.3597, 13.6659, 67.2648, -166.555
4.76039, 2, -47.2485, -11.9887, 29.3597, 13.6658, 67.2647, -166.555
4.76842, 2, -47.2485, -11.9887, 29.3598, 13.6658, 67.2647, -166.555
4.77645, 2, -47.2485, -11.9887, 29.3597, 13.6658, 67.2647, -166.555
4.78379, 2, -47.2485, -11.9887, 29.3597, 13.6658, 67.2647, -166.555
4.79179, 2, -47.2484, -11.9886, 29.3598, 13.6658, 67.2647, -166.555
4.79986, 2, -47.2484, -11.9886, 29.3598, 13.6658, 67.2648, -166.555
4.8078, 2, -47.2484, -11.9886, 29.3598, 13.6658, 67.2648, -166.555
4.81579, 2, -47.2483, -11.9885, 29.3598, 13.6658, 67.2648, -166.554
4.82384, 2, -47.2482, -11.9884, 29.3598, 13.6658, 67.2648, -166.555
4.83179, 2, -47.2481, -11.9883, 29.3598, 13.6658, 67.2648, -166.555
4.83979, 2, -47.2481, -11.9883, 29.3598, 13.6657, 67.2648, -166.554
4.84785, 2, -47.248, -11.9883, 29.3598, 13.6657, 67.2649, -166.554
4.85578, 2, -47.2479, -11.9882, 29.3598, 13.6657, 67.2649, -166.554
4.86379, 2, -47.2479, -11.9882, 29.3598, 13.6657, 67.2649, -166.554
4.87184, 2, -47.2478, -11.9882, 29.3597, 13.6657, 67.2649, -166.554
4.87978, 2, -47.2477, -11.9882, 29.3597, 13.6657, 67.2649, -166.554
4.88781, 2, -47.2477, -11.9882, 29.3597, 13.6657, 67.2649, -166.554
4.89584, 2, -47.2477, -11.9882, 29.3598, 13.6657, 67.2649, -166.554
4.90378, 2, -47.2477, -11.9882, 29.3598, 13.6656, 67.2649, -166.554
4.91179, 2, -47.2477, -11.9881, 29.3598, 13.6657, 67.265, -166.554
4.92078, 2, -47.2476, -11.988, 29.3598, 13.6656, 67.2649, -166.554
4.92782, 2, -47.2475, -11.988, 29.3597, 13.6656, 67.2649, -166.554
4.93579, 2, -47.2474, -11.9879, 29.3597, 13.6656, 67.2649, -166.554
4.94388, 2, -47.2473, -11.9878, 29.3597, 13.6656, 67.265, -166.554
4.95179, 2, -47.2472, -11.9878, 29.3597, 13.6656, 67.265, -166.554
4.95979, 2, -47.2472, -11.9878, 29.3597, 13.6656, 67.265, -166.554
4.96787, 2, -47.2471, -11.9878, 29.3597, 13.6655, 67.265, -166.554
4.97584, 2, -47.2471, -11.9878, 29.3597, 13.6655, 67.265, -166.554
4.98379, 2, -47.2471, -11.9877, 29.3597, 13.6655, 67.265, -166.554
4.99186, 2, -47.2471, -11.9877, 29.3597, 13.6655, 67.265, -166.554
4.99978, 2, -47.247, -11.9877, 29.3597, 13.6655, 67.265, -166.554
5.00779, 2, -47.247, -11.9877, 29.3597, 13.6654, 67.265, -166.554
5.01585, 2, -47.2469, -11.9877, 29.3597, 13.6655, 67.265, -166.554
5.02378, 2, -47.2469, -11.9876, 29.3597, 13.6654, 67.265, -166.554
5.03179, 2, -47.2469, -11.9875, 29.3597, 13.6654, 67.265, -166.554
5.03985, 2, -47.2468, -11.9875, 29.3597, 13.6654, 67.265, -166.554
5.04782, 2, -47.2467, -11.9874, 29.3597, 13.6654, 67.265, -166.554
5.05601, 2, -47.2466, -11.9874, 29.3597, 13.6654, 67.265, -166.554
5.06459, 2, -47.2466, -11.9874, 29.3597, 13.6654, 67.265, -166.554
5.07182, 2, -47.2465, -11.9874, 29.3597, 13.6654, 67.2651, -166.554
5.07982, 2, -47.2464, -11.9874, 29.3597, 13.6654, 67.2651, -166.554
5.09637, 2, -47.2464, -11.9873, 29.3597, 13.6654, 67.265, -166.554
5.0977, 2, -47.2464, -11.9873, 29.3597, 13.6654, 67.265, -166.554
5.10382, 2, -47.2464, -11.9873, 29.3597, 13.6653, 67.265, -166.554
5.11208, 2, -47.2463, -11.9873, 29.3597, 13.6653, 67.265, -166.554
5.11937, 2, -47.2463, -11.9872, 29.3597, 13.6653, 67.265, -166.554
5.12789, 2, -47.2463, -11.9872, 29.3597, 13.6652, 67.2651, -166.554
5.13593, 4, -47.2462, -11.9871, 29.3597, 13.6652, 67.2651, -166.554
5.14388, 4, -47.2462, -11.9871, 29.3597, 13.6652, 67.2651, -166.554
5.15189, 4, -47.2461, -11.987, 29.3597, 13.6652, 67.265, -166.554
5.16003, 4, -47.2461, -11.987, 29.3597, 13.6652, 67.265, -166.554
5.1678, 4, -47.246, -11.987, 29.3597, 13.6652, 67.2651, -166.554
5.17582, 4, -47.246, -11.987, 29.3597, 13.6652, 67.2651, -166.554
5.18391, 4, -47.2459, -11.987, 29.3597, 13.6652, 67.2651, -166.553
5.19189, 4, -47.2459, -11.9869, 29.3597, 13.6651, 67.2651, -166.553
5.20032, 4, -47.2459, -11.9869, 29.3597, 13.6651, 67.2651, -166.553
5.20677, 4, -47.2458, -11.9869, 29.3597, 13.6651, 67.2652, -166.553
5.21608, 4, -47.2458, -11.9869, 29.3597, 13.665, 67.2652, -166.553
5.22284, 4, -47.2458, -11.9869, 29.3597, 13.6651, 67.2652, -166.553
5.23226, 4, -47.2458, -11.9868, 29.3597, 13.6651, 67.2651, -166.553
5.23897, 4, -47.2458, -11.9868, 29.3597, 13.6651, 67.2651, -166.553
5.2523, 4, -47.2456, -11.9867, 29.3597, 13.6651, 67.2652, -166.553
5.25682, 4, -47.2456, -11.9867, 29.3597, 13.665, 67.2652, -166.553
5.265, 4, -47.2455, -11.9867, 29.3597, 13.6651, 67.2651, -166.553
5.27366, 4, -47.2455, -11.9867, 29.3597, 13.665, 67.2652, -166.553
5.28061, 4, -47.2454, -11.9866, 29.3597, 13.665, 67.2652, -166.553
5.28869, 4, -47.2453, -11.9866, 29.3597, 13.665, 67.2652, -166.553
5.29688, 4, -47.2453, -11.9866, 29.3597, 13.6649, 67.2652, -166.553
5.30535, 4, -47.2453, -11.9866, 29.3597, 13.665, 67.2652, -166.553
5.31191, 4, -47.2453, -11.9866, 29.3597, 13.665, 67.2652, -166.553
5.31998, 4, -47.2453, -11.9866, 29.3597, 13.665, 67.2652, -166.553
5.33298, 4, -47.2452, -11.9865, 29.3597, 13.6649, 67.2652, -166.553
5.33598, 4, -47.2452, -11.9865, 29.3597, 13.6649, 67.2652, -166.553
5.34399, 4, -47.2452, -11.9865, 29.3597, 13.6649, 67.2652, -166.553
5.35197, 4, -47.2452, -11.9864, 29.3597, 13.6649, 67.2652, -166.553
5.36213, 4, -47.2451, -11.9864, 29.3597, 13.6648, 67.2653, -166.553
5.36792, 4, -47.245, -11.9864, 29.3597, 13.6648, 67.2653, -166.553
5.37784, 4, -47.2449, -11.9864, 29.3597, 13.6648, 67.2652, -166.553
5.38302, 4, -47.2449, -11.9864, 29.3597, 13.6648, 67.2653, -166.553
5.39193, 4, -47.2449, -11.9863, 29.3597, 13.6648, 67.2653, -166.553
5.40306, 4, -47.2449, -11.9864, 29.3597, 13.6648, 67.2653, -166.553
5.40794, 4, -47.245, -11.9864, 29.3597, 13.6648, 67.2653, -166.553
5.41826, 4, -47.2469, -11.9875, 29.3607, 13.6653, 67.2655, -166.553
5.42449, 4, -47.2482, -11.9886, 29.3619, 13.6665, 67.2659, -166.553
5.43652, 4, -47.2555, -11.9969, 29.3725, 13.6863, 67.2708, -166.55
5.43971, 4, -47.2595, -12.0021, 29.3799, 13.7011, 67.2748, -166.547
5.44782, 4, -47.271, -12.0173, 29.4045, 13.7499, 67.2884, -166.536
5.45583, 5, -47.2891, -12.0416, 29.447, 13.8377, 67.3129, -166.516
5.46377, 5, -47.3159, -12.0771, 29.5137, 13.9775, 67.3525, -166.484
5.47178, 5, -47.3531, -12.1254, 29.611, 14.1844, 67.4095, -166.436
5.47977, 5, -47.4027, -12.1882, 29.7432, 14.4694, 67.4884, -166.37
5.48802, 5, -47.4651, -12.2659, 29.9127, 14.8383, 67.5882, -166.286
5.49925, 5, -47.5818, -12.4109, 30.2393, 15.5456, 67.7779, -166.124
5.50424, 5, -47.6267, -12.4664, 30.3661, 15.8181, 67.8499, -166.062
5.5152, 5, -47.7766, -12.6519, 30.7928, 16.721, 68.0863, -165.859
5.51992, 5, -47.8309, -12.7193, 30.9483, 17.0447, 68.1694, -165.788
5.52892, 5, -47.9445, -12.8609, 31.2742, 17.7149, 68.3398, -165.64
5.53592, 5, -48.063, -13.0094, 31.6153, 18.4023, 68.5113, -165.491
5.54392, 5, -48.1836, -13.1618, 31.9647, 19.0973, 68.6815, -165.343
5.5534, 5, -48.3036, -13.315, 32.3186, 19.7899, 68.8485, -165.195
5.55927, 5, -48.4196, -13.4659, 32.6729, 20.4689, 69.0114, -165.045
5.56806, 5, -48.5275, -13.6117, 33.0226, 21.1249, 69.1712, -164.886
5.57589, 6, -48.6229, -13.7487, 33.3612, 21.7454, 69.3297, -164.704
5.58802, 6, -48.7333, -13.935, 33.8383, 22.5918, 69.5696, -164.36
5.59194, 7, -48.7598, -13.9927, 33.9877, 22.8492, 69.6516, -164.219
5.60125, 7, -48.796, -14.1018, 34.2712, 23.3267, 69.8202, -163.889
5.60886, 8, -48.8113, -14.202, 34.5341, 23.7611, 69.9979, -163.491
5.61578, 8, -48.8072, -14.2923, 34.7803, 24.1616, 70.1867, -163.024
5.62379, 8, -48.786, -14.3739, 35.0138, 24.5384, 70.3876, -162.493
5.63206, 9, -48.7507, -14.4489, 35.2382, 24.9032, 70.6011, -161.91
5.64441, 10, -48.6773, -14.5529, 35.5681, 25.4464, 70.9429, -160.966
5.65274, 10, -48.6168, -14.618, 35.7873, 25.8135, 71.1829, -160.306
5.65612, 11, -48.5838, -14.6495, 35.897, 25.9992, 71.3055, -159.971
5.66508, 11, -48.5132, -14.7117, 36.1174, 26.375, 71.5538, -159.298
5.67209, 11, -48.4378, -14.7737, 36.3378, 26.7573, 71.8044, -158.625
5.67974, 12, -48.3989, -14.8048, 36.5554, 27.145, 72.0557, -157.953
5.68947, 13, -48.2801, -14.8973, 36.7705, 27.538, 72.3069, -157.282
5.69615, 13, -48.1988, -14.9573, 36.9828, 27.9348, 72.5576, -156.616
5.70422, 13, -48.1152, -15.0167, 37.1913, 28.3348, 72.8077, -155.952
5.7163, 14, -47.9864, -15.1064, 37.4979, 28.9374, 73.1805, -154.963
5.7208, 14, -47.9435, -15.1359, 37.598, 29.1376, 73.3032, -154.637
5.7294, 15, -47.8593, -15.1929, 37.7925, 29.5322, 73.5442, -153.996
5.73675, 15, -47.777, -15.2464, 37.9775, 29.9124, 73.7748, -153.379
5.74629, 16, -47.6969, -15.2965, 38.1507, 30.2695, 73.9899, -152.799
5.75103, 16, -47.6579, -15.32, 38.2316, 30.4361, 74.0901, -152.528
5.7613, 16, -47.5495, -15.3827, 38.4448, 30.8771, 74.354, -151.809
5.76871, 16, -47.4866, -15.4174, 38.5607, 31.1155, 74.4958, -151.42
5.77495, 16, -47.4579, -15.4328, 38.6105, 31.2167, 74.5559, -151.255
5.78439, 16, -47.4064, -15.4598, 38.6939, 31.4508, 74.695, -150.872
5.79238, 16, -47.3636, -15.4812, 38.7577, 31.5074, 74.7292, -150.702
5.80039, 16, -47.3302, -15.4971, 38.804, 31.594, 74.7813, -150.638
5.80781, 16, -47.3055, -15.5085, 38.836, 31.6519, 74.8153, -150.544
5.81576, 16, -47.2872, -15.5166, 38.8575, 31.6867, 74.8363, -150.486
5.82396, 16, -47.2741, -15.5219, 38.8711, 31.7065, 74.848, -150.453
5.8338, 16, -47.2633, -15.5262, 38.8819, 31.7194, 74.8559, -150.432
5.83999, 16, -47.2615, -15.527, 38.884, 31.7213, 74.8572, -150.428
5.84797, 16, -47.2597, -15.528, 38.8869, 31.7236, 74.8586, -150.425
5.855, 16, -47.2591, -15.5287, 38.8889, 31.7247, 74.8593, -150.423
5.86398, 16, -47.2583, -15.5293, 38.8904, 31.7252, 74.8597, -150.422
5.87191, 16, -47.2556, -15.5302, 38.8924, 31.726, 74.8602, -150.421
5.88004, 16, -47.2487, -15.5323, 38.8964, 31.7294, 74.8622, -150.417
5.88694, 17, -47.2364, -15.5363, 38.9048, 31.74, 74.8682, -150.402
5.89762, 17, -47.2053, -15.5487, 38.9324, 31.7852, 74.894, -150.334
5.90602, 17, -47.1732, -15.5632, 38.9666, 31.8478, 74.9297, -150.239
5.91174, 17, -47.1531, -15.5728, 38.9899, 31.8925, 74.9546, -150.17
5.92287, 18, -47.0746, -15.6112, 39.0884, 32.0934, 75.0666, -149.859
5.92692, 18, -47.042, -15.6275, 39.1313, 32.1847, 75.1172, -149.717
5.93759, 18, -46.9664, -15.6657, 39.2326, 32.405, 75.2382, -149.374
5.94386, 19, -46.8764, -15.7118, 39.3536, 32.6721, 75.384, -148.958
5.95195, 19, -46.7722, -15.7651, 39.4916, 32.9785, 75.549, -148.482
5.96202, 20, -46.5917, -15.8569, 39.7217, 33.4903, 75.8205, -147.691
5.97093, 21, -46.4563, -15.9252, 39.8849, 33.8524, 76.0086, -147.135
5.97499, 21, -46.3846, -15.9613, 39.9681, 34.0365, 76.103, -146.854
5.98388, 21, -46.2334, -16.0368, 40.1365, 34.4077, 76.2902, -146.288
5.99649, 22, -45.9899, -16.1566, 40.3885, 34.9642, 76.5634, -145.445
5.99999, 22, -45.905, -16.1977, 40.4715, 35.1486, 76.6522, -145.166
6.00797, 23, -45.7316, -16.2813, 40.6358, 35.5147, 76.8256, -144.612
6.02005, 24, -45.4688, -16.4056, 40.8754, 36.0546, 77.0754, -143.792
6.02551, 24, -45.3815, -16.4461, 40.9523, 36.2311, 77.1558, -143.524
6.03189, 24, -45.2073, -16.526, 41.1008, 36.5761, 77.3119, -142.995
6.03878, 25, -45.0319, -16.606, 41.242, 36.9076, 77.4612, -142.485
6.04777, 25, -44.8548, -16.686, 41.3749, 37.2226, 77.6026, -141.996
6.05605, 26, -44.6768, -16.7644, 41.4989, 37.5183, 77.7348, -141.531
6.06681, 26, -44.4059, -16.8764, 41.6698, 37.9273, 77.9159, -140.878
6.07126, 26, -44.3136, -16.9127, 41.7232, 38.0556, 77.9721, -140.669
6.0802, 27, -44.1255, -16.9841, 41.8258, 38.3038, 78.0801, -140.259
6.0879, 27, -43.9337, -17.0543, 41.9237, 38.5454, 78.1851, -139.85
6.09606, 28, -43.7369, -17.1242, 42.0178, 38.7859, 78.2898, -139.434
6.10396, 28, -43.5328, -17.1957, 42.1092, 39.0275, 78.3953, -139.008
6.1129, 29, -43.3192, -17.2705, 42.1983, 39.2704, 78.5024, -138.568
6.12386, 29, -43.0955, -17.3477, 42.2849, 39.514, 78.6093, -138.115
6.12801, 29, -42.8616, -17.426, 42.3686, 39.7567, 78.7144, -137.65
6.13773, 30, -42.6157, -17.5039, 42.4491, 39.9963, 78.8169, -137.176
6.14399, 30, -42.3565, -17.581, 42.526, 40.232, 78.9154, -136.693
6.15293, 31, -42.0844, -17.6573, 42.5988, 40.4635, 79.0116, -136.201
6.16188, 31, -41.8018, -17.7336, 42.6667, 40.691, 79.1067, -135.703
6.16935, 32, -41.51, -17.8104, 42.7291, 40.9145, 79.2015, -135.197
6.17689, 32, -41.2094, -17.8863, 42.785, 41.1338, 79.2969, -134.688
6.18497, 33, -40.8996, -17.9596, 42.8341, 41.3481, 79.3926, -134.175
6.19221, 33, -40.5805, -18.0289, 42.8761, 41.5561, 79.4874, -133.661
6.20039, 34, -40.2545, -18.0945, 42.9108, 41.7568, 79.5808, -133.147
6.21103, 34, -39.9235, -18.1566, 42.9382, 41.9501, 79.6723, -132.633
6.21492, 35, -39.7561, -18.1862, 42.9492, 42.0439, 79.7174, -132.376
6.22565, 35, -39.2465, -18.269, 42.9715, 42.3147, 79.8487, -131.607
6.23395, 36, -38.8997, -18.3197, 42.9775, 42.4853, 79.9335, -131.096
6.24165, 36, -38.5466, -18.367, 42.9771, 42.6484, 80.0166, -130.586
6.24861, 37, -38.1881, -18.4108, 42.97, 42.8039, 80.097, -130.078
6.25671, 37, -37.824, -18.4509, 42.9559, 42.9521, 80.176, -129.571
6.26755, 38, -37.4543, -18.4875, 42.9352, 43.093, 80.2523, -129.066
6.27298, 38, -37.0794, -18.5209, 42.9078, 43.2265, 80.3271, -128.562
6.28038, 39, -36.8898, -18.5509, 42.8736, 43.3524, 80.399, -128.061
6.2884, 39, -36.5067, -18.5645, 42.854, 43.4127, 80.4346, -127.561
6.2966, 40, -36.1177, -18.589, 42.7854, 43.5824, 80.5381, -127.063
6.3056, 40, -35.522, -18.6185, 42.7315, 43.6868, 80.6054, -126.567
6.31551, 41, -35.3207, -18.6263, 42.702, 43.7362, 80.6379, -126.073
6.32291, 42, -34.7099, -18.6445, 42.6041, 43.8736, 80.7328, -125.581
6.32786, 42, -34.5047, -18.6488, 42.5682, 43.9159, 80.7636, -125.336
6.33593, 42, -34.0928, -18.6551, 42.4917, 43.995, 80.8228, -124.848
6.34288, 43, -33.6783, -18.6581, 42.4092, 44.0669, 80.8815, -124.361
6.35191, 43, -33.2598, -18.6578, 42.3207, 44.1319, 80.9375, -123.877
6.36233, 44, -32.6201, -18.6499, 42.1772, 44.216, 81.0192, -123.156
6.36788, 44, -32.4034, -18.6454, 42.1265, 44.2402, 81.0457, -122.917
6.37771, 45, -31.7433, -18.6264, 41.9654, 44.3026, 81.1214, -122.203
6.3839, 45, -31.5207, -18.6183, 41.9087, 44.3197, 81.1464, -121.966
6.39181, 46, -31.0733, -18.5997, 41.7908, 44.348, 81.1948, -121.494
6.40283, 47, -30.3985, -18.5651, 41.6029, 44.3757, 81.2628, -120.79
6.40796, 47, -30.172, -18.5516, 41.5374, 44.3812, 81.2853, -120.557
6.41775, 47, -29.4843, -18.5041, 41.3318, 44.3877, 81.3509, -119.86
6.42467, 48, -29.252, -18.4861, 41.2603, 44.386, 81.372, -119.628
6.43232, 48, -28.7832, -18.4469, 41.1125, 44.3758, 81.4137, -119.166
6.43992, 49, -28.3098, -18.4033, 40.9589, 44.3572, 81.4557, -118.707
6.44797, 49, -27.8338, -18.3552, 40.7994, 44.3292, 81.4968, -118.248
6.45592, 50, -27.3551, -18.3025, 40.6335, 44.2913, 81.5373, -117.791
6.46373, 50, -26.8723, -18.2444, 40.4608, 44.2447, 81.5788, -117.334
6.47183, 51, -26.3822, -18.1807, 40.2819, 44.1888, 81.6214, -116.879
6.48353, 51, -25.8839, -18.1115, 40.0007, 44.0859, 81.6851, -116.197
6.48787, 52, -25.3788, -18.0367, 39.9031, 44.0467, 81.7068, -115.97
6.49949, 53, -24.6154, -17.9146, 39.6007, 43.9127, 81.774, -115.291
6.50388, 53, -24.36, -17.8711, 39.4968, 43.8629, 81.7965, -115.064
6.51562, 54, -23.5876, -17.7316, 39.1731, 43.6982, 81.8659, -114.386
6.51989, 54, -23.327, -17.6821, 39.0615, 43.6379, 81.8904, -114.16
6.52773, 54, -22.7996, -17.5786, 38.8335, 43.5093, 81.9403, -113.709
6.5358, 55, -22.2649, -17.4688, 38.5981, 43.3696, 81.9917, -113.256
6.54401, 55, -21.7265, -17.3529, 38.3555, 43.2183, 82.0461, -112.804
6.55383, 56, -21.186, -17.2312, 38.1071, 43.0556, 82.1012, -112.353
6.5604, 56, -20.6414, -17.1039, 37.8514, 42.8817, 82.1581, -111.902
6.5689, 57, -20.0887, -16.9712, 37.5895, 42.6968, 82.2171, -111.452
6.57574, 57, -19.5263, -16.833, 37.3212, 42.5, 82.2767, -111.002
6.58374, 58, -18.9569, -16.6892, 37.0461, 42.2908, 82.3394, -110.551
6.5918, 58, -18.3841, -16.5398, 36.7654, 42.0691, 82.4031, -110.102
6.59975, 59, -17.8091, -16.3851, 36.4778, 41.8356, 82.4693, -109.653
6.60779, 59, -17.2289, -16.2254, 36.1844, 41.5896, 82.5375, -109.204
6.61586, 60, -16.6389, -16.0609, 35.8846, 41.3307, 82.6078, -108.755
6.62392, 60, -16.0398, -15.8908, 35.5795, 41.0586, 82.6803, -108.307
6.63373, 61, -15.4357, -15.7156, 35.2684, 40.7726, 82.7547, -107.858
6.63999, 61, -14.8287, -15.536, 34.9512, 40.4736, 82.8319, -107.41
6.64855, 62, -14.2165, -15.3518, 34.6278, 40.1609, 82.9118, -106.961
6.65609, 62, -13.5946, -15.1618, 34.2991, 39.8346, 82.9944, -106.512
6.66408, 63, -12.9623, -14.9647, 33.9653, 39.4933, 83.0802, -106.062
6.67235, 63, -12.3229, -14.7615, 33.626, 39.1374, 83.1694, -105.612
6.67986, 64, -11.6796, -14.5534, 33.2811, 38.7666, 83.2624, -105.161
6.68881, 64, -11.0308, -14.3388, 32.9302, 38.3813, 83.3594, -104.708
6.69678, 65, -10.3716, -14.1167, 32.5731, 37.9812, 83.4609, -104.254
6.7089, 66, -9.36506, -13.7724, 32.0283, 37.3507, 83.6226, -103.569
6.71685, 66, -8.68564, -13.5354, 31.6594, 36.9112, 83.7372, -103.111
6.72029, 66, -8.34435, -13.4141, 31.473, 36.6856, 83.7964, -102.881
6.73837, 68, -6.9575, -12.9106, 30.7128, 35.7447, 84.0478, -101.956
6.74101, 68, -6.60476, -12.7798, 30.52, 35.4996, 84.1146, -101.723
6.74868, 68, -5.89345, -12.5138, 30.1318, 34.9984, 84.2534, -101.255
6.75261, 68, -5.53555, -12.3786, 29.9359, 34.7421, 84.3255, -101.021
6.76069, 69, -4.81504, -12.1015, 29.5407, 34.2174, 84.4746, -100.55
6.76855, 69, -4.08654, -11.815, 29.1407, 33.678, 84.631, -100.077
6.77685, 70, -3.34934, -11.5188, 28.7373, 33.1216, 84.7955, -99.6008
6.78607, 71, -2.605, -11.2131, 28.3295, 32.5465, 84.97, -99.124
6.7926, 71, -1.8552, -10.9007, 27.9163, 31.9529, 85.1553, -98.6459
6.80178, 71, -1.09956, -10.5823, 27.4987, 31.3418, 85.3524, -98.1675
6.80689, 72, -0.720047, -10.4213, 27.2888, 31.0302, 85.4547, -97.9282
6.82098, 73, 0.803817, -9.7682, 26.4526, 29.7571, 85.8821, -96.9702
6.82389, 73, 0.803817, -9.7682, 26.4526, 29.7571, 85.8821, -96.9702
6.83072, 73, 1.56817, -9.43618, 26.0423, 29.117, 86.1002, -96.4916
6.84082, 74, 2.33474, -9.0997, 25.6413, 28.481, 86.4254, -95.7722
6.84912, 74, 3.10298, -8.58709, 25.0598, 27.5349, 86.6402, -95.2901
6.85484, 75, 3.87173, -8.4142, 24.871, 27.2203, 86.7479, -95.0483
6.86658, 75, 5.02326, -7.89309, 24.3133, 26.2758, 87.0768, -94.3208
6.87192, 76, 5.40511, -7.71902, 24.1295, 25.9592, 87.1899, -94.0777
6.87987, 76, 6.163, -7.37128, 23.7645, 25.3219, 87.422, -93.5921
6.88769, 77, 6.90874, -7.02447, 23.4037, 24.6844, 87.6626, -93.1096
6.89588, 77, 7.63807, -6.67814, 23.0478, 24.051, 87.91, -92.6343
6.90583, 78, 8.69498, -6.16333, 22.5309, 23.1229, 88.288, -91.9415
6.91173, 78, 9.03584, -5.9933, 22.3654, 22.8231, 88.4142, -91.7176
6.9226, 78, 9.69827, -5.49132, 21.895, 21.9608, 88.7874, -91.0718
6.92782, 79, 10.3331, -5.32691, 21.7473, 21.6868, 88.9092, -90.8656
6.93672, 79, 10.939, -5.00487, 21.466, 21.1602, 89.1478, -90.4688
6.94666, 79, 11.7927, -4.53926, 21.0753, 20.4204, 89.4933, -89.9114
6.95188, 79, 12.0628, -4.38914, 20.9532, 20.1867, 89.6058, -89.7357
6.96074, 80, 12.5816, -4.09605, 20.7197, 19.7378, 89.8278, -89.3991
6.97109, 80, 13.3142, -3.67064, 20.3905, 19.1056, 90.1559, -88.9269
6.97672, 80, 13.5498, -3.5325, 20.2859, 18.9046, 90.2644, -88.7763
6.98385, 81, 14.0138, -3.25928, 20.0834, 18.5155, 90.4792, -88.4819
6.99711, 81, 14.699, -2.85053, 19.7937, 17.9585, 90.7951, -88.0455
7.01101, 81, 15.5996, -2.29262, 19.4291, 17.2413, 91.2059, -87.4437
7.01684, 82, 15.8265, -2.14874, 19.3394, 17.0622, 91.3088, -87.286
7.01909, 82, 16.0555, -2.00257, 19.2492, 16.8818, 91.4129, -87.1248
7.02379, 82, 16.2873, -1.85357, 19.1584, 16.6997, 91.5189, -86.9598
7.03172, 82, 16.7609, -1.54589, 18.9742, 16.3281, 91.7395, -86.6173
7.03972, 83, 17.2489, -1.22416, 18.7845, 15.9436, 91.9757, -86.258
7.04783, 83, 17.751, -0.885441, 18.5862, 15.5455, 92.231, -85.8822
7.05573, 83, 18.2661, -0.528306, 18.3793, 15.1339, 92.5068, -85.489
7.06372, 84, 18.7958, -0.150565, 18.1646, 14.7115, 92.803, -85.0777
7.07181, 84, 19.3424, 0.247667, 17.9419, 14.2807, 93.1189, -84.6479
7.07972, 85, 19.9039, 0.666904, 17.7124, 13.844, 93.4539, -84.1989
7.08772, 85, 20.4726, 1.10344, 17.479, 13.4042, 93.8075, -83.7327
7.096, 86, 21.0394, 1.55296, 17.2412, 12.9651, 94.1772, -83.2503
7.10372, 86, 21.5985, 2.01341, 17.0006, 12.5314, 94.5612, -82.7546
7.11178, 86, 22.1493, 2.4827, 16.7594, 12.1063, 94.9571, -82.2485
7.11985, 87, 22.6916, 2.95938, 16.5195, 11.6954, 95.3614, -81.7361
7.12787, 87, 23.2232, 3.44096, 16.2844, 11.3011, 95.7696, -81.2234
7.1363, 88, 23.7377, 3.92264, 16.0559, 10.9272, 96.1767, -80.7145
7.14412, 88, 24.2307, 4.40087, 15.8347, 10.5752, 96.579, -80.2145
7.15134, 88, 24.7017, 4.87437, 15.6233, 10.2455, 96.9743, -79.7262
7.15989, 89, 25.1533, 5.34035, 15.4232, 9.93792, 97.3609, -79.2532
7.16773, 89, 25.5879, 5.79586, 15.2347, 9.65169, 97.7371, -78.7961
7.17574, 89, 26.006, 6.23968, 15.059, 9.38589, 98.1005, -78.3545
7.18469, 90, 26.4072, 6.67474, 14.8967, 9.1405, 98.4494, -77.9267
7.19176, 90, 26.7926, 7.10341, 14.7465, 8.91514, 98.7826, -77.5087
7.19984, 90, 27.1651, 7.52827, 14.6066, 8.70775, 99.1021, -77.0971
7.20676, 90, 27.3471, 7.74013, 14.54, 8.61023, 99.258, -76.8925
7.21597, 91, 27.8801, 8.37891, 14.3483, 8.33671, 99.7205, -76.2753
7.22276, 91, 28.054, 8.59387, 14.2853, 8.25037, 99.8758, -76.0668
7.23074, 91, 28.3986, 9.02774, 14.1583, 8.08318, 100.193, -75.642
7.24098, 92, 28.9163, 9.69513, 13.9625, 7.84296, 100.691, -74.978
7.2482, 92, 29.2669, 10.1542, 13.8292, 7.68977, 101.041, -74.5142
7.25712, 93, 29.6214, 10.6279, 13.6951, 7.54406, 101.402, -74.03
7.26277, 93, 29.7993, 10.8713, 13.6278, 7.4746, 101.585, -73.7797
7.27314, 93, 30.3329, 11.6288, 13.4261, 7.2828, 102.147, -72.995
7.28053, 94, 30.6898, 12.1577, 13.2936, 7.16948, 102.532, -72.4449
7.28905, 94, 30.8692, 12.4296, 13.228, 7.11731, 102.926, -71.8731
7.29471, 95, 31.2294, 12.9881, 13.0979, 7.02257, 103.127, -71.579
7.30555, 95, 31.7717, 13.8589, 12.9036, 6.90531, 103.75, -70.6637
7.31169, 96, 31.952, 14.1571, 12.8386, 6.8736, 103.964, -70.3481
7.31976, 96, 32.3107, 14.7641, 12.7086, 6.82348, 104.401, -69.701
7.32768, 97, 32.665, 15.3834, 12.5794, 6.78961, 104.847, -69.0332
7.33571, 97, 33.0122, 16.0125, 12.4525, 6.77321, 105.299, -68.3469
7.34276, 98, 33.3497, 16.649, 12.3302, 6.77593, 105.753, -67.6473
7.35173, 98, 33.6762, 17.2906, 12.2142, 6.799, 106.205, -66.936
7.35971, 99, 33.9909, 17.9347, 12.1062, 6.841, 106.651, -66.2171
7.36777, 99, 34.2948, 18.5788, 12.0074, 6.90308, 107.089, -65.4963
7.37572, 100, 34.5895, 19.2195, 11.9177, 6.98289, 107.516, -64.7752
7.38374, 100, 34.8756, 19.8539, 11.8369, 7.08087, 107.931, -64.0549
7.39173, 101, 35.1525, 20.4791, 11.7643, 7.19474, 108.332, -63.3405
7.39971, 101, 35.4189, 21.0933, 11.6996, 7.32377, 108.719, -62.6321
7.40676, 102, 35.6735, 21.6963, 11.6435, 7.46672, 109.09, -61.9302
7.41578, 102, 35.914, 22.2869, 11.5959, 7.62121, 109.444, -61.2392
7.42544, 103, 36.1408, 22.8642, 11.5571, 7.78649, 109.78, -60.2241
7.43171, 103, 36.3586, 23.4261, 11.5271, 7.96074, 110.099, -59.8911
7.43977, 103, 36.5696, 23.972, 11.506, 8.14391, 110.399, -59.2353
7.44773, 104, 36.7735, 24.5022, 11.4939, 8.33636, 110.68, -58.5934
7.45571, 104, 36.9703, 25.0163, 11.4893, 8.53768, 110.941, -57.963
7.46382, 104, 37.1611, 25.5137, 11.4916, 8.74771, 111.181, -57.3451
7.47276, 104, 37.3449, 25.9951, 11.5003, 8.96447, 111.401, -56.7413
7.4797, 104, 37.5197, 26.4599, 11.5136, 9.1863, 111.603, -56.1519
7.48777, 104, 37.6857, 26.908, 11.5299, 9.4112, 111.788, -55.5788
7.49571, 104, 37.8454, 27.3408, 11.5489, 9.63623, 111.959, -55.0244
7.50378, 104, 38.0003, 27.7577, 11.5696, 9.85896, 112.119, -54.4921
7.51171, 104, 38.1502, 28.1581, 11.5907, 10.0778, 112.269, -53.9822
7.51978, 104, 38.294, 28.5416, 11.6116, 10.2914, 112.41, -53.4957
7.5277, 104, 38.4309, 28.9087, 11.6312, 10.4985, 112.544, -53.0329
7.5357, 104, 38.5602, 29.2576, 11.6497, 10.6984, 112.67, -52.5953
7.54378, 104, 38.6815, 29.5885, 11.6672, 10.8902, 112.788, -52.1822
7.55173, 104, 38.7948, 29.8999, 11.6833, 11.0733, 112.899, -51.7939
7.55971, 104, 38.8996, 30.1928, 11.6983, 11.247, 113.002, -51.431
7.56777, 104, 38.9965, 30.4669, 11.7123, 11.4107, 113.097, -51.0932
7.57572, 104, 39.0855, 30.721, 11.7251, 11.5638, 113.185, -50.7808
7.58378, 104, 39.1667, 30.9557, 11.7366, 11.7061, 113.266, -50.4937
7.59177, 104, 39.24, 31.1706, 11.7471, 11.8372, 113.339, -50.232
7.59971, 104, 39.3057, 31.3654, 11.7568, 11.9568, 113.405, -49.9954
7.6077, 104, 39.3638, 31.5408, 11.7655, 12.0647, 113.464, -49.7839
7.61583, 104, 39.4151, 31.6969, 11.7732, 12.1604, 113.516, -49.5973
7.62379, 104, 39.4597, 31.8337, 11.7801, 12.2441, 113.56, -49.4356
7.63183, 104, 39.4986, 31.9525, 11.7863, 12.3154, 113.598, -49.2984
7.63986, 104, 39.5317, 32.0545, 11.7919, 12.3757, 113.63, -49.1846
7.64781, 104, 39.559, 32.14, 11.7968, 12.4237, 113.655, -49.0924
7.65581, 104, 39.5815, 32.2108, 11.8012, 12.4612, 113.675, -49.0202
7.66389, 104, 39.5993, 32.2686, 11.8052, 12.49, 113.689, -48.9662
7.67171, 104, 39.613, 32.3149, 11.8088, 12.5111, 113.699, -48.9275
7.67972, 104, 39.6235, 32.3507, 11.8121, 12.5258, 113.706, -48.9009
7.6878, 104, 39.6313, 32.3775, 11.815, 12.5355, 113.71, -48.8839
7.69605, 104, 39.6367, 32.3975, 11.8176, 12.5414, 113.713, -48.8738
7.70275, 104, 39.6387, 32.4054, 11.8187, 12.5434, 113.713, -48.8707
7.71194, 104, 39.6424, 32.4217, 11.8212, 12.5466, 113.715, -48.8662
7.72021, 105, 39.6434, 32.4278, 11.8223, 12.5474, 113.715, -48.8651
7.72811, 105, 39.6432, 32.4316, 11.8233, 12.5479, 113.715, -48.8648
7.7347, 105, 39.6428, 32.4331, 11.8238, 12.548, 113.715, -48.8647
7.74463, 105, 39.6414, 32.4363, 11.8249, 12.5481, 113.715, -48.8649
7.75218, 105, 39.6404, 32.4378, 11.8255, 12.5481, 113.715, -48.8652
7.75871, 105, 39.64, 32.4384, 11.8258, 12.5482, 113.715, -48.8654
7.76831, 105, 39.6387, 32.4403, 11.8265, 12.5483, 113.715, -48.8658
7.77626, 105, 39.6382, 32.4414, 11.8271, 12.5483, 113.715, -48.8661
7.78446, 105, 39.6379, 32.4425, 11.8277, 12.5483, 113.715, -48.8665
7.79252, 105, 39.6378, 32.443, 11.828, 12.5483, 113.715, -48.8668
7.80025, 105, 39.6376, 32.444, 11.8285, 12.5483, 113.715, -48.8669
7.80858, 105, 39.6373, 32.4451, 11.8291, 12.5483, 113.715, -48.8674
7.81569, 105, 39.6371, 32.4454, 11.8293, 12.5483, 113.715, -48.8675
7.82368, 105, 39.6369, 32.4458, 11.8296, 12.5483, 113.715, -48.8677
7.83174, 105, 39.6366, 32.4461, 11.8299, 12.5483, 113.715, -48.868
7.83969, 105, 39.6363, 32.4462, 11.8301, 12.5483, 113.715, -48.8682
