timestamp, cmd_num, J1, J2, J3, J4, J5, J6
0.002, -1, -70.8224, 5.01926, 29.1284, 174.23, -48.4954, -139.541
0.004, -1, -70.8224, 5.01926, 29.1284, 174.23, -48.4954, -139.541
0.006, -1, -70.8224, 5.01926, 29.1284, 174.23, -48.4954, -139.541
0.008, -1, -70.8224, 5.01926, 29.1284, 174.23, -48.4954, -139.541
0.011, -1, -70.8224, 5.01926, 29.1284, 174.23, -48.4954, -139.541
0.016, -1, -70.8224, 5.01926, 29.1284, 174.23, -48.4954, -139.541
0.02, -1, -70.8224, 5.01926, 29.1284, 174.23, -48.4954, -139.541
0.024, -1, -70.8224, 5.01926, 29.1284, 174.23, -48.4954, -139.541
0.028, -1, -70.8224, 5.01926, 29.1284, 174.23, -48.4954, -139.541
0.032, -1, -70.8224, 5.01926, 29.1284, 174.23, -48.4954, -139.541
0.036, -1, -70.8224, 5.01926, 29.1284, 174.23, -48.4954, -139.541
0.04, -1, -70.8224, 5.01923, 29.1284, 174.23, -48.4954, -139.541
0.044, -1, -70.8222, 5.01912, 29.1284, 174.23, -48.4955, -139.541
0.048, -1, -70.8218, 5.01882, 29.1284, 174.23, -48.4955, -139.541
0.052, -1, -70.8211, 5.01822, 29.1285, 174.23, -48.4955, -139.541
0.056, -1, -70.8198, 5.01718, 29.1286, 174.23, -48.4957, -139.541
0.06, -1, -70.818, 5.01558, 29.1288, 174.23, -48.496, -139.541
0.064, -1, -70.8156, 5.01327, 29.1291, 174.229, -48.4966, -139.541
0.068, 1, -70.8124, 5.0101, 29.1296, 174.229, -48.4977, -139.542
0.072, 1, -70.8084, 5.00589, 29.1302, 174.228, -48.4993, -139.542
0.076, 1, -70.8036, 5.00045, 29.131, 174.227, -48.5018, -139.543
0.08, 1, -70.7976, 4.99352, 29.1322, 174.226, -48.5054, -139.544
0.084, 1, -70.7905, 4.98484, 29.1336, 174.223, -48.5104, -139.546
0.088, 1, -70.7818, 4.97416, 29.1355, 174.22, -48.5172, -139.548
0.092, 1, -70.7716, 4.96128, 29.1379, 174.216, -48.5262, -139.551
0.096, 1, -70.7597, 4.94607, 29.1408, 174.211, -48.5378, -139.555
0.1, 1, -70.746, 4.92842, 29.1443, 174.204, -48.5524, -139.559
0.104, 1, -70.7305, 4.90819, 29.1485, 174.196, -48.5705, -139.565
0.108, 1, -70.7129, 4.88521, 29.1534, 174.185, -48.5925, -139.573
0.112, 1, -70.6933, 4.85933, 29.1591, 174.173, -48.6187, -139.581
0.116, 1, -70.6714, 4.8304, 29.1656, 174.159, -48.6494, -139.591
0.12, 1, -70.6472, 4.79838, 29.1731, 174.142, -48.685, -139.603
0.124, 1, -70.6207, 4.76326, 29.1814, 174.123, -48.7256, -139.616
0.128, 1, -70.592, 4.72508, 29.1906, 174.102, -48.7712, -139.631
0.131, 1, -70.561, 4.68391, 29.2007, 174.078, -48.822, -139.648
0.136, 1, -70.5279, 4.63982, 29.2117, 174.052, -48.8777, -139.666
0.139, 1, -70.4927, 4.59285, 29.2236, 174.024, -48.9382, -139.686
0.144, 1, -70.4553, 4.54298, 29.2362, 173.993, -49.0033, -139.708
0.148, 1, -70.4158, 4.49021, 29.2497, 173.961, -49.0725, -139.731
0.152, 1, -70.3743, 4.43461, 29.2639, 173.927, -49.1455, -139.755
0.156, 1, -70.3308, 4.37634, 29.2787, 173.891, -49.2219, -139.78
0.16, 1, -70.2856, 4.3156, 29.2942, 173.854, -49.3012, -139.806
0.164, 1, -70.2388, 4.25262, 29.3101, 173.815, -49.3829, -139.833
0.168, 1, -70.1906, 4.18757, 29.3265, 173.776, -49.4668, -139.86
0.172, 1, -70.1411, 4.12065, 29.3433, 173.736, -49.5523, -139.889
0.176, 1, -70.0903, 4.05202, 29.3604, 173.695, -49.6391, -139.917
0.18, 1, -70.0383, 3.98187, 29.3778, 173.654, -49.727, -139.946
0.184, 1, -69.9851, 3.91039, 29.3955, 173.613, -49.8156, -139.975
0.188, 1, -69.9309, 3.83779, 29.4132, 173.571, -49.9047, -140.005
0.192, 1, -69.8759, 3.7643, 29.4312, 173.529, -49.9942, -140.034
0.196, 1, -69.8202, 3.69017, 29.4492, 173.487, -50.0841, -140.064
0.2, 1, -69.7641, 3.61558, 29.4673, 173.445, -50.1741, -140.093
0.204, 1, -69.7076, 3.54067, 29.4854, 173.403, -50.2643, -140.123
0.208, 1, -69.6509, 3.46552, 29.5036, 173.361, -50.3546, -140.153
0.212, 1, -69.5941, 3.39019, 29.5218, 173.318, -50.4451, -140.182
0.216, 1, -69.5371, 3.31474, 29.5401, 173.276, -50.5356, -140.212
0.22, 1, -69.48, 3.23918, 29.5583, 173.234, -50.6262, -140.242
0.224, 1, -69.4229, 3.16354, 29.5766, 173.191, -50.7168, -140.272
0.228, 1, -69.3657, 3.08784, 29.5949, 173.149, -50.8075, -140.302
0.232, 1, -69.3084, 3.01207, 29.6132, 173.107, -50.8983, -140.331
0.236, 1, -69.2512, 2.93624, 29.6315, 173.064, -50.9891, -140.361
0.24, 1, -69.1938, 2.86037, 29.6498, 173.022, -51.08, -140.391
0.244, 1, -69.1364, 2.78444, 29.6682, 172.979, -51.171, -140.421
0.248, 1, -69.079, 2.70847, 29.6865, 172.937, -51.2619, -140.451
0.252, 1, -69.0216, 2.63246, 29.7049, 172.894, -51.353, -140.481
0.256, 1, -68.9641, 2.5564, 29.7232, 172.851, -51.4441, -140.511
0.26, 1, -68.9066, 2.48029, 29.7416, 172.809, -51.5352, -140.541
0.264, 1, -68.8491, 2.40415, 29.76, 172.766, -51.6264, -140.571
0.268, 1, -68.7915, 2.32796, 29.7784, 172.724, -51.7177, -140.601
0.272, 1, -68.7339, 2.25172, 29.7968, 172.681, -51.809, -140.631
0.276, 1, -68.6762, 2.17545, 29.8152, 172.638, -51.9003, -140.661
0.28, 1, -68.6186, 2.09913, 29.8336, 172.595, -51.9917, -140.691
0.284, 1, -68.5609, 2.02277, 29.8521, 172.553, -52.0831, -140.721
0.288, 1, -68.5031, 1.94637, 29.8705, 172.51, -52.1746, -140.751
0.292, 1, -68.4454, 1.86992, 29.889, 172.467, -52.2662, -140.781
0.296, 1, -68.3876, 1.79343, 29.9075, 172.424, -52.3578, -140.812
0.3, 1, -68.3297, 1.7169, 29.9259, 172.381, -52.4495, -140.842
0.304, 1, -68.2719, 1.64033, 29.9444, 172.339, -52.5412, -140.872
0.308, 1, -68.214, 1.56371, 29.9629, 172.296, -52.6329, -140.902
0.312, 1, -68.156, 1.48706, 29.9814, 172.253, -52.7247, -140.932
0.316, 1, -68.0981, 1.41036, 30, 172.21, -52.8166, -140.963
0.32, 1, -68.0401, 1.33361, 30.0185, 172.167, -52.9085, -140.993
0.324, 1, -67.9821, 1.25683, 30.037, 172.124, -53.0004, -141.023
0.328, 1, -67.924, 1.18, 30.0556, 172.081, -53.0924, -141.053
0.332, 1, -67.8659, 1.10313, 30.0741, 172.038, -53.1845, -141.084
0.336, 1, -67.8078, 1.02622, 30.0927, 171.995, -53.2766, -141.114
0.34, 1, -67.7496, 0.949269, 30.1113, 171.952, -53.3688, -141.144
0.344, 1, -67.6914, 0.872272, 30.1299, 171.909, -53.461, -141.175
0.348, 1, -67.6332, 0.795233, 30.1485, 171.865, -53.5532, -141.205
0.352, 1, -67.575, 0.718152, 30.1671, 171.822, -53.6455, -141.235
0.356, 1, -67.5167, 0.641028, 30.1857, 171.779, -53.7379, -141.266
0.36, 1, -67.4584, 0.563863, 30.2044, 171.736, -53.8303, -141.296
0.364, 1, -67.4, 0.486656, 30.223, 171.693, -53.9228, -141.326
0.368, 1, -67.3417, 0.409407, 30.2417, 171.649, -54.0153, -141.357
0.372, 1, -67.2833, 0.332116, 30.2603, 171.606, -54.1079, -141.387
0.376, 1, -67.2248, 0.254783, 30.279, 171.563, -54.2005, -141.418
0.38, 1, -67.1664, 0.177409, 30.2977, 171.52, -54.2931, -141.448
0.384, 1, -67.1078, 0.0999922, 30.3164, 171.476, -54.3858, -141.479
0.388, 1, -67.0493, 0.0225334, 30.3351, 171.433, -54.4786, -141.509
0.392, 1, -66.9907, -0.0549675, 30.3538, 171.389, -54.5714, -141.54
0.396, 1, -66.9321, -0.132511, 30.3725, 171.346, -54.6643, -141.57
0.4, 1, -66.8735, -0.210096, 30.3912, 171.303, -54.7572, -141.601
0.404, 1, -66.8148, -0.287723, 30.41, 171.259, -54.8502, -141.632
0.408, 1, -66.7562, -0.365392, 30.4287, 171.216, -54.9432, -141.662
0.412, 1, -66.6974, -0.443103, 30.4475, 171.172, -55.0363, -141.693
0.416, 1, -66.6387, -0.520856, 30.4663, 171.129, -55.1294, -141.723
0.42, 1, -66.5799, -0.59865, 30.4851, 171.085, -55.2225, -141.754
0.424, 1, -66.5211, -0.676487, 30.5039, 171.041, -55.3158, -141.785
0.428, 1, -66.4622, -0.754365, 30.5227, 170.998, -55.409, -141.815
0.432, 1, -66.4033, -0.832285, 30.5415, 170.954, -55.5023, -141.846
0.436, 1, -66.3444, -0.910246, 30.5603, 170.911, -55.5957, -141.877
0.44, 1, -66.2855, -0.98825, 30.5791, 170.867, -55.6891, -141.908
0.444, 1, -66.2265, -1.0663, 30.598, 170.823, -55.7826, -141.938
0.448, 1, -66.1675, -1.14438, 30.6168, 170.78, -55.8761, -141.969
0.452, 1, -66.1084, -1.22251, 30.6357, 170.736, -55.9697, -142
0.456, 1, -66.0494, -1.30069, 30.6546, 170.692, -56.0633, -142.031
0.46, 1, -65.9903, -1.3789, 30.6735, 170.648, -56.157, -142.061
0.464, 1, -65.9311, -1.45715, 30.6924, 170.604, -56.2507, -142.092
0.468, 1, -65.8719, -1.53545, 30.7113, 170.561, -56.3444, -142.123
0.472, 1, -65.8127, -1.61379, 30.7302, 170.517, -56.4383, -142.154
0.476, 1, -65.7535, -1.69217, 30.7491, 170.473, -56.5321, -142.185
0.48, 1, -65.6943, -1.77059, 30.768, 170.429, -56.626, -142.216
0.484, 1, -65.635, -1.84906, 30.787, 170.385, -56.72, -142.247
0.488, 1, -65.5756, -1.92756, 30.806, 170.341, -56.814, -142.278
0.492, 1, -65.5163, -2.00611, 30.8249, 170.297, -56.9081, -142.309
0.496, 1, -65.4569, -2.0847, 30.8439, 170.253, -57.0022, -142.34
0.5, 1, -65.3975, -2.16333, 30.8629, 170.209, -57.0964, -142.371
0.504, 1, -65.338, -2.242, 30.8819, 170.165, -57.1906, -142.402
0.508, 1, -65.2785, -2.32072, 30.9009, 170.121, -57.2849, -142.433
0.512, 1, -65.219, -2.39948, 30.9199, 170.077, -57.3792, -142.464
0.516, 1, -65.1594, -2.47827, 30.9389, 170.033, -57.4736, -142.495
0.52, 1, -65.0999, -2.55711, 30.958, 169.989, -57.568, -142.526
0.524, 1, -65.0403, -2.636, 30.977, 169.944, -57.6624, -142.557
0.528, 1, -64.9806, -2.71492, 30.9961, 169.9, -57.757, -142.588
0.532, 1, -64.9209, -2.79389, 31.0151, 169.856, -57.8515, -142.619
0.536, 1, -64.8612, -2.8729, 31.0342, 169.812, -57.9462, -142.65
0.54, 1, -64.8015, -2.95195, 31.0533, 169.768, -58.0408, -142.681
0.544, 1, -64.7417, -3.03104, 31.0724, 169.723, -58.1355, -142.712
0.548, 1, -64.6819, -3.11017, 31.0915, 169.679, -58.2303, -142.744
0.552, 1, -64.6221, -3.18934, 31.1106, 169.635, -58.3251, -142.775
0.556, 1, -64.5622, -3.26856, 31.1298, 169.59, -58.42, -142.806
0.56, 1, -64.5023, -3.34782, 31.1489, 169.546, -58.5149, -142.837
0.564, 1, -64.4424, -3.42712, 31.168, 169.501, -58.6099, -142.868
0.568, 1, -64.3824, -3.50646, 31.1872, 169.457, -58.7049, -142.9
0.572, 1, -64.3224, -3.58584, 31.2064, 169.413, -58.8, -142.931
0.576, 1, -64.2624, -3.66527, 31.2256, 169.368, -58.8951, -142.962
0.58, 1, -64.2024, -3.74473, 31.2447, 169.324, -58.9903, -142.994
0.584, 1, -64.1423, -3.82424, 31.2639, 169.279, -59.0855, -143.025
0.588, 1, -64.0822, -3.90379, 31.2831, 169.235, -59.1807, -143.056
0.592, 1, -64.022, -3.98338, 31.3024, 169.19, -59.2761, -143.088
0.596, 1, -63.9618, -4.06301, 31.3216, 169.145, -59.3714, -143.119
0.6, 1, -63.9016, -4.14269, 31.3408, 169.101, -59.4669, -143.15
0.604, 1, -63.8414, -4.2224, 31.3601, 169.056, -59.5623, -143.182
0.608, 1, -63.7811, -4.30216, 31.3793, 169.012, -59.6578, -143.213
0.612, 1, -63.7208, -4.38195, 31.3986, 168.967, -59.7534, -143.245
0.616, 1, -63.6605, -4.46179, 31.4179, 168.922, -59.849, -143.276
0.62, 1, -63.6001, -4.54167, 31.4372, 168.877, -59.9447, -143.308
0.624, 1, -63.5397, -4.6216, 31.4565, 168.833, -60.0404, -143.339
0.628, 1, -63.4793, -4.70156, 31.4758, 168.788, -60.1362, -143.371
0.632, 1, -63.4188, -4.78156, 31.4951, 168.743, -60.232, -143.402
0.636, 1, -63.3583, -4.86161, 31.5144, 168.698, -60.3278, -143.434
0.64, 1, -63.2978, -4.94169, 31.5338, 168.654, -60.4237, -143.465
0.644, 1, -63.2373, -5.02182, 31.5531, 168.609, -60.5197, -143.497
0.648, 1, -63.1767, -5.10199, 31.5725, 168.564, -60.6157, -143.528
0.652, 1, -63.1161, -5.1822, 31.5918, 168.519, -60.7118, -143.56
0.656, 1, -63.0554, -5.26245, 31.6112, 168.474, -60.8079, -143.592
0.66, 1, -62.9947, -5.34274, 31.6306, 168.429, -60.904, -143.623
0.664, 1, -62.934, -5.42308, 31.65, 168.384, -61.0002, -143.655
0.668, 1, -62.8733, -5.50345, 31.6694, 168.339, -61.0965, -143.686
0.672, 1, -62.8125, -5.58386, 31.6888, 168.294, -61.1928, -143.718
0.676, 1, -62.7517, -5.66432, 31.7083, 168.249, -61.2892, -143.75
0.68, 1, -62.6909, -5.74482, 31.7277, 168.204, -61.3856, -143.782
0.684, 1, -62.63, -5.82535, 31.7471, 168.159, -61.482, -143.813
0.688, 1, -62.5691, -5.90593, 31.7666, 168.114, -61.5785, -143.845
0.692, 1, -62.5082, -5.98655, 31.7861, 168.069, -61.6751, -143.877
0.696, 1, -62.4473, -6.06721, 31.8055, 168.023, -61.7717, -143.909
0.7, 1, -62.3863, -6.14791, 31.825, 167.978, -61.8683, -143.94
0.704, 1, -62.3253, -6.22865, 31.8445, 167.933, -61.965, -143.972
0.708, 1, -62.2642, -6.30943, 31.864, 167.888, -62.0617, -144.004
0.712, 1, -62.2031, -6.39025, 31.8836, 167.843, -62.1585, -144.036
0.716, 1, -62.142, -6.47112, 31.9031, 167.797, -62.2554, -144.068
0.72, 1, -62.0809, -6.55202, 31.9226, 167.752, -62.3523, -144.1
0.724, 1, -62.0197, -6.63297, 31.9422, 167.707, -62.4492, -144.131
0.728, 1, -61.9585, -6.71395, 31.9617, 167.661, -62.5462, -144.163
0.732, 1, -61.8973, -6.79498, 31.9813, 167.616, -62.6432, -144.195
0.736, 1, -61.836, -6.87604, 32.0009, 167.571, -62.7403, -144.227
0.74, 1, -61.7747, -6.95715, 32.0204, 167.525, -62.8374, -144.259
0.744, 1, -61.7134, -7.03829, 32.04, 167.48, -62.9346, -144.291
0.748, 1, -61.6521, -7.11948, 32.0596, 167.434, -63.0318, -144.323
0.752, 1, -61.5907, -7.20071, 32.0793, 167.389, -63.1291, -144.355
0.756, 1, -61.5293, -7.28197, 32.0989, 167.343, -63.2265, -144.387
0.76, 1, -61.4678, -7.36328, 32.1185, 167.298, -63.3238, -144.419
0.764, 1, -61.4063, -7.44463, 32.1381, 167.252, -63.4212, -144.451
0.768, 1, -61.3448, -7.52601, 32.1578, 167.207, -63.5187, -144.483
0.772, 1, -61.2833, -7.60744, 32.1775, 167.161, -63.6162, -144.515
0.776, 1, -61.2217, -7.68891, 32.1971, 167.115, -63.7138, -144.548
0.78, 1, -61.1601, -7.77042, 32.2168, 167.07, -63.8114, -144.58
0.784, 1, -61.0985, -7.85197, 32.2365, 167.024, -63.9091, -144.612
0.788, 1, -61.0368, -7.93356, 32.2562, 166.978, -64.0068, -144.644
0.792, 1, -60.9752, -8.01519, 32.2759, 166.933, -64.1045, -144.676
0.796, 1, -60.9134, -8.09686, 32.2956, 166.887, -64.2023, -144.708
0.8, 1, -60.8517, -8.17857, 32.3154, 166.841, -64.3002, -144.74
0.804, 1, -60.7899, -8.26031, 32.3351, 166.796, -64.3981, -144.773
0.808, 1, -60.7281, -8.3421, 32.3549, 166.75, -64.4961, -144.805
0.812, 1, -60.6662, -8.42393, 32.3746, 166.704, -64.5941, -144.837
0.816, 1, -60.6044, -8.5058, 32.3944, 166.658, -64.6921, -144.869
0.82, 1, -60.5425, -8.58771, 32.4142, 166.612, -64.7902, -144.902
0.824, 1, -60.4805, -8.66966, 32.434, 166.566, -64.8883, -144.934
0.828, 1, -60.4186, -8.75166, 32.4538, 166.52, -64.9865, -144.966
0.832, 1, -60.3566, -8.83369, 32.4736, 166.475, -65.0848, -144.999
0.836, 1, -60.2946, -8.91576, 32.4934, 166.429, -65.1831, -145.031
0.84, 1, -60.2325, -8.99787, 32.5132, 166.383, -65.2814, -145.063
0.844, 1, -60.1704, -9.08002, 32.533, 166.337, -65.3798, -145.096
0.848, 1, -60.1083, -9.16221, 32.5529, 166.291, -65.4782, -145.128
0.852, 1, -60.0462, -9.24444, 32.5728, 166.245, -65.5767, -145.16
0.856, 1, -59.984, -9.32672, 32.5926, 166.198, -65.6752, -145.193
0.86, 1, -59.9218, -9.40903, 32.6125, 166.152, -65.7738, -145.225
0.864, 1, -59.8596, -9.49138, 32.6324, 166.106, -65.8724, -145.258
0.868, 1, -59.7973, -9.57378, 32.6523, 166.06, -65.9711, -145.29
0.872, 1, -59.735, -9.65621, 32.6722, 166.014, -66.0698, -145.323
0.876, 1, -59.6727, -9.73868, 32.6921, 165.968, -66.1686, -145.355
0.88, 1, -59.6103, -9.82119, 32.712, 165.922, -66.2674, -145.388
0.884, 1, -59.5479, -9.90375, 32.7319, 165.875, -66.3663, -145.42
0.888, 1, -59.4855, -9.98634, 32.7519, 165.829, -66.4652, -145.453
0.892, 1, -59.423, -10.069, 32.7718, 165.783, -66.5641, -145.485
0.896, 1, -59.3606, -10.1516, 32.7918, 165.737, -66.6632, -145.518
0.9, 1, -59.2981, -10.2344, 32.8118, 165.69, -66.7622, -145.55
0.904, 1, -59.2355, -10.3171, 32.8318, 165.644, -66.8613, -145.583
0.908, 1, -59.173, -10.3999, 32.8518, 165.598, -66.9605, -145.616
0.912, 1, -59.1104, -10.4827, 32.8718, 165.551, -67.0597, -145.648
0.916, 1, -59.0477, -10.5656, 32.8918, 165.505, -67.1589, -145.681
0.92, 1, -58.9851, -10.6485, 32.9118, 165.458, -67.2582, -145.714
0.924, 1, -58.9224, -10.7315, 32.9318, 165.412, -67.3576, -145.746
0.928, 1, -58.8597, -10.8145, 32.9519, 165.366, -67.457, -145.779
0.932, 1, -58.7969, -10.8975, 32.9719, 165.319, -67.5564, -145.812
0.936, 1, -58.7341, -10.9806, 32.992, 165.273, -67.6559, -145.844
0.94, 1, -58.6713, -11.0637, 33.012, 165.226, -67.7554, -145.877
0.944, 1, -58.6085, -11.1468, 33.0321, 165.179, -67.855, -145.91
0.948, 1, -58.5456, -11.23, 33.0522, 165.133, -67.9546, -145.943
0.952, 1, -58.4827, -11.3133, 33.0723, 165.086, -68.0543, -145.975
0.956, 1, -58.4198, -11.3965, 33.0924, 165.04, -68.154, -146.008
0.96, 1, -58.3568, -11.4798, 33.1125, 164.993, -68.2538, -146.041
0.964, 1, -58.2938, -11.5632, 33.1327, 164.946, -68.3536, -146.074
0.968, 1, -58.2308, -11.6466, 33.1528, 164.9, -68.4535, -146.107
0.972, 1, -58.1678, -11.73, 33.1729, 164.853, -68.5534, -146.14
0.976, 1, -58.1047, -11.8135, 33.1931, 164.806, -68.6534, -146.173
0.98, 1, -58.0416, -11.897, 33.2133, 164.759, -68.7534, -146.205
0.984, 1, -57.9784, -11.9805, 33.2334, 164.713, -68.8534, -146.238
0.988, 1, -57.9152, -12.0641, 33.2536, 164.666, -68.9536, -146.271
0.992, 1, -57.8521, -12.1478, 33.2738, 164.619, -69.0537, -146.304
0.996, 1, -57.7888, -12.2314, 33.294, 164.572, -69.1539, -146.337
1, 1, -57.7256, -12.3151, 33.3142, 164.525, -69.2542, -146.37
1.004, 1, -57.6623, -12.3989, 33.3344, 164.478, -69.3544, -146.403
1.008, 1, -57.599, -12.4827, 33.3547, 164.432, -69.4548, -146.436
1.012, 1, -57.5356, -12.5665, 33.3749, 164.385, -69.5552, -146.469
1.016, 1, -57.4722, -12.6504, 33.3952, 164.338, -69.6556, -146.502
1.02, 1, -57.4088, -12.7343, 33.4154, 164.291, -69.7561, -146.535
1.024, 1, -57.3454, -12.8182, 33.4357, 164.244, -69.8566, -146.568
1.027, 1, -57.2819, -12.9022, 33.456, 164.197, -69.9572, -146.601
1.032, 1, -57.2184, -12.9862, 33.4763, 164.15, -70.0578, -146.635
1.036, 1, -57.1549, -13.0703, 33.4966, 164.103, -70.1585, -146.668
1.04, 1, -57.0913, -13.1544, 33.5169, 164.055, -70.2592, -146.701
1.044, 1, -57.0277, -13.2385, 33.5372, 164.008, -70.36, -146.734
1.048, 1, -56.9641, -13.3227, 33.5575, 163.961, -70.4608, -146.767
1.052, 1, -56.9005, -13.4069, 33.5779, 163.914, -70.5617, -146.8
1.055, 1, -56.8368, -13.4912, 33.5982, 163.867, -70.6626, -146.834
1.06, 1, -56.7731, -13.5755, 33.6186, 163.82, -70.7635, -146.867
1.064, 1, -56.7094, -13.6598, 33.6389, 163.773, -70.8645, -146.9
1.068, 1, -56.6456, -13.7442, 33.6593, 163.725, -70.9656, -146.933
1.072, 1, -56.5818, -13.8286, 33.6797, 163.678, -71.0667, -146.966
1.076, 1, -56.518, -13.913, 33.7001, 163.631, -71.1678, -147
1.08, 1, -56.4541, -13.9975, 33.7205, 163.583, -71.269, -147.033
1.084, 1, -56.3903, -14.0821, 33.7409, 163.536, -71.3702, -147.066
1.088, 1, -56.3263, -14.1666, 33.7613, 163.489, -71.4715, -147.1
1.091, 1, -56.2624, -14.2512, 33.7817, 163.441, -71.5728, -147.133
1.096, 1, -56.1984, -14.3359, 33.8022, 163.394, -71.6742, -147.166
1.1, 1, -56.1344, -14.4206, 33.8226, 163.347, -71.7756, -147.2
1.104, 1, -56.0704, -14.5053, 33.8431, 163.299, -71.8771, -147.233
1.108, 1, -56.0063, -14.5901, 33.8636, 163.252, -71.9786, -147.266
1.112, 1, -55.9423, -14.6749, 33.884, 163.204, -72.0802, -147.3
1.116, 1, -55.8781, -14.7597, 33.9045, 163.157, -72.1818, -147.333
1.119, 1, -55.814, -14.8446, 33.925, 163.109, -72.2834, -147.367
1.124, 1, -55.7498, -14.9295, 33.9455, 163.062, -72.3851, -147.4
1.128, 1, -55.6856, -15.0145, 33.966, 163.014, -72.4868, -147.434
1.132, 1, -55.6214, -15.0994, 33.9866, 162.967, -72.5886, -147.467
1.136, 1, -55.5571, -15.1845, 34.0071, 162.919, -72.6905, -147.501
1.14, 1, -55.4928, -15.2696, 34.0276, 162.871, -72.7924, -147.534
1.144, 1, -55.4285, -15.3547, 34.0482, 162.824, -72.8943, -147.568
1.147, 1, -55.3642, -15.4398, 34.0687, 162.776, -72.9963, -147.601
1.152, 1, -55.2998, -15.525, 34.0893, 162.728, -73.0983, -147.635
1.156, 1, -55.2354, -15.6102, 34.1099, 162.681, -73.2003, -147.668
1.16, 1, -55.1709, -15.6955, 34.1305, 162.633, -73.3025, -147.702
1.164, 1, -55.1065, -15.7808, 34.1511, 162.585, -73.4046, -147.736
1.168, 1, -55.042, -15.8661, 34.1717, 162.537, -73.5068, -147.769
1.172, 1, -54.9775, -15.9515, 34.1923, 162.489, -73.6091, -147.803
1.175, 1, -54.9129, -16.0369, 34.2129, 162.442, -73.7114, -147.837
1.18, 1, -54.8483, -16.1224, 34.2336, 162.394, -73.8137, -147.87
1.184, 1, -54.7837, -16.2079, 34.2542, 162.346, -73.9161, -147.904
1.188, 1, -54.7191, -16.2934, 34.2749, 162.298, -74.0185, -147.938
1.192, 1, -54.6544, -16.379, 34.2955, 162.25, -74.121, -147.971
1.196, 1, -54.5897, -16.4646, 34.3162, 162.202, -74.2235, -148.005
1.2, 1, -54.525, -16.5502, 34.3369, 162.154, -74.3261, -148.039
1.204, 1, -54.4602, -16.6359, 34.3576, 162.106, -74.4287, -148.072
1.208, 1, -54.3954, -16.7216, 34.3783, 162.058, -74.5314, -148.106
1.212, 1, -54.3306, -16.8074, 34.399, 162.01, -74.6341, -148.14
1.216, 1, -54.2658, -16.8932, 34.4197, 161.962, -74.7368, -148.174
1.22, 1, -54.2009, -16.979, 34.4404, 161.914, -74.8396, -148.208
1.224, 1, -54.136, -17.0649, 34.4612, 161.866, -74.9425, -148.242
1.228, 1, -54.0711, -17.1508, 34.4819, 161.818, -75.0454, -148.275
1.232, 1, -54.0061, -17.2368, 34.5027, 161.77, -75.1483, -148.309
1.236, 1, -53.9411, -17.3228, 34.5234, 161.722, -75.2513, -148.343
1.24, 1, -53.8761, -17.4088, 34.5442, 161.674, -75.3543, -148.377
1.244, 1, -53.8111, -17.4949, 34.565, 161.625, -75.4574, -148.411
1.248, 1, -53.746, -17.581, 34.5858, 161.577, -75.5605, -148.445
1.252, 1, -53.6809, -17.6672, 34.6066, 161.529, -75.6637, -148.479
1.256, 1, -53.6157, -17.7534, 34.6274, 161.481, -75.7669, -148.513
1.26, 1, -53.5506, -17.8396, 34.6482, 161.432, -75.8702, -148.547
1.264, 1, -53.4854, -17.9259, 34.669, 161.384, -75.9735, -148.581
1.267, 1, -53.4202, -18.0122, 34.6899, 161.336, -76.0769, -148.615
1.272, 1, -53.3549, -18.0985, 34.7107, 161.287, -76.1803, -148.649
1.276, 1, -53.2896, -18.1849, 34.7316, 161.239, -76.2837, -148.683
1.28, 1, -53.2243, -18.2713, 34.7525, 161.191, -76.3872, -148.717
1.284, 1, -53.159, -18.3578, 34.7733, 161.142, -76.4908, -148.751
1.288, 1, -53.0936, -18.4443, 34.7942, 161.094, -76.5944, -148.785
1.292, 1, -53.0282, -18.5308, 34.8151, 161.045, -76.698, -148.819
1.295, 1, -52.9628, -18.6174, 34.836, 160.997, -76.8017, -148.853
1.3, 1, -52.8973, -18.704, 34.857, 160.948, -76.9054, -148.887
1.304, 1, -52.8318, -18.7907, 34.8779, 160.9, -77.0092, -148.921
1.308, 1, -52.7663, -18.8774, 34.8988, 160.851, -77.113, -148.956
1.312, 1, -52.7007, -18.9641, 34.9198, 160.803, -77.2169, -148.99
1.316, 1, -52.6352, -19.0509, 34.9407, 160.754, -77.3208, -149.024
1.32, 1, -52.5696, -19.1377, 34.9617, 160.706, -77.4248, -149.058
1.324, 1, -52.5039, -19.2245, 34.9826, 160.657, -77.5288, -149.092
1.328, 1, -52.4383, -19.3114, 35.0036, 160.608, -77.6329, -149.127
1.332, 1, -52.3726, -19.3983, 35.0246, 160.56, -77.737, -149.161
1.336, 1, -52.3068, -19.4853, 35.0456, 160.511, -77.8411, -149.195
1.34, 1, -52.2411, -19.5723, 35.0666, 160.462, -77.9453, -149.229
1.344, 1, -52.1753, -19.6594, 35.0876, 160.414, -78.0496, -149.264
1.348, 1, -52.1095, -19.7464, 35.1087, 160.365, -78.1539, -149.298
1.352, 1, -52.0436, -19.8336, 35.1297, 160.316, -78.2582, -149.332
1.356, 1, -51.9778, -19.9207, 35.1508, 160.267, -78.3626, -149.367
1.36, 1, -51.9119, -20.0079, 35.1718, 160.218, -78.467, -149.401
1.364, 1, -51.8459, -20.0952, 35.1929, 160.17, -78.5715, -149.435
1.368, 1, -51.78, -20.1824, 35.214, 160.121, -78.676, -149.47
1.372, 1, -51.714, -20.2698, 35.235, 160.072, -78.7806, -149.504
1.376, 1, -51.648, -20.3571, 35.2561, 160.023, -78.8852, -149.539
1.38, 1, -51.5819, -20.4445, 35.2772, 159.974, -78.9899, -149.573
1.384, 1, -51.5159, -20.5319, 35.2983, 159.925, -79.0946, -149.607
1.388, 1, -51.4497, -20.6194, 35.3195, 159.876, -79.1993, -149.642
1.392, 1, -51.3836, -20.7069, 35.3406, 159.827, -79.3041, -149.676
1.396, 1, -51.3174, -20.7945, 35.3617, 159.778, -79.409, -149.711
1.4, 1, -51.2513, -20.8821, 35.3829, 159.729, -79.5139, -149.745
1.404, 1, -51.185, -20.9697, 35.4041, 159.68, -79.6188, -149.78
1.408, 1, -51.1188, -21.0574, 35.4252, 159.631, -79.7238, -149.814
1.412, 1, -51.0525, -21.1451, 35.4464, 159.582, -79.8288, -149.849
1.416, 1, -50.9862, -21.2328, 35.4676, 159.533, -79.9339, -149.884
1.42, 1, -50.9198, -21.3206, 35.4888, 159.483, -80.0391, -149.918
1.424, 1, -50.8535, -21.4084, 35.51, 159.434, -80.1442, -149.953
1.428, 1, -50.7871, -21.4963, 35.5312, 159.385, -80.2495, -149.987
1.432, 1, -50.7206, -21.5842, 35.5524, 159.336, -80.3547, -150.022
1.436, 1, -50.6542, -21.6721, 35.5737, 159.287, -80.46, -150.057
1.44, 1, -50.5877, -21.7601, 35.5949, 159.237, -80.5654, -150.091
1.444, 1, -50.5212, -21.8481, 35.6162, 159.188, -80.6708, -150.126
1.448, 1, -50.4546, -21.9362, 35.6374, 159.139, -80.7763, -150.161
1.452, 1, -50.388, -22.0243, 35.6587, 159.09, -80.8818, -150.195
1.456, 1, -50.3214, -22.1124, 35.68, 159.04, -80.9873, -150.23
1.46, 1, -50.2548, -22.2006, 35.7013, 158.991, -81.0929, -150.265
1.464, 1, -50.1881, -22.2888, 35.7226, 158.941, -81.1986, -150.3
1.468, 1, -50.1214, -22.377, 35.7439, 158.892, -81.3043, -150.334
1.472, 1, -50.0547, -22.4653, 35.7652, 158.843, -81.41, -150.369
1.476, 1, -49.988, -22.5537, 35.7865, 158.793, -81.5158, -150.404
1.48, 1, -49.9212, -22.642, 35.8079, 158.744, -81.6216, -150.439
1.484, 1, -49.8544, -22.7304, 35.8292, 158.694, -81.7275, -150.474
1.488, 1, -49.7875, -22.8189, 35.8506, 158.645, -81.8334, -150.508
1.492, 1, -49.7207, -22.9074, 35.8719, 158.595, -81.9394, -150.543
1.496, 1, -49.6538, -22.9959, 35.8933, 158.546, -82.0454, -150.578
1.5, 1, -49.5868, -23.0845, 35.9147, 158.496, -82.1514, -150.613
1.504, 1, -49.5199, -23.1731, 35.9361, 158.446, -82.2576, -150.648
1.508, 1, -49.4529, -23.2617, 35.9575, 158.397, -82.3637, -150.683
1.512, 1, -49.3859, -23.3504, 35.9789, 158.347, -82.4699, -150.718
1.516, 1, -49.3188, -23.4391, 36.0003, 158.297, -82.5762, -150.753
1.52, 1, -49.2517, -23.5278, 36.0218, 158.248, -82.6824, -150.788
1.524, 1, -49.1846, -23.6166, 36.0432, 158.198, -82.7888, -150.823
1.528, 1, -49.1175, -23.7055, 36.0647, 158.148, -82.8952, -150.858
1.532, 1, -49.0503, -23.7944, 36.0861, 158.099, -83.0016, -150.893
1.536, 1, -48.9831, -23.8833, 36.1076, 158.049, -83.1081, -150.928
1.54, 1, -48.9159, -23.9722, 36.1291, 157.999, -83.2146, -150.963
1.544, 1, -48.8487, -24.0612, 36.1506, 157.949, -83.3212, -150.998
1.548, 1, -48.7814, -24.1502, 36.1721, 157.899, -83.4278, -151.033
1.552, 1, -48.7141, -24.2393, 36.1936, 157.849, -83.5345, -151.068
1.556, 1, -48.6467, -24.3284, 36.2151, 157.799, -83.6412, -151.103
1.56, 1, -48.5793, -24.4176, 36.2366, 157.75, -83.748, -151.138
1.564, 1, -48.5119, -24.5067, 36.2582, 157.7, -83.8548, -151.173
1.568, 1, -48.4445, -24.596, 36.2797, 157.65, -83.9616, -151.209
1.572, 1, -48.3771, -24.6852, 36.3013, 157.6, -84.0685, -151.244
1.576, 1, -48.3096, -24.7745, 36.3228, 157.55, -84.1755, -151.279
1.58, 1, -48.242, -24.8639, 36.3444, 157.5, -84.2825, -151.314
1.584, 1, -48.1745, -24.9533, 36.366, 157.45, -84.3895, -151.349
1.588, 1, -48.1069, -25.0427, 36.3876, 157.4, -84.4966, -151.385
1.592, 1, -48.0393, -25.1322, 36.4092, 157.35, -84.6037, -151.42
1.596, 1, -47.9717, -25.2217, 36.4308, 157.299, -84.7109, -151.455
1.6, 1, -47.904, -25.3112, 36.4524, 157.249, -84.8182, -151.49
1.604, 1, -47.8363, -25.4008, 36.474, 157.199, -84.9254, -151.526
1.608, 1, -47.7686, -25.4904, 36.4957, 157.149, -85.0328, -151.561
1.612, 1, -47.7008, -25.5801, 36.5173, 157.099, -85.1402, -151.596
1.616, 1, -47.633, -25.6698, 36.539, 157.049, -85.2476, -151.632
1.62, 1, -47.5652, -25.7595, 36.5607, 156.998, -85.3551, -151.667
1.624, 1, -47.4973, -25.8493, 36.5823, 156.948, -85.4626, -151.702
1.628, 1, -47.4294, -25.9391, 36.604, 156.898, -85.5702, -151.738
1.632, 1, -47.3615, -26.029, 36.6257, 156.847, -85.6778, -151.773
1.636, 1, -47.2936, -26.1189, 36.6474, 156.797, -85.7854, -151.809
1.64, 1, -47.2256, -26.2088, 36.6692, 156.747, -85.8931, -151.844
1.644, 1, -47.1576, -26.2988, 36.6909, 156.696, -86.0009, -151.88
1.648, 1, -47.0896, -26.3888, 36.7126, 156.646, -86.1087, -151.915
1.652, 1, -47.0215, -26.4789, 36.7344, 156.596, -86.2166, -151.95
1.656, 1, -46.9534, -26.569, 36.7561, 156.545, -86.3245, -151.986
1.66, 1, -46.8853, -26.6591, 36.7779, 156.495, -86.4324, -152.021
1.664, 1, -46.8171, -26.7493, 36.7997, 156.444, -86.5405, -152.057
1.668, 1, -46.7489, -26.8396, 36.8215, 156.394, -86.6485, -152.093
1.672, 1, -46.6807, -26.9298, 36.8433, 156.343, -86.7566, -152.128
1.676, 1, -46.6125, -27.0201, 36.8651, 156.293, -86.8648, -152.164
1.68, 1, -46.5442, -27.1105, 36.8869, 156.242, -86.973, -152.199
1.684, 1, -46.4759, -27.2009, 36.9087, 156.191, -87.0812, -152.235
1.688, 1, -46.4075, -27.2913, 36.9305, 156.141, -87.1895, -152.271
1.692, 1, -46.3392, -27.3818, 36.9524, 156.09, -87.2979, -152.306
1.696, 1, -46.2708, -27.4723, 36.9742, 156.039, -87.4063, -152.342
1.7, 1, -46.2023, -27.5628, 36.9961, 155.989, -87.5147, -152.378
1.704, 1, -46.1339, -27.6534, 37.018, 155.938, -87.6232, -152.413
1.708, 1, -46.0654, -27.7441, 37.0399, 155.887, -87.7317, -152.449
1.712, 1, -45.9968, -27.8347, 37.0618, 155.836, -87.8403, -152.485
1.716, 1, -45.9283, -27.9255, 37.0837, 155.786, -87.949, -152.52
1.72, 1, -45.8597, -28.0162, 37.1056, 155.735, -88.0577, -152.556
1.724, 1, -45.7911, -28.107, 37.1275, 155.684, -88.1664, -152.592
1.728, 1, -45.7224, -28.1979, 37.1495, 155.633, -88.2752, -152.628
1.732, 1, -45.6537, -28.2887, 37.1714, 155.582, -88.384, -152.664
1.736, 1, -45.585, -28.3797, 37.1934, 155.531, -88.4929, -152.699
1.74, 1, -45.5163, -28.4706, 37.2153, 155.48, -88.6019, -152.735
1.744, 1, -45.4475, -28.5616, 37.2373, 155.429, -88.7109, -152.771
1.748, 1, -45.3787, -28.6527, 37.2593, 155.378, -88.8199, -152.807
1.752, 1, -45.3098, -28.7438, 37.2813, 155.327, -88.929, -152.843
1.756, 1, -45.241, -28.8349, 37.3033, 155.276, -89.0381, -152.879
1.76, 1, -45.1721, -28.9261, 37.3253, 155.225, -89.1473, -152.915
1.764, 1, -45.1031, -29.0173, 37.3473, 155.174, -89.2565, -152.951
1.768, 1, -45.0342, -29.1085, 37.3694, 155.123, -89.3658, -152.987
1.772, 1, -44.9652, -29.1998, 37.3914, 155.072, -89.4752, -153.022
1.776, 1, -44.8961, -29.2912, 37.4135, 155.021, -89.5845, -153.058
1.78, 1, -44.8271, -29.3826, 37.4355, 154.97, -89.694, -153.094
1.784, 1, -44.758, -29.474, 37.4576, 154.919, -89.8035, -153.13
1.788, 1, -44.6889, -29.5654, 37.4797, 154.867, -89.913, -153.167
1.792, 1, -44.6197, -29.6569, 37.5018, 154.816, -90.0226, -153.203
1.796, 1, -44.5505, -29.7485, 37.5239, 154.765, -90.1322, -153.239
1.8, 1, -44.4813, -29.8401, 37.546, 154.714, -90.2419, -153.275
1.804, 1, -44.4121, -29.9317, 37.5681, 154.662, -90.3516, -153.311
1.808, 1, -44.3428, -30.0234, 37.5903, 154.611, -90.4614, -153.347
1.812, 1, -44.2735, -30.1151, 37.6124, 154.56, -90.5713, -153.383
1.816, 1, -44.2041, -30.2069, 37.6346, 154.508, -90.6812, -153.419
1.82, 1, -44.1347, -30.2987, 37.6567, 154.457, -90.7911, -153.455
1.824, 1, -44.0653, -30.3905, 37.6789, 154.406, -90.9011, -153.492
1.828, 1, -43.9959, -30.4824, 37.7011, 154.354, -91.0111, -153.528
1.832, 1, -43.9264, -30.5743, 37.7233, 154.303, -91.1212, -153.564
1.836, 1, -43.8569, -30.6663, 37.7455, 154.251, -91.2314, -153.6
1.84, 1, -43.7874, -30.7583, 37.7677, 154.2, -91.3416, -153.636
1.844, 1, -43.7178, -30.8503, 37.79, 154.148, -91.4518, -153.673
1.848, 1, -43.6482, -30.9424, 37.8122, 154.097, -91.5621, -153.709
1.852, 1, -43.5786, -31.0346, 37.8344, 154.045, -91.6724, -153.745
1.856, 1, -43.5089, -31.1268, 37.8567, 153.993, -91.7828, -153.782
1.86, 1, -43.4392, -31.219, 37.879, 153.942, -91.8933, -153.818
1.864, 1, -43.3695, -31.3113, 37.9013, 153.89, -92.0038, -153.854
1.868, 1, -43.2997, -31.4036, 37.9235, 153.838, -92.1143, -153.891
1.872, 1, -43.2299, -31.4959, 37.9459, 153.787, -92.2249, -153.927
1.876, 1, -43.1601, -31.5883, 37.9682, 153.735, -92.3356, -153.964
1.88, 1, -43.0902, -31.6807, 37.9905, 153.683, -92.4463, -154
1.884, 1, -43.0203, -31.7732, 38.0128, 153.631, -92.557, -154.036
1.888, 1, -42.9504, -31.8657, 38.0352, 153.58, -92.6678, -154.073
1.892, 1, -42.8805, -31.9583, 38.0575, 153.528, -92.7787, -154.109
1.896, 1, -42.8105, -32.0509, 38.0799, 153.476, -92.8896, -154.146
1.9, 1, -42.7404, -32.1436, 38.1022, 153.424, -93.0006, -154.182
1.904, 1, -42.6704, -32.2363, 38.1246, 153.372, -93.1116, -154.219
1.908, 1, -42.6003, -32.329, 38.147, 153.32, -93.2226, -154.255
1.912, 1, -42.5302, -32.4218, 38.1694, 153.268, -93.3337, -154.292
1.916, 1, -42.46, -32.5146, 38.1918, 153.216, -93.4449, -154.328
1.92, 1, -42.3899, -32.6075, 38.2143, 153.164, -93.5561, -154.365
1.924, 1, -42.3196, -32.7004, 38.2367, 153.112, -93.6674, -154.402
1.928, 1, -42.2494, -32.7934, 38.2591, 153.06, -93.7787, -154.438
1.932, 1, -42.1791, -32.8864, 38.2816, 153.008, -93.8901, -154.475
1.936, 1, -42.1088, -32.9794, 38.3041, 152.956, -94.0015, -154.512
1.94, 1, -42.0384, -33.0725, 38.3265, 152.904, -94.113, -154.548
1.944, 1, -41.968, -33.1656, 38.349, 152.852, -94.2245, -154.585
1.948, 1, -41.8976, -33.2588, 38.3715, 152.8, -94.3361, -154.622
1.952, 1, -41.8272, -33.352, 38.394, 152.748, -94.4478, -154.658
1.956, 1, -41.7567, -33.4453, 38.4166, 152.695, -94.5595, -154.695
1.96, 1, -41.6862, -33.5386, 38.4391, 152.643, -94.6712, -154.732
1.964, 1, -41.6156, -33.632, 38.4616, 152.591, -94.783, -154.769
1.968, 1, -41.545, -33.7253, 38.4842, 152.538, -94.8948, -154.805
1.972, 1, -41.4744, -33.8188, 38.5068, 152.486, -95.0068, -154.842
1.976, 1, -41.4038, -33.9123, 38.5293, 152.434, -95.1187, -154.879
1.98, 1, -41.3331, -34.0058, 38.5519, 152.381, -95.2307, -154.916
1.984, 1, -41.2623, -34.0994, 38.5745, 152.329, -95.3428, -154.953
1.988, 1, -41.1916, -34.193, 38.5971, 152.277, -95.4549, -154.99
1.992, 1, -41.1208, -34.2867, 38.6197, 152.224, -95.5671, -155.027
1.996, 1, -41.05, -34.3804, 38.6424, 152.172, -95.6794, -155.064
1.999, 1, -40.9791, -34.4742, 38.665, 152.119, -95.7916, -155.1
2.004, 1, -40.9082, -34.568, 38.6877, 152.067, -95.904, -155.137
2.008, 1, -40.8373, -34.6618, 38.7103, 152.014, -96.0164, -155.174
2.012, 1, -40.7663, -34.7557, 38.733, 151.962, -96.1288, -155.211
2.015, 1, -40.6953, -34.8497, 38.7557, 151.909, -96.2413, -155.248
2.019, 1, -40.6243, -34.9437, 38.7784, 151.856, -96.3539, -155.285
2.024, 1, -40.5532, -35.0377, 38.8011, 151.804, -96.4665, -155.322
2.028, 1, -40.4821, -35.1318, 38.8238, 151.751, -96.5792, -155.36
2.031, 1, -40.411, -35.2259, 38.8465, 151.698, -96.6919, -155.397
2.036, 1, -40.3398, -35.3201, 38.8693, 151.646, -96.8047, -155.434
2.04, 1, -40.2686, -35.4143, 38.892, 151.593, -96.9175, -155.471
2.044, 1, -40.1974, -35.5086, 38.9148, 151.54, -97.0304, -155.508
2.048, 1, -40.1261, -35.6029, 38.9376, 151.487, -97.1434, -155.545
2.051, 1, -40.0548, -35.6973, 38.9604, 151.435, -97.2564, -155.582
2.055, 1, -39.9834, -35.7917, 38.9832, 151.382, -97.3694, -155.62
2.06, 1, -39.9121, -35.8861, 39.006, 151.329, -97.4825, -155.657
2.064, 1, -39.8406, -35.9806, 39.0288, 151.276, -97.5957, -155.694
2.068, 1, -39.7692, -36.0752, 39.0516, 151.223, -97.7089, -155.731
2.071, 1, -39.6977, -36.1697, 39.0745, 151.17, -97.8222, -155.769
2.076, 1, -39.6262, -36.2644, 39.0973, 151.117, -97.9356, -155.806
2.08, 1, -39.5546, -36.3591, 39.1202, 151.064, -98.049, -155.843
2.084, 1, -39.483, -36.4538, 39.1431, 151.011, -98.1624, -155.88
2.087, 1, -39.4114, -36.5486, 39.1659, 150.958, -98.2759, -155.918
2.092, 1, -39.3397, -36.6434, 39.1888, 150.905, -98.3895, -155.955
2.096, 1, -39.268, -36.7383, 39.2118, 150.852, -98.5031, -155.993
2.1, 1, -39.1963, -36.8332, 39.2347, 150.799, -98.6168, -156.03
2.104, 1, -39.1245, -36.9282, 39.2576, 150.745, -98.7305, -156.067
2.107, 1, -39.0527, -37.0232, 39.2806, 150.692, -98.8443, -156.105
2.111, 1, -38.9809, -37.1183, 39.3035, 150.639, -98.9582, -156.142
2.116, 1, -38.909, -37.2134, 39.3265, 150.586, -99.0721, -156.18
2.12, 1, -38.8371, -37.3086, 39.3495, 150.532, -99.186, -156.217
2.124, 1, -38.7651, -37.4038, 39.3724, 150.479, -99.3001, -156.255
2.127, 1, -38.6931, -37.499, 39.3954, 150.426, -99.4141, -156.292
2.132, 1, -38.6211, -37.5943, 39.4185, 150.372, -99.5283, -156.33
2.136, 1, -38.549, -37.6897, 39.4415, 150.319, -99.6425, -156.367
2.14, 1, -38.4769, -37.7851, 39.4645, 150.266, -99.7567, -156.405
2.143, 1, -38.4048, -37.8805, 39.4876, 150.212, -99.871, -156.443
2.148, 1, -38.3326, -37.976, 39.5106, 150.159, -99.9854, -156.48
2.152, 1, -38.2604, -38.0716, 39.5337, 150.105, -100.1, -156.518
2.156, 1, -38.1882, -38.1672, 39.5568, 150.052, -100.214, -156.555
2.16, 1, -38.1159, -38.2628, 39.5799, 149.998, -100.329, -156.593
2.163, 1, -38.0436, -38.3585, 39.603, 149.945, -100.443, -156.631
2.168, 1, -37.9712, -38.4543, 39.6261, 149.891, -100.558, -156.669
2.172, 1, -37.8988, -38.55, 39.6492, 149.837, -100.673, -156.706
2.176, 1, -37.8264, -38.6459, 39.6724, 149.784, -100.788, -156.744
2.179, 1, -37.7539, -38.7418, 39.6955, 149.73, -100.902, -156.782
2.184, 1, -37.6814, -38.8377, 39.7187, 149.676, -101.017, -156.82
2.188, 1, -37.6089, -38.9337, 39.7419, 149.623, -101.132, -156.857
2.192, 1, -37.5363, -39.0297, 39.7651, 149.569, -101.247, -156.895
2.196, 1, -37.4637, -39.1258, 39.7883, 149.515, -101.362, -156.933
2.199, 1, -37.391, -39.222, 39.8115, 149.461, -101.478, -156.971
2.204, 1, -37.3183, -39.3181, 39.8347, 149.407, -101.593, -157.009
2.208, 1, -37.2456, -39.4144, 39.858, 149.353, -101.708, -157.047
2.212, 1, -37.1729, -39.5107, 39.8812, 149.3, -101.823, -157.085
2.216, 1, -37.1, -39.607, 39.9045, 149.246, -101.939, -157.123
2.219, 1, -37.0272, -39.7034, 39.9277, 149.192, -102.054, -157.161
2.224, 1, -36.9543, -39.7998, 39.951, 149.138, -102.17, -157.199
2.228, 1, -36.8814, -39.8963, 39.9743, 149.084, -102.285, -157.237
2.232, 1, -36.8085, -39.9928, 39.9976, 149.03, -102.401, -157.275
2.235, 1, -36.7355, -40.0894, 40.021, 148.975, -102.516, -157.313
2.24, 1, -36.6624, -40.1861, 40.0443, 148.921, -102.632, -157.351
2.244, 1, -36.5894, -40.2827, 40.0676, 148.867, -102.748, -157.389
2.248, 1, -36.5163, -40.3795, 40.091, 148.813, -102.864, -157.427
2.252, 1, -36.4431, -40.4763, 40.1144, 148.759, -102.98, -157.465
2.255, 1, -36.3699, -40.5731, 40.1378, 148.705, -103.096, -157.503
2.259, 1, -36.2967, -40.67, 40.1612, 148.65, -103.212, -157.542
2.264, 1, -36.2234, -40.7669, 40.1846, 148.596, -103.328, -157.58
2.268, 1, -36.1501, -40.8639, 40.208, 148.542, -103.444, -157.618
2.272, 1, -36.0768, -40.961, 40.2314, 148.488, -103.56, -157.656
2.275, 1, -36.0034, -41.0581, 40.2549, 148.433, -103.676, -157.694
2.28, 1, -35.93, -41.1552, 40.2783, 148.379, -103.793, -157.733
2.284, 1, -35.8566, -41.2524, 40.3018, 148.324, -103.909, -157.771
2.288, 1, -35.7831, -41.3497, 40.3253, 148.27, -104.026, -157.809
2.291, 1, -35.7095, -41.447, 40.3488, 148.215, -104.142, -157.848
2.296, 1, -35.6359, -41.5443, 40.3723, 148.161, -104.259, -157.886
2.3, 1, -35.5623, -41.6418, 40.3958, 148.106, -104.375, -157.924
2.304, 1, -35.4887, -41.7392, 40.4194, 148.052, -104.492, -157.963
2.308, 1, -35.415, -41.8367, 40.4429, 147.997, -104.609, -158.001
2.311, 1, -35.3413, -41.9343, 40.4665, 147.943, -104.726, -158.04
2.316, 1, -35.2675, -42.0319, 40.49, 147.888, -104.843, -158.078
2.32, 1, -35.1937, -42.1296, 40.5136, 147.833, -104.96, -158.117
2.324, 1, -35.1198, -42.2273, 40.5372, 147.779, -105.077, -158.155
2.328, 1, -35.0459, -42.3251, 40.5608, 147.724, -105.194, -158.194
2.331, 1, -34.972, -42.4229, 40.5845, 147.669, -105.311, -158.232
2.336, 1, -34.898, -42.5208, 40.6081, 147.614, -105.428, -158.271
2.34, 1, -34.824, -42.6188, 40.6317, 147.559, -105.545, -158.309
2.344, 1, -34.7499, -42.7168, 40.6554, 147.505, -105.663, -158.348
2.347, 1, -34.6758, -42.8148, 40.6791, 147.45, -105.78, -158.387
2.352, 1, -34.6017, -42.9129, 40.7028, 147.395, -105.898, -158.425
2.356, 1, -34.5275, -43.0111, 40.7265, 147.34, -106.015, -158.464
2.36, 1, -34.4533, -43.1093, 40.7502, 147.285, -106.133, -158.503
2.364, 1, -34.3791, -43.2076, 40.7739, 147.23, -106.251, -158.541
2.367, 1, -34.3048, -43.3059, 40.7977, 147.175, -106.368, -158.58
2.372, 1, -34.2304, -43.4043, 40.8214, 147.12, -106.486, -158.619
2.376, 1, -34.156, -43.5027, 40.8452, 147.065, -106.604, -158.658
2.38, 1, -34.0816, -43.6012, 40.869, 147.009, -106.722, -158.696
2.383, 1, -34.0071, -43.6997, 40.8928, 146.954, -106.84, -158.735
2.388, 1, -33.9326, -43.7983, 40.9166, 146.899, -106.958, -158.774
2.392, 1, -33.8581, -43.8969, 40.9404, 146.844, -107.076, -158.813
2.396, 1, -33.7835, -43.9957, 40.9642, 146.789, -107.194, -158.852
2.4, 1, -33.7089, -44.0944, 40.9881, 146.733, -107.313, -158.891
2.403, 1, -33.6342, -44.1932, 41.0119, 146.678, -107.431, -158.93
2.409, 1, -33.5595, -44.2921, 41.0358, 146.623, -107.549, -158.969
2.414, 1, -33.4847, -44.391, 41.0597, 146.567, -107.668, -159.008
2.418, 1, -33.4099, -44.49, 41.0836, 146.512, -107.786, -159.047
2.42, 1, -33.3351, -44.589, 41.1075, 146.456, -107.905, -159.086
2.423, 1, -33.2602, -44.6881, 41.1315, 146.401, -108.024, -159.125
2.428, 1, -33.1853, -44.7873, 41.1554, 146.345, -108.142, -159.164
2.432, 1, -33.1103, -44.8865, 41.1793, 146.29, -108.261, -159.203
2.436, 1, -33.0353, -44.9857, 41.2033, 146.234, -108.38, -159.242
2.439, 1, -32.9603, -45.085, 41.2273, 146.179, -108.499, -159.281
2.444, 1, -32.8852, -45.1844, 41.2513, 146.123, -108.618, -159.32
2.448, 1, -32.81, -45.2838, 41.2753, 146.067, -108.737, -159.359
2.452, 1, -32.7348, -45.3833, 41.2993, 146.012, -108.856, -159.398
2.456, 1, -32.6596, -45.4829, 41.3234, 145.956, -108.975, -159.438
2.46, 1, -32.5844, -45.5825, 41.3474, 145.9, -109.095, -159.477
2.464, 1, -32.5091, -45.6821, 41.3715, 145.844, -109.214, -159.516
2.468, 1, -32.4337, -45.7818, 41.3956, 145.789, -109.333, -159.555
2.472, 1, -32.3583, -45.8816, 41.4196, 145.733, -109.453, -159.595
2.476, 1, -32.2829, -45.9814, 41.4438, 145.677, -109.572, -159.634
2.479, 1, -32.2074, -46.0813, 41.4679, 145.621, -109.692, -159.673
2.484, 1, -32.1319, -46.1812, 41.492, 145.565, -109.812, -159.713
2.488, 1, -32.0563, -46.2812, 41.5162, 145.509, -109.932, -159.752
2.492, 1, -31.9807, -46.3813, 41.5403, 145.453, -110.051, -159.792
2.495, 1, -31.905, -46.4814, 41.5645, 145.397, -110.171, -159.831
2.5, 1, -31.8294, -46.5816, 41.5887, 145.341, -110.291, -159.871
2.505, 1, -31.7536, -46.6818, 41.6129, 145.285, -110.411, -159.91
2.51, 1, -31.6779, -46.7819, 41.6371, 145.229, -110.531, -159.95
2.514, 1, -31.6023, -46.882, 41.6613, 145.172, -110.651, -159.989
2.516, 1, -31.5269, -46.9819, 41.6856, 145.116, -110.772, -160.029
2.52, 1, -31.4517, -47.0816, 41.7099, 145.06, -110.892, -160.068
2.524, 1, -31.3768, -47.1809, 41.7341, 145.004, -111.012, -160.108
2.528, 1, -31.3023, -47.2797, 41.7584, 144.948, -111.132, -160.147
2.532, 1, -31.2282, -47.3779, 41.7826, 144.892, -111.251, -160.186
2.535, 1, -31.1546, -47.4755, 41.8067, 144.836, -111.37, -160.226
2.54, 1, -31.0814, -47.5723, 41.8308, 144.781, -111.489, -160.265
2.544, 1, -31.009, -47.668, 41.8547, 144.726, -111.606, -160.303
2.548, 1, -30.9375, -47.7623, 41.8783, 144.671, -111.723, -160.342
2.551, 1, -30.8671, -47.8549, 41.9018, 144.617, -111.838, -160.38
2.556, 1, -30.7981, -47.9454, 41.925, 144.564, -111.951, -160.417
2.56, 1, -30.7307, -48.0336, 41.9478, 144.512, -112.062, -160.454
2.564, 1, -30.6651, -48.1193, 41.9701, 144.461, -112.171, -160.489
2.568, 1, -30.6015, -48.2021, 41.992, 144.412, -112.276, -160.524
2.571, 1, -30.5402, -48.2818, 42.0133, 144.364, -112.377, -160.558
2.577, 1, -30.4815, -48.3583, 42.0338, 144.318, -112.475, -160.59
2.582, 1, -30.4256, -48.4312, 42.0537, 144.274, -112.568, -160.621
2.586, 1, -30.3727, -48.5005, 42.0728, 144.232, -112.655, -160.65
2.588, 1, -30.323, -48.5659, 42.0911, 144.192, -112.737, -160.678
2.591, 1, -30.2768, -48.6273, 42.1087, 144.155, -112.812, -160.704
2.596, 1, -30.2342, -48.6846, 42.1255, 144.12, -112.881, -160.728
2.601, 1, -30.1953, -48.7377, 42.1416, 144.088, -112.943, -160.75
2.606, 1, -30.1605, -48.7864, 42.1572, 144.058, -112.999, -160.771
2.61, 2, -30.1299, -48.8303, 42.1724, 144.031, -113.047, -160.789
2.612, 2, -30.1036, -48.8694, 42.1873, 144.005, -113.088, -160.806
2.616, 2, -30.0819, -48.9035, 42.202, 143.982, -113.122, -160.821
2.62, 2, -30.0647, -48.9326, 42.2169, 143.96, -113.148, -160.835
2.624, 2, -30.0521, -48.9566, 42.232, 143.94, -113.167, -160.847
2.628, 2, -30.0444, -48.9755, 42.2475, 143.922, -113.179, -160.858
2.632, 2, -30.0414, -48.9892, 42.2636, 143.905, -113.184, -160.868
2.636, 2, -30.0434, -48.9977, 42.2805, 143.889, -113.181, -160.876
2.64, 2, -30.0504, -49.001, 42.2982, 143.874, -113.171, -160.883
2.643, 2, -30.0624, -48.9991, 42.317, 143.861, -113.153, -160.889
2.648, 2, -30.0795, -48.9923, 42.3369, 143.848, -113.127, -160.893
2.652, 2, -30.1015, -48.9808, 42.3579, 143.836, -113.093, -160.897
2.656, 2, -30.1285, -48.9647, 42.3803, 143.824, -113.051, -160.899
2.66, 2, -30.1602, -48.9444, 42.4039, 143.814, -113, -160.901
2.663, 2, -30.1965, -48.9201, 42.4289, 143.804, -112.941, -160.901
2.668, 2, -30.2375, -48.8919, 42.4552, 143.794, -112.874, -160.899
2.672, 2, -30.2828, -48.8599, 42.4829, 143.785, -112.799, -160.897
2.676, 2, -30.3322, -48.8243, 42.5121, 143.777, -112.717, -160.894
2.679, 2, -30.3856, -48.7852, 42.5426, 143.768, -112.627, -160.89
2.684, 2, -30.4426, -48.7426, 42.5745, 143.76, -112.531, -160.885
2.688, 2, -30.503, -48.6969, 42.6076, 143.751, -112.428, -160.879
2.692, 2, -30.5664, -48.648, 42.642, 143.743, -112.32, -160.872
2.696, 2, -30.6323, -48.5964, 42.6775, 143.734, -112.208, -160.865
2.7, 2, -30.7004, -48.5422, 42.714, 143.725, -112.092, -160.856
2.704, 2, -30.7703, -48.4856, 42.7513, 143.716, -111.972, -160.848
2.708, 2, -30.8417, -48.4269, 42.7893, 143.707, -111.849, -160.838
2.712, 2, -30.9144, -48.3663, 42.828, 143.698, -111.725, -160.828
2.716, 2, -30.9882, -48.3039, 42.8671, 143.689, -111.599, -160.818
2.719, 2, -31.0628, -48.24, 42.9066, 143.68, -111.471, -160.807
2.724, 2, -31.1383, -48.1747, 42.9463, 143.67, -111.343, -160.796
2.728, 2, -31.2142, -48.1082, 42.9861, 143.661, -111.214, -160.784
2.732, 2, -31.2905, -48.0408, 43.0261, 143.651, -111.085, -160.772
2.735, 2, -31.3669, -47.9727, 43.066, 143.642, -110.956, -160.759
2.74, 2, -31.4433, -47.9039, 43.1058, 143.632, -110.827, -160.746
2.745, 2, -31.5195, -47.8347, 43.1455, 143.622, -110.698, -160.732
2.75, 2, -31.5956, -47.765, 43.1851, 143.613, -110.568, -160.718
2.754, 2, -31.6714, -47.6949, 43.2245, 143.603, -110.439, -160.704
2.756, 2, -31.747, -47.6245, 43.2638, 143.593, -110.31, -160.689
2.76, 2, -31.8222, -47.5538, 43.3029, 143.583, -110.181, -160.674
2.764, 2, -31.8972, -47.4827, 43.3418, 143.573, -110.052, -160.659
2.768, 2, -31.9719, -47.4114, 43.3805, 143.563, -109.923, -160.643
2.772, 2, -32.0462, -47.3397, 43.419, 143.553, -109.794, -160.626
2.775, 2, -32.1203, -47.2677, 43.4574, 143.543, -109.665, -160.61
2.78, 2, -32.194, -47.1955, 43.4956, 143.533, -109.537, -160.593
2.784, 2, -32.2674, -47.123, 43.5335, 143.523, -109.409, -160.575
2.788, 2, -32.3405, -47.0501, 43.5713, 143.513, -109.28, -160.557
2.791, 2, -32.4133, -46.977, 43.6089, 143.503, -109.152, -160.539
2.796, 2, -32.4858, -46.9037, 43.6463, 143.492, -109.024, -160.52
2.8, 2, -32.558, -46.83, 43.6834, 143.482, -108.896, -160.501
2.804, 2, -32.6298, -46.756, 43.7204, 143.471, -108.768, -160.482
2.808, 2, -32.7014, -46.6818, 43.7572, 143.461, -108.64, -160.462
2.811, 2, -32.7726, -46.6073, 43.7938, 143.451, -108.513, -160.442
2.816, 2, -32.8436, -46.5325, 43.8302, 143.44, -108.385, -160.422
2.82, 2, -32.9142, -46.4574, 43.8665, 143.429, -108.258, -160.401
2.824, 2, -32.9845, -46.382, 43.9025, 143.419, -108.131, -160.38
2.828, 2, -33.0544, -46.3064, 43.9383, 143.408, -108.003, -160.358
2.831, 2, -33.1239, -46.2305, 43.974, 143.397, -107.876, -160.337
2.836, 2, -33.193, -46.1543, 44.0095, 143.386, -107.75, -160.314
2.84, 2, -33.2616, -46.0779, 44.0449, 143.375, -107.623, -160.292
2.844, 2, -33.3296, -46.0012, 44.0802, 143.364, -107.496, -160.269
2.847, 3, -33.397, -45.9242, 44.1154, 143.353, -107.37, -160.246
2.852, 3, -33.4638, -45.847, 44.1505, 143.341, -107.243, -160.224
2.856, 3, -33.5298, -45.7696, 44.1857, 143.329, -107.117, -160.201
2.86, 3, -33.5951, -45.6919, 44.2209, 143.317, -106.992, -160.178
2.865, 3, -33.6593, -45.6141, 44.2562, 143.304, -106.866, -160.155
2.87, 4, -33.7226, -45.536, 44.2916, 143.29, -106.741, -160.133
2.874, 4, -33.7847, -45.4577, 44.3272, 143.276, -106.616, -160.112
2.876, 4, -33.8456, -45.3792, 44.3631, 143.261, -106.491, -160.09
2.88, 4, -33.9052, -45.3006, 44.3992, 143.245, -106.367, -160.07
2.883, 4, -33.9633, -45.2218, 44.4356, 143.228, -106.243, -160.05
2.888, 5, -34.02, -45.1428, 44.4725, 143.211, -106.119, -160.031
2.892, 5, -34.0752, -45.0637, 44.5097, 143.192, -105.996, -160.013
2.896, 5, -34.1288, -44.9844, 44.5473, 143.172, -105.873, -159.996
2.9, 5, -34.1807, -44.905, 44.5854, 143.151, -105.751, -159.981
2.903, 5, -34.2309, -44.8255, 44.6239, 143.129, -105.629, -159.966
2.908, 6, -34.2795, -44.7458, 44.6629, 143.106, -105.508, -159.952
2.912, 6, -34.3262, -44.666, 44.7025, 143.082, -105.387, -159.939
2.916, 6, -34.3713, -44.586, 44.7425, 143.056, -105.266, -159.927
2.92, 6, -34.4146, -44.506, 44.783, 143.029, -105.146, -159.916
2.923, 6, -34.4562, -44.4258, 44.8241, 143.001, -105.027, -159.907
2.928, 6, -34.496, -44.3455, 44.8657, 142.972, -104.907, -159.898
2.932, 7, -34.5341, -44.265, 44.9078, 142.941, -104.788, -159.891
2.936, 7, -34.5705, -44.1845, 44.9504, 142.91, -104.67, -159.884
2.94, 7, -34.6052, -44.1038, 44.9936, 142.877, -104.552, -159.879
2.944, 7, -34.6382, -44.023, 45.0373, 142.843, -104.435, -159.874
2.948, 7, -34.6695, -43.942, 45.0815, 142.807, -104.317, -159.871
2.952, 8, -34.6991, -43.861, 45.1262, 142.771, -104.201, -159.869
2.956, 8, -34.7271, -43.7798, 45.1715, 142.733, -104.084, -159.868
2.959, 8, -34.7534, -43.6985, 45.2174, 142.694, -103.968, -159.867
2.964, 8, -34.778, -43.617, 45.2637, 142.653, -103.853, -159.868
2.968, 8, -34.8011, -43.5355, 45.3107, 142.612, -103.738, -159.87
2.972, 9, -34.8225, -43.4538, 45.3581, 142.569, -103.623, -159.873
2.976, 9, -34.8423, -43.3719, 45.4061, 142.525, -103.509, -159.877
2.98, 9, -34.8605, -43.29, 45.4547, 142.48, -103.395, -159.882
2.985, 9, -34.8772, -43.2079, 45.5038, 142.433, -103.281, -159.887
2.989, 9, -34.8923, -43.1257, 45.5535, 142.385, -103.168, -159.894
2.993, 10, -34.9058, -43.0433, 45.6037, 142.336, -103.056, -159.902
2.996, 10, -34.9178, -42.9608, 45.6545, 142.286, -102.943, -159.911
3, 10, -34.9283, -42.8782, 45.7058, 142.234, -102.831, -159.921
3.004, 10, -34.9372, -42.7954, 45.7577, 142.182, -102.72, -159.932
3.008, 10, -34.9447, -42.7125, 45.8102, 142.127, -102.608, -159.943
3.012, 11, -34.9507, -42.6294, 45.8632, 142.072, -102.498, -159.956
3.015, 11, -34.9552, -42.5462, 45.9168, 142.015, -102.387, -159.97
3.02, 11, -34.9582, -42.4629, 45.9709, 141.958, -102.277, -159.985
3.024, 11, -34.9599, -42.3794, 46.0257, 141.898, -102.167, -160
3.028, 11, -34.96, -42.2958, 46.0809, 141.838, -102.058, -160.017
3.031, 12, -34.9588, -42.212, 46.1368, 141.776, -101.949, -160.034
3.036, 12, -34.9562, -42.128, 46.1932, 141.714, -101.841, -160.053
3.04, 12, -34.9522, -42.0439, 46.2502, 141.649, -101.732, -160.072
3.044, 12, -34.9468, -41.9596, 46.3078, 141.584, -101.625, -160.093
3.048, 12, -34.9401, -41.8752, 46.366, 141.517, -101.517, -160.114
3.051, 13, -34.9321, -41.7906, 46.4247, 141.45, -101.41, -160.136
3.056, 13, -34.9227, -41.7058, 46.484, 141.38, -101.303, -160.159
3.06, 13, -34.912, -41.6209, 46.5439, 141.31, -101.197, -160.183
3.064, 13, -34.9001, -41.5358, 46.6044, 141.238, -101.091, -160.208
3.068, 13, -34.8869, -41.4505, 46.6654, 141.166, -100.985, -160.233
3.071, 13, -34.8724, -41.365, 46.727, 141.092, -100.879, -160.26
3.076, 14, -34.8567, -41.2794, 46.7892, 141.016, -100.774, -160.287
3.08, 14, -34.8398, -41.1935, 46.852, 140.94, -100.67, -160.316
3.084, 14, -34.8217, -41.1075, 46.9153, 140.862, -100.565, -160.345
3.087, 14, -34.8024, -41.0213, 46.9792, 140.783, -100.461, -160.375
3.092, 15, -34.7819, -40.9349, 47.0438, 140.703, -100.358, -160.406
3.096, 15, -34.7604, -40.8482, 47.1088, 140.622, -100.254, -160.437
3.1, 15, -34.7377, -40.7614, 47.1745, 140.539, -100.151, -160.47
3.104, 15, -34.7139, -40.6744, 47.2407, 140.456, -100.049, -160.503
3.108, 15, -34.689, -40.5872, 47.3075, 140.371, -99.9463, -160.537
3.112, 16, -34.663, -40.4997, 47.3749, 140.285, -99.8442, -160.572
3.116, 16, -34.636, -40.412, 47.4428, 140.198, -99.7425, -160.608
3.12, 16, -34.608, -40.3241, 47.5113, 140.109, -99.6411, -160.645
3.124, 16, -34.579, -40.236, 47.5804, 140.02, -99.5401, -160.682
3.129, 16, -34.549, -40.1476, 47.65, 139.929, -99.4393, -160.72
3.134, 17, -34.5181, -40.059, 47.7202, 139.838, -99.3388, -160.759
3.138, 17, -34.4862, -39.9702, 47.7909, 139.745, -99.2387, -160.798
3.14, 17, -34.4534, -39.8811, 47.8622, 139.651, -99.1389, -160.838
3.143, 17, -34.4197, -39.7918, 47.934, 139.556, -99.0393, -160.879
3.148, 17, -34.3852, -39.7022, 48.0064, 139.46, -98.9401, -160.921
3.152, 17, -34.3498, -39.6124, 48.0793, 139.363, -98.8411, -160.963
3.156, 18, -34.3135, -39.5223, 48.1527, 139.264, -98.7425, -161.006
3.16, 18, -34.2765, -39.4319, 48.2267, 139.165, -98.6441, -161.05
3.163, 18, -34.2387, -39.3412, 48.3012, 139.065, -98.5461, -161.095
3.168, 18, -34.2002, -39.2503, 48.3762, 138.964, -98.4483, -161.14
3.172, 18, -34.1609, -39.1591, 48.4517, 138.861, -98.3508, -161.185
3.176, 19, -34.121, -39.0676, 48.5277, 138.758, -98.2535, -161.232
3.18, 19, -34.0803, -38.9758, 48.6042, 138.654, -98.1566, -161.279
3.184, 19, -34.039, -38.8838, 48.6812, 138.549, -98.0599, -161.326
3.188, 19, -33.9971, -38.7914, 48.7587, 138.443, -97.9634, -161.374
3.192, 19, -33.9546, -38.6987, 48.8366, 138.336, -97.8673, -161.423
3.196, 20, -33.9115, -38.6057, 48.9151, 138.228, -97.7714, -161.472
3.199, 20, -33.8679, -38.5123, 48.9939, 138.119, -97.6757, -161.522
3.204, 20, -33.8237, -38.4187, 49.0732, 138.009, -97.5803, -161.573
3.208, 20, -33.7791, -38.3247, 49.153, 137.899, -97.4851, -161.624
3.212, 20, -33.734, -38.2304, 49.2332, 137.787, -97.3902, -161.675
3.216, 21, -33.6885, -38.1358, 49.3138, 137.675, -97.2955, -161.727
3.22, 21, -33.6425, -38.0408, 49.3948, 137.562, -97.201, -161.779
3.224, 21, -33.5962, -37.9454, 49.4761, 137.448, -97.1068, -161.832
3.228, 21, -33.5496, -37.8497, 49.5579, 137.334, -97.0127, -161.885
3.232, 21, -33.5026, -37.7537, 49.64, 137.219, -96.9189, -161.939
3.235, 22, -33.4554, -37.6572, 49.7225, 137.103, -96.8253, -161.993
3.24, 22, -33.4079, -37.5605, 49.8054, 136.986, -96.7319, -162.048
3.244, 22, -33.3601, -37.4633, 49.8885, 136.869, -96.6387, -162.103
3.248, 22, -33.3121, -37.3657, 49.972, 136.751, -96.5457, -162.158
3.252, 22, -33.264, -37.2678, 50.0558, 136.633, -96.4529, -162.214
3.255, 23, -33.2157, -37.1695, 50.1398, 136.513, -96.3602, -162.27
3.26, 23, -33.1673, -37.0708, 50.2241, 136.394, -96.2678, -162.326
3.264, 23, -33.1187, -36.9716, 50.3087, 136.274, -96.1755, -162.383
3.268, 23, -33.0701, -36.8721, 50.3935, 136.153, -96.0834, -162.44
3.273, 23, -33.0215, -36.7722, 50.4785, 136.032, -95.9914, -162.497
3.277, 24, -32.9728, -36.6718, 50.5638, 135.91, -95.8996, -162.554
3.282, 24, -32.9242, -36.571, 50.6492, 135.788, -95.8079, -162.612
3.284, 24, -32.8756, -36.4698, 50.7347, 135.665, -95.7164, -162.67
3.288, 24, -32.8271, -36.3682, 50.8204, 135.542, -95.625, -162.728
3.291, 24, -32.7787, -36.2661, 50.9063, 135.419, -95.5337, -162.786
3.296, 25, -32.7305, -36.1636, 50.9922, 135.295, -95.4425, -162.844
3.3, 25, -32.6824, -36.0606, 51.0783, 135.171, -95.3515, -162.903
3.304, 25, -32.6345, -35.9572, 51.1643, 135.047, -95.2606, -162.961
3.308, 25, -32.5868, -35.8534, 51.2505, 134.923, -95.1697, -163.02
3.312, 25, -32.5394, -35.7491, 51.3366, 134.798, -95.079, -163.079
3.316, 26, -32.4923, -35.6443, 51.4228, 134.673, -94.9883, -163.138
3.32, 26, -32.4455, -35.5391, 51.5089, 134.548, -94.8978, -163.197
3.324, 26, -32.399, -35.4334, 51.595, 134.423, -94.8073, -163.256
3.328, 26, -32.3529, -35.3272, 51.681, 134.298, -94.7168, -163.315
3.332, 26, -32.3071, -35.2205, 51.7669, 134.172, -94.6264, -163.374
3.336, 26, -32.2618, -35.1134, 51.8527, 134.047, -94.5361, -163.432
3.34, 27, -32.217, -35.0058, 51.9383, 133.922, -94.4458, -163.491
3.344, 27, -32.1726, -34.8977, 52.0238, 133.796, -94.3556, -163.55
3.348, 27, -32.1287, -34.7891, 52.1091, 133.671, -94.2654, -163.609
3.352, 27, -32.0853, -34.68, 52.1942, 133.546, -94.1752, -163.667
3.356, 27, -32.0426, -34.5704, 52.279, 133.421, -94.085, -163.725
3.36, 28, -32.0004, -34.4604, 52.3635, 133.296, -93.9949, -163.784
3.364, 28, -31.9588, -34.3498, 52.4478, 133.171, -93.9047, -163.842
3.368, 28, -31.9179, -34.2388, 52.5317, 133.046, -93.8145, -163.9
3.372, 28, -31.8777, -34.1272, 52.6153, 132.922, -93.7243, -163.957
3.376, 28, -31.8382, -34.0151, 52.6985, 132.798, -93.6341, -164.015
3.38, 29, -31.7994, -33.9026, 52.7813, 132.674, -93.5439, -164.072
3.383, 29, -31.7614, -33.7895, 52.8636, 132.55, -93.4536, -164.128
3.388, 29, -31.7241, -33.6759, 52.9455, 132.427, -93.3633, -164.185
3.393, 29, -31.6877, -33.5619, 53.0269, 132.305, -93.2729, -164.241
3.4, 30, -31.6174, -33.3322, 53.1881, 132.06, -93.092, -164.352
3.4, 30, -31.6174, -33.3322, 53.1881, 132.06, -93.092, -164.352
3.404, 30, -31.5836, -33.2166, 53.2678, 131.939, -93.0015, -164.407
3.408, 30, -31.5506, -33.1005, 53.3469, 131.818, -92.9108, -164.462
3.412, 30, -31.5187, -32.9839, 53.4254, 131.698, -92.8201, -164.516
3.416, 30, -31.4876, -32.8669, 53.5032, 131.578, -92.7293, -164.57
3.42, 31, -31.4576, -32.7493, 53.5803, 131.459, -92.6384, -164.624
3.424, 31, -31.4285, -32.6312, 53.6567, 131.341, -92.5473, -164.676
3.428, 31, -31.4005, -32.5126, 53.7323, 131.223, -92.4562, -164.729
3.432, 31, -31.3736, -32.3936, 53.8072, 131.106, -92.3649, -164.781
3.436, 31, -31.3477, -32.274, 53.8812, 130.99, -92.2735, -164.832
3.439, 32, -31.3229, -32.154, 53.9543, 130.874, -92.182, -164.883
3.444, 32, -31.2992, -32.0335, 54.0266, 130.759, -92.0903, -164.933
3.448, 32, -31.2767, -31.9125, 54.0979, 130.645, -91.9985, -164.982
3.452, 32, -31.2553, -31.7911, 54.1684, 130.532, -91.9065, -165.031
3.456, 32, -31.2351, -31.6692, 54.2378, 130.42, -91.8143, -165.079
3.46, 33, -31.2161, -31.5468, 54.3062, 130.309, -91.722, -165.127
3.464, 33, -31.1983, -31.424, 54.3736, 130.199, -91.6295, -165.174
3.468, 33, -31.1818, -31.3007, 54.4399, 130.089, -91.5368, -165.22
3.472, 33, -31.1665, -31.177, 54.5051, 129.981, -91.444, -165.265
3.476, 33, -31.1524, -31.0529, 54.5692, 129.874, -91.3509, -165.31
3.48, 34, -31.1397, -30.9283, 54.6322, 129.768, -91.2576, -165.354
3.484, 34, -31.1283, -30.8033, 54.6939, 129.662, -91.1641, -165.397
3.488, 34, -31.1182, -30.6779, 54.7544, 129.559, -91.0704, -165.44
3.492, 34, -31.1095, -30.5521, 54.8137, 129.456, -90.9765, -165.481
3.495, 34, -31.1021, -30.426, 54.8716, 129.354, -90.8823, -165.522
3.5, 35, -31.0961, -30.2994, 54.9283, 129.254, -90.7879, -165.562
3.504, 35, -31.0915, -30.1725, 54.9836, 129.155, -90.6932, -165.601
3.508, 35, -31.0883, -30.0452, 55.0375, 129.057, -90.5983, -165.639
3.512, 35, -31.0865, -29.9175, 55.09, 128.96, -90.5032, -165.676
3.516, 35, -31.0862, -29.7896, 55.1411, 128.865, -90.4077, -165.712
3.52, 36, -31.0873, -29.6613, 55.1907, 128.772, -90.312, -165.748
3.524, 36, -31.0899, -29.5327, 55.2388, 128.679, -90.2161, -165.782
3.528, 36, -31.094, -29.4038, 55.2854, 128.588, -90.1198, -165.815
3.531, 36, -31.0996, -29.2746, 55.3304, 128.499, -90.0233, -165.848
3.537, 36, -31.1067, -29.1451, 55.3738, 128.411, -89.9264, -165.879
3.542, 37, -31.1154, -29.0154, 55.4156, 128.325, -89.8293, -165.909
3.546, 37, -31.1256, -28.8854, 55.4558, 128.24, -89.7318, -165.939
3.548, 37, -31.1373, -28.7553, 55.4942, 128.156, -89.6341, -165.967
3.552, 37, -31.1507, -28.6249, 55.531, 128.075, -89.536, -165.994
3.556, 37, -31.1656, -28.4943, 55.566, 127.995, -89.4376, -166.02
3.56, 37, -31.1821, -28.3635, 55.5993, 127.917, -89.3388, -166.045
3.564, 38, -31.2003, -28.2326, 55.6307, 127.84, -89.2397, -166.068
3.568, 38, -31.22, -28.1015, 55.6603, 127.765, -89.1403, -166.091
3.572, 38, -31.2415, -27.9704, 55.6881, 127.692, -89.0405, -166.112
3.576, 38, -31.2645, -27.8391, 55.714, 127.621, -88.9403, -166.133
3.58, 38, -31.2893, -27.7077, 55.7379, 127.551, -88.8398, -166.151
3.584, 39, -31.3157, -27.5763, 55.7599, 127.484, -88.7389, -166.169
3.588, 39, -31.3439, -27.4448, 55.78, 127.418, -88.6376, -166.186
3.592, 39, -31.3737, -27.3133, 55.798, 127.355, -88.536, -166.201
3.596, 39, -31.4053, -27.1818, 55.814, 127.293, -88.4339, -166.215
3.6, 39, -31.4387, -27.0503, 55.828, 127.233, -88.3314, -166.227
3.604, 40, -31.4737, -26.9189, 55.8398, 127.176, -88.2286, -166.238
3.608, 40, -31.5106, -26.7875, 55.8496, 127.12, -88.1253, -166.248
3.612, 40, -31.5492, -26.6562, 55.8572, 127.067, -88.0215, -166.257
3.616, 40, -31.5897, -26.525, 55.8627, 127.016, -87.9174, -166.264
3.62, 40, -31.6319, -26.3939, 55.8659, 126.967, -87.8128, -166.269
3.624, 41, -31.676, -26.263, 55.867, 126.92, -87.7078, -166.274
3.628, 41, -31.7219, -26.1323, 55.8657, 126.876, -87.6023, -166.276
3.632, 41, -31.7697, -26.0017, 55.8622, 126.834, -87.4964, -166.278
3.636, 41, -31.8193, -25.8714, 55.8564, 126.794, -87.39, -166.277
3.64, 41, -31.8709, -25.7414, 55.8483, 126.757, -87.2831, -166.276
3.644, 42, -31.9243, -25.6116, 55.8378, 126.722, -87.1757, -166.272
3.648, 42, -31.9797, -25.4821, 55.825, 126.689, -87.0679, -166.267
3.652, 42, -32.037, -25.353, 55.8097, 126.659, -86.9595, -166.261
3.656, 42, -32.0962, -25.2242, 55.792, 126.632, -86.8507, -166.253
3.66, 42, -32.1575, -25.0957, 55.7719, 126.607, -86.7413, -166.243
3.664, 43, -32.2207, -24.9677, 55.7493, 126.585, -86.6314, -166.232
3.668, 43, -32.2859, -24.8401, 55.7241, 126.566, -86.521, -166.219
3.672, 43, -32.3532, -24.713, 55.6965, 126.55, -86.41, -166.204
3.676, 43, -32.4225, -24.5863, 55.6663, 126.536, -86.2985, -166.188
3.679, 43, -32.4939, -24.4601, 55.6335, 126.525, -86.1865, -166.169
3.684, 44, -32.5673, -24.3345, 55.5981, 126.517, -86.0739, -166.149
3.69, 44, -32.6429, -24.2094, 55.5601, 126.512, -85.9607, -166.128
3.692, 44, -32.7206, -24.0849, 55.5195, 126.51, -85.8469, -166.104
3.696, 44, -32.8004, -23.961, 55.4762, 126.512, -85.7326, -166.079
3.7, 44, -32.8824, -23.8377, 55.4302, 126.516, -85.6176, -166.051
3.705, 45, -32.9666, -23.715, 55.3815, 126.523, -85.5021, -166.022
3.71, 45, -33.053, -23.593, 55.3301, 126.534, -85.3859, -165.991
3.713, 45, -33.1416, -23.4718, 55.2759, 126.548, -85.2692, -165.958
3.718, 45, -33.2325, -23.3512, 55.219, 126.566, -85.1518, -165.922
3.722, 45, -33.3256, -23.2314, 55.1593, 126.587, -85.0337, -165.885
3.725, 46, -33.4211, -23.1124, 55.0968, 126.611, -84.9151, -165.846
3.73, 46, -33.5188, -22.9941, 55.0315, 126.639, -84.7958, -165.805
3.734, 46, -33.6189, -22.8766, 54.9634, 126.67, -84.6758, -165.762
3.738, 46, -33.7214, -22.76, 54.8924, 126.705, -84.5553, -165.716
3.74, 46, -33.8264, -22.6441, 54.8186, 126.744, -84.434, -165.668
3.744, 47, -33.9337, -22.5291, 54.7419, 126.787, -84.3121, -165.619
3.748, 47, -34.0436, -22.415, 54.6623, 126.834, -84.1895, -165.567
3.752, 47, -34.1559, -22.3018, 54.5798, 126.884, -84.0662, -165.512
3.756, 47, -34.2707, -22.1895, 54.4944, 126.939, -83.9423, -165.456
3.76, 47, -34.3881, -22.078, 54.4061, 126.997, -83.8176, -165.397
3.764, 47, -34.5081, -21.9675, 54.3148, 127.06, -83.6923, -165.336
3.768, 48, -34.6307, -21.8579, 54.2206, 127.127, -83.5662, -165.272
3.772, 48, -34.756, -21.7492, 54.1234, 127.198, -83.4394, -165.206
3.776, 48, -34.884, -21.6415, 54.0233, 127.274, -83.3119, -165.138
3.78, 48, -35.0147, -21.5347, 53.9201, 127.354, -83.1836, -165.067
3.784, 48, -35.1481, -21.4288, 53.814, 127.438, -83.0546, -164.994
3.788, 49, -35.2844, -21.3239, 53.7049, 127.528, -82.9249, -164.918
3.792, 49, -35.4235, -21.2199, 53.5928, 127.621, -82.7944, -164.839
3.796, 49, -35.5655, -21.1169, 53.4776, 127.72, -82.6632, -164.758
3.8, 49, -35.7103, -21.0148, 53.3595, 127.824, -82.5312, -164.675
3.804, 49, -35.8581, -20.9136, 53.2384, 127.932, -82.3985, -164.588
3.808, 50, -36.0087, -20.8134, 53.1143, 128.045, -82.2651, -164.499
3.812, 50, -36.1622, -20.7141, 52.9873, 128.163, -82.1309, -164.408
3.816, 50, -36.3185, -20.6157, 52.8575, 128.287, -81.9959, -164.313
3.82, 50, -36.4776, -20.5182, 52.7248, 128.415, -81.8603, -164.216
3.824, 50, -36.6394, -20.4217, 52.5894, 128.548, -81.724, -164.115
3.828, 51, -36.8041, -20.3261, 52.4513, 128.687, -81.5869, -164.011
3.832, 51, -36.9717, -20.2316, 52.3105, 128.83, -81.4492, -163.905
3.836, 51, -37.1423, -20.1381, 52.167, 128.978, -81.3108, -163.794
3.84, 51, -37.3158, -20.0457, 52.0209, 129.13, -81.1718, -163.68
3.844, 51, -37.4924, -19.9542, 51.8722, 129.288, -81.0321, -163.563
3.849, 52, -37.6722, -19.8637, 51.7208, 129.45, -80.8916, -163.441
3.854, 52, -37.8553, -19.7738, 51.5668, 129.618, -80.7505, -163.316
3.858, 52, -38.0419, -19.6846, 51.4101, 129.791, -80.6087, -163.187
3.862, 52, -38.2321, -19.596, 51.2507, 129.969, -80.4662, -163.054
3.866, 52, -38.426, -19.5078, 51.0883, 130.154, -80.323, -162.918
3.868, 53, -38.6239, -19.4201, 50.923, 130.345, -80.1792, -162.778
3.872, 53, -38.8256, -19.3328, 50.7547, 130.542, -80.0349, -162.636
3.876, 53, -39.0312, -19.2461, 50.5833, 130.747, -79.8901, -162.491
3.88, 53, -39.2407, -19.1599, 50.4088, 130.959, -79.7449, -162.344
3.884, 53, -39.4542, -19.0741, 50.2312, 131.178, -79.5994, -162.196
3.888, 54, -39.6714, -18.9888, 50.0506, 131.405, -79.4537, -162.046
3.892, 54, -39.8924, -18.904, 49.8669, 131.64, -79.3078, -161.895
3.896, 54, -40.117, -18.8198, 49.6803, 131.882, -79.1617, -161.742
3.9, 54, -40.3452, -18.7362, 49.491, 132.131, -79.0155, -161.588
3.904, 54, -40.5768, -18.6532, 49.2991, 132.388, -78.8692, -161.431
3.908, 55, -40.8119, -18.5708, 49.1047, 132.65, -78.7228, -161.272
3.912, 55, -41.0504, -18.4886, 48.9082, 132.919, -78.5762, -161.111
3.916, 55, -41.2925, -18.4063, 48.7097, 133.194, -78.4294, -160.946
3.92, 55, -41.5383, -18.3237, 48.5093, 133.474, -78.2824, -160.777
3.924, 55, -41.7878, -18.2405, 48.3073, 133.759, -78.1352, -160.605
3.928, 56, -42.0409, -18.1567, 48.1038, 134.05, -77.988, -160.428
3.932, 56, -42.2976, -18.0725, 47.899, 134.345, -77.8409, -160.248
3.936, 56, -42.5577, -17.9879, 47.6928, 134.645, -77.694, -160.064
3.94, 56, -42.8212, -17.903, 47.4853, 134.95, -77.5475, -159.877
3.944, 56, -43.088, -17.8178, 47.2765, 135.26, -77.4018, -159.687
3.948, 57, -43.3582, -17.7322, 47.0665, 135.576, -77.2569, -159.495
3.952, 57, -43.6316, -17.646, 46.8551, 135.898, -77.1131, -159.301
3.956, 57, -43.9083, -17.5593, 46.6424, 136.227, -76.9706, -159.105
3.96, 57, -44.188, -17.4721, 46.4284, 136.561, -76.8295, -158.909
3.964, 57, -44.4706, -17.3845, 46.2131, 136.903, -76.6899, -158.712
3.968, 57, -44.756, -17.2964, 45.9965, 137.251, -76.5519, -158.514
3.972, 58, -45.0442, -17.2077, 45.7788, 137.605, -76.4155, -158.315
3.976, 58, -45.3352, -17.1182, 45.56, 137.965, -76.2807, -158.115
3.98, 58, -45.6291, -17.0275, 45.3402, 138.331, -76.1473, -157.915
3.984, 58, -45.9259, -16.9354, 45.1198, 138.703, -76.0154, -157.712
3.988, 58, -46.2254, -16.8416, 44.8988, 139.079, -75.8849, -157.509
3.992, 59, -46.5276, -16.7462, 44.6776, 139.459, -75.7557, -157.303
3.996, 59, -46.8321, -16.6492, 44.4564, 139.844, -75.6278, -157.096
3.999, 59, -47.1388, -16.5508, 44.2354, 140.231, -75.5013, -156.887
4.005, 59, -47.4474, -16.4512, 44.0148, 140.622, -75.3763, -156.676
4.01, 60, -47.7577, -16.3505, 43.7949, 141.015, -75.2528, -156.464
4.011, 60, -48.0694, -16.2489, 43.5758, 141.411, -75.131, -156.252
4.016, 60, -48.3822, -16.1464, 43.3576, 141.809, -75.011, -156.038
4.02, 60, -48.6957, -16.043, 43.1407, 142.209, -74.8928, -155.823
4.024, 60, -49.0095, -15.9389, 42.925, 142.611, -74.7767, -155.608
4.028, 60, -49.3233, -15.8341, 42.7107, 143.014, -74.6626, -155.394
4.032, 61, -49.6368, -15.7285, 42.4979, 143.419, -74.5507, -155.179
4.036, 61, -49.9497, -15.6219, 42.2868, 143.825, -74.4411, -154.965
4.04, 61, -50.262, -15.5141, 42.0773, 144.231, -74.3337, -154.752
4.044, 61, -50.5737, -15.4049, 41.8697, 144.638, -74.2287, -154.54
4.048, 61, -50.8847, -15.2942, 41.664, 145.045, -74.1258, -154.329
4.051, 62, -51.195, -15.1822, 41.4603, 145.451, -74.0253, -154.12
4.056, 62, -51.5045, -15.0687, 41.2587, 145.856, -73.927, -153.912
4.06, 62, -51.813, -14.954, 41.0593, 146.259, -73.8309, -153.706
4.064, 62, -52.1204, -14.838, 40.8622, 146.661, -73.7369, -153.502
4.068, 62, -52.4265, -14.7209, 40.6674, 147.061, -73.6451, -153.3
4.073, 63, -52.7309, -14.6028, 40.4751, 147.458, -73.5553, -153.099
4.078, 63, -53.0335, -14.4836, 40.2853, 147.852, -73.4676, -152.901
4.082, 63, -53.3339, -14.3634, 40.0981, 148.244, -73.3819, -152.705
4.084, 63, -53.6319, -14.2423, 39.9135, 148.634, -73.2983, -152.511
4.088, 63, -53.9273, -14.1204, 39.7314, 149.02, -73.2166, -152.319
4.092, 64, -54.2199, -13.9979, 39.5519, 149.404, -73.1368, -152.129
4.096, 64, -54.5096, -13.8746, 39.3751, 149.784, -73.0589, -151.942
4.1, 64, -54.7961, -13.7506, 39.2008, 150.162, -72.9829, -151.757
4.104, 64, -55.0794, -13.6259, 39.0291, 150.536, -72.9086, -151.574
4.108, 64, -55.3592, -13.5003, 38.8601, 150.906, -72.8362, -151.395
4.112, 65, -55.6354, -13.3738, 38.6938, 151.271, -72.7654, -151.218
4.116, 65, -55.9078, -13.2465, 38.5304, 151.633, -72.6962, -151.045
4.12, 65, -56.1761, -13.1185, 38.3698, 151.989, -72.6285, -150.875
4.123, 65, -56.4403, -12.9898, 38.2122, 152.34, -72.5623, -150.709
4.128, 65, -56.6999, -12.8608, 38.0576, 152.684, -72.4973, -150.546
4.132, 65, -56.9548, -12.7315, 37.9062, 153.023, -72.4336, -150.387
4.136, 66, -57.2045, -12.6024, 37.758, 153.354, -72.371, -150.233
4.14, 66, -57.4487, -12.4737, 37.6131, 153.679, -72.3094, -150.082
4.144, 66, -57.6872, -12.3457, 37.4717, 153.996, -72.2488, -149.935
4.148, 66, -57.9194, -12.2186, 37.334, 154.305, -72.1892, -149.792
4.152, 66, -58.1452, -12.0926, 37.1999, 154.605, -72.1305, -149.654
4.156, 67, -58.3645, -11.9676, 37.0696, 154.897, -72.0727, -149.519
4.16, 67, -58.5772, -11.8436, 36.9432, 155.18, -72.0158, -149.39
4.164, 67, -58.7832, -11.7204, 36.8207, 155.454, -71.9598, -149.265
4.168, 67, -58.9825, -11.5981, 36.7021, 155.718, -71.9048, -149.145
4.172, 67, -59.1751, -11.4766, 36.5874, 155.972, -71.8508, -149.029
4.176, 67, -59.3608, -11.3561, 36.4767, 156.217, -71.7977, -148.919
4.18, 68, -59.5396, -11.2366, 36.3698, 156.451, -71.7456, -148.813
4.184, 68, -59.7116, -11.1183, 36.2666, 156.675, -71.6944, -148.713
4.188, 68, -59.8765, -11.001, 36.1672, 156.89, -71.644, -148.617
4.192, 68, -60.0347, -10.8847, 36.0712, 157.095, -71.5945, -148.525
4.196, 68, -60.1861, -10.7695, 35.9785, 157.29, -71.5458, -148.438
4.2, 68, -60.3308, -10.6552, 35.8889, 157.476, -71.4978, -148.355
4.204, 69, -60.469, -10.5421, 35.8023, 157.654, -71.4504, -148.276
4.208, 69, -60.6007, -10.4305, 35.7185, 157.823, -71.4035, -148.201
4.212, 69, -60.726, -10.3207, 35.6372, 157.983, -71.3572, -148.129
4.217, 69, -60.8452, -10.2129, 35.5584, 158.136, -71.3112, -148.06
4.222, 69, -60.9584, -10.1072, 35.4818, 158.282, -71.2655, -147.994
4.225, 69, -61.0658, -10.0037, 35.4075, 158.42, -71.22, -147.931
4.23, 70, -61.1678, -9.90233, 35.3355, 158.551, -71.1746, -147.872
4.234, 70, -61.2648, -9.80258, 35.2657, 158.675, -71.1291, -147.816
4.237, 70, -61.357, -9.70412, 35.1981, 158.793, -71.0835, -147.764
4.242, 70, -61.4448, -9.60663, 35.1328, 158.904, -71.0376, -147.715
4.246, 70, -61.5283, -9.5099, 35.0699, 159.009, -70.9914, -147.67
4.249, 70, -61.6076, -9.41379, 35.0094, 159.108, -70.9446, -147.63
4.252, 70, -61.6828, -9.31819, 34.9512, 159.2, -70.8972, -147.593
4.258, 71, -61.7537, -9.22305, 34.8955, 159.287, -70.8492, -147.56
4.262, 71, -61.8202, -9.12834, 34.8421, 159.367, -70.8004, -147.531
4.266, 71, -61.882, -9.03398, 34.7909, 159.442, -70.7507, -147.505
4.268, 71, -61.939, -8.93982, 34.7418, 159.51, -70.7001, -147.483
4.272, 71, -61.9908, -8.84572, 34.6948, 159.572, -70.6487, -147.463
4.276, 71, -62.0373, -8.7517, 34.6496, 159.627, -70.5963, -147.447
4.28, 71, -62.0783, -8.65794, 34.606, 159.675, -70.543, -147.433
4.284, 72, -62.1136, -8.56468, 34.5639, 159.715, -70.4889, -147.421
4.288, 72, -62.1433, -8.47208, 34.5231, 159.747, -70.434, -147.411
4.292, 72, -62.1673, -8.38024, 34.4836, 159.771, -70.3783, -147.403
4.296, 72, -62.1857, -8.28917, 34.4452, 159.786, -70.3218, -147.396
4.3, 72, -62.1985, -8.19873, 34.408, 159.791, -70.2644, -147.392
4.304, 72, -62.2057, -8.10865, 34.3721, 159.788, -70.2061, -147.39
4.308, 73, -62.2071, -8.01861, 34.3375, 159.775, -70.1467, -147.39
4.312, 73, -62.2028, -7.92835, 34.3046, 159.753, -70.0861, -147.394
4.316, 73, -62.1925, -7.83778, 34.2735, 159.722, -70.0239, -147.401
4.32, 73, -62.1764, -7.74689, 34.2444, 159.682, -69.9601, -147.411
4.324, 73, -62.1544, -7.65569, 34.2176, 159.633, -69.8943, -147.426
4.328, 74, -62.1267, -7.56427, 34.1931, 159.576, -69.8264, -147.446
4.332, 74, -62.0931, -7.47277, 34.1711, 159.511, -69.7561, -147.471
4.336, 74, -62.0536, -7.38136, 34.1519, 159.436, -69.6833, -147.501
4.34, 74, -62.008, -7.29018, 34.1354, 159.353, -69.6079, -147.537
4.344, 74, -61.956, -7.19933, 34.122, 159.261, -69.5302, -147.578
4.348, 74, -61.8974, -7.10891, 34.1115, 159.159, -69.4503, -147.624
4.352, 75, -61.832, -7.0191, 34.1042, 159.047, -69.3686, -147.676
4.356, 75, -61.7598, -6.93006, 34.0999, 158.925, -69.2854, -147.732
4.36, 75, -61.6806, -6.84192, 34.0988, 158.791, -69.2013, -147.792
4.364, 75, -61.5943, -6.75474, 34.1007, 158.646, -69.1167, -147.857
4.368, 75, -61.5008, -6.66855, 34.1058, 158.488, -69.0321, -147.926
4.372, 76, -61.4, -6.58333, 34.114, 158.318, -68.9478, -147.998
4.376, 76, -61.2919, -6.49903, 34.1253, 158.134, -68.8641, -148.073
4.38, 76, -61.1766, -6.41553, 34.1398, 157.938, -68.7813, -148.153
4.384, 76, -61.054, -6.33273, 34.1574, 157.728, -68.6994, -148.236
4.388, 76, -60.9243, -6.25053, 34.1782, 157.505, -68.6184, -148.323
4.392, 76, -60.7873, -6.16881, 34.2024, 157.269, -68.538, -148.415
4.396, 77, -60.643, -6.08742, 34.2299, 157.021, -68.4579, -148.512
4.4, 77, -60.4914, -6.00618, 34.261, 156.759, -68.3777, -148.613
4.404, 77, -60.3325, -5.92492, 34.2958, 156.485, -68.2971, -148.721
4.408, 77, -60.1665, -5.84352, 34.3342, 156.2, -68.2156, -148.834
4.412, 77, -59.9937, -5.76189, 34.3765, 155.902, -68.1332, -148.954
4.416, 78, -59.8144, -5.68001, 34.4227, 155.593, -68.0498, -149.08
4.42, 78, -59.6287, -5.59792, 34.4729, 155.272, -67.9654, -149.212
4.424, 78, -59.4366, -5.51564, 34.5271, 154.94, -67.8803, -149.352
4.428, 78, -59.2383, -5.43314, 34.5856, 154.597, -67.7947, -149.497
4.432, 78, -59.0335, -5.35038, 34.6486, 154.242, -67.709, -149.649
4.436, 79, -58.8224, -5.26732, 34.716, 153.876, -67.6236, -149.806
4.44, 79, -58.6051, -5.18397, 34.7881, 153.498, -67.5389, -149.97
4.444, 79, -58.3822, -5.10034, 34.8647, 153.109, -67.4553, -150.139
4.448, 79, -58.1538, -5.0165, 34.9459, 152.708, -67.3732, -150.313
4.452, 79, -57.9206, -4.93246, 35.0316, 152.296, -67.2928, -150.492
4.458, 80, -57.6828, -4.84822, 35.1216, 151.872, -67.2143, -150.677
4.461, 80, -57.4409, -4.76371, 35.216, 151.436, -67.1379, -150.866
4.466, 80, -57.1953, -4.67875, 35.3145, 150.99, -67.0635, -151.06
4.468, 80, -56.9464, -4.59317, 35.4171, 150.534, -66.9912, -151.259
4.472, 80, -56.6946, -4.50677, 35.5234, 150.068, -66.9211, -151.463
4.476, 80, -56.4406, -4.41939, 35.6333, 149.595, -66.8531, -151.67
4.48, 81, -56.1847, -4.33087, 35.7465, 149.115, -66.7875, -151.881
4.484, 81, -55.9272, -4.24099, 35.8626, 148.63, -66.7245, -152.095
4.488, 81, -55.6685, -4.14954, 35.9813, 148.141, -66.6641, -152.312
4.492, 81, -55.409, -4.05633, 36.1023, 147.649, -66.6067, -152.532
4.496, 81, -55.1491, -3.96127, 36.2252, 147.156, -66.5525, -152.754
4.5, 81, -54.8892, -3.86435, 36.3499, 146.663, -66.5017, -152.977
4.504, 82, -54.6299, -3.76569, 36.4759, 146.171, -66.4543, -153.201
4.508, 82, -54.3714, -3.66548, 36.6031, 145.679, -66.4106, -153.425
4.512, 82, -54.1142, -3.56392, 36.7315, 145.188, -66.3706, -153.65
4.516, 82, -53.8586, -3.4611, 36.8608, 144.699, -66.3343, -153.876
4.52, 82, -53.6047, -3.35701, 36.991, 144.212, -66.3017, -154.101
4.524, 82, -53.353, -3.25154, 37.1221, 143.726, -66.2727, -154.325
4.528, 83, -53.1035, -3.14458, 37.254, 143.242, -66.2471, -154.55
4.532, 83, -52.8565, -3.03608, 37.3867, 142.759, -66.2248, -154.773
4.536, 83, -52.6121, -2.92606, 37.52, 142.277, -66.2057, -154.997
4.54, 83, -52.3703, -2.81454, 37.654, 141.797, -66.1896, -155.22
4.544, 83, -52.131, -2.70148, 37.7886, 141.318, -66.1765, -155.442
4.548, 83, -51.8941, -2.5868, 37.9235, 140.841, -66.1662, -155.664
4.552, 83, -51.6596, -2.47037, 38.0588, 140.365, -66.1589, -155.885
4.556, 84, -51.4276, -2.35209, 38.1943, 139.891, -66.1544, -156.105
4.56, 84, -51.1982, -2.23187, 38.3298, 139.419, -66.1527, -156.325
4.564, 84, -50.9716, -2.10966, 38.4651, 138.95, -66.1539, -156.545
4.568, 84, -50.748, -1.98554, 38.6002, 138.484, -66.1579, -156.763
4.572, 84, -50.5276, -1.85968, 38.7348, 138.021, -66.1647, -156.98
4.576, 84, -50.3105, -1.73231, 38.8689, 137.562, -66.1739, -157.197
4.58, 85, -50.0967, -1.60369, 39.0023, 137.106, -66.1856, -157.412
4.584, 85, -49.8863, -1.47416, 39.1348, 136.654, -66.1993, -157.626
4.588, 85, -49.6792, -1.34408, 39.2666, 136.207, -66.2149, -157.838
4.592, 85, -49.4757, -1.2138, 39.3974, 135.764, -66.2321, -158.048
4.596, 85, -49.2759, -1.08359, 39.5271, 135.327, -66.2507, -158.255
4.6, 85, -49.08, -0.953565, 39.6556, 134.895, -66.2705, -158.46
4.604, 85, -48.8884, -0.823745, 39.7829, 134.47, -66.2911, -158.661
4.608, 85, -48.7011, -0.694078, 39.9088, 134.052, -66.3126, -158.858
4.612, 86, -48.5185, -0.5645, 40.033, 133.641, -66.3348, -159.05
4.616, 86, -48.3404, -0.434923, 40.1555, 133.239, -66.3575, -159.236
4.62, 86, -48.167, -0.305241, 40.2761, 132.845, -66.3806, -159.417
4.624, 86, -47.9983, -0.175339, 40.3946, 132.46, -66.4043, -159.592
4.628, 86, -47.8345, -0.0450631, 40.5109, 132.083, -66.4285, -159.761
4.632, 86, -47.6756, 0.0857893, 40.6246, 131.716, -66.4532, -159.923
4.636, 86, -47.5219, 0.217425, 40.7358, 131.358, -66.4785, -160.079
4.64, 86, -47.3732, 0.349979, 40.8442, 131.008, -66.5045, -160.23
4.644, 87, -47.2293, 0.483507, 40.9499, 130.667, -66.5314, -160.376
4.648, 87, -47.0898, 0.618064, 41.0527, 130.333, -66.5592, -160.518
4.652, 87, -46.9543, 0.753756, 41.1528, 130.006, -66.5881, -160.658
4.656, 87, -46.8223, 0.890732, 41.2502, 129.686, -66.618, -160.796
4.66, 87, -46.6934, 1.02914, 41.345, 129.372, -66.6491, -160.933
4.664, 87, -46.5672, 1.16913, 41.4372, 129.063, -66.6813, -161.071
4.668, 87, -46.4436, 1.31074, 41.527, 128.758, -66.7148, -161.21
4.672, 87, -46.3224, 1.45383, 41.6142, 128.458, -66.7495, -161.352
4.676, 88, -46.2034, 1.59809, 41.6991, 128.161, -66.7855, -161.496
4.68, 88, -46.0865, 1.74317, 41.7816, 127.867, -66.8227, -161.642
4.684, 88, -45.9718, 1.88891, 41.8617, 127.576, -66.8612, -161.791
4.688, 88, -45.8591, 2.03532, 41.9395, 127.289, -66.9007, -161.942
4.692, 88, -45.7486, 2.1826, 42.0151, 127.004, -66.9413, -162.095
4.696, 88, -45.6405, 2.33102, 42.0884, 126.722, -66.9827, -162.247
4.7, 89, -45.5348, 2.48085, 42.1594, 126.443, -67.0247, -162.399
4.704, 89, -45.4319, 2.63216, 42.228, 126.168, -67.067, -162.549
4.708, 89, -45.3318, 2.7847, 42.2941, 125.897, -67.1094, -162.695
4.712, 89, -45.2349, 2.93795, 42.3576, 125.63, -67.1516, -162.837
4.716, 89, -45.1413, 3.09132, 42.4186, 125.368, -67.1932, -162.973
4.72, 89, -45.051, 3.24424, 42.4769, 125.112, -67.2341, -163.103
4.724, 89, -44.9642, 3.39629, 42.5323, 124.862, -67.2738, -163.227
4.728, 90, -44.881, 3.54721, 42.5849, 124.619, -67.312, -163.345
4.732, 90, -44.8014, 3.69686, 42.6345, 124.383, -67.3486, -163.455
4.736, 90, -44.7257, 3.84509, 42.6809, 124.155, -67.3831, -163.559
4.74, 90, -44.6541, 3.99177, 42.7239, 123.936, -67.4153, -163.657
4.744, 90, -44.5867, 4.13662, 42.7634, 123.726, -67.4452, -163.749
4.748, 90, -44.5238, 4.27933, 42.7992, 123.525, -67.4726, -163.836
4.752, 90, -44.4655, 4.41954, 42.831, 123.334, -67.4974, -163.919
4.756, 91, -44.4118, 4.55702, 42.8587, 123.153, -67.5195, -163.998
4.76, 91, -44.3626, 4.69166, 42.8824, 122.982, -67.539, -164.075
4.764, 91, -44.3179, 4.82346, 42.9018, 122.82, -67.5558, -164.149
4.768, 91, -44.2775, 4.95246, 42.917, 122.668, -67.57, -164.222
4.772, 91, -44.241, 5.0787, 42.9282, 122.526, -67.5816, -164.293
4.776, 91, -44.2083, 5.20215, 42.9353, 122.392, -67.5907, -164.361
4.78, 91, -44.1792, 5.32272, 42.9385, 122.268, -67.5973, -164.428
4.784, 91, -44.1535, 5.44032, 42.9379, 122.151, -67.6016, -164.492
4.788, 92, -44.131, 5.55493, 42.9339, 122.041, -67.6038, -164.553
4.792, 92, -44.1117, 5.66662, 42.9265, 121.939, -67.604, -164.609
4.796, 92, -44.0953, 5.77556, 42.916, 121.843, -67.6023, -164.661
4.8, 92, -44.0817, 5.88188, 42.9028, 121.753, -67.5988, -164.707
4.804, 92, -44.0707, 5.98571, 42.887, 121.669, -67.5937, -164.747
4.808, 92, -44.0622, 6.08705, 42.8688, 121.59, -67.5871, -164.781
4.812, 92, -44.0562, 6.18581, 42.8485, 121.517, -67.579, -164.807
4.816, 92, -44.0525, 6.28182, 42.8261, 121.448, -67.5695, -164.826
4.82, 93, -44.0511, 6.375, 42.8018, 121.383, -67.5587, -164.838
4.824, 93, -44.0519, 6.46532, 42.7756, 121.324, -67.5464, -164.841
4.828, 93, -44.0553, 6.55291, 42.7475, 121.269, -67.5327, -164.837
4.832, 93, -44.0611, 6.63788, 42.7172, 121.22, -67.5175, -164.826
4.836, 93, -44.0695, 6.72028, 42.6848, 121.175, -67.5007, -164.809
4.84, 93, -44.0806, 6.80005, 42.65, 121.137, -67.4821, -164.785
4.844, 93, -44.0944, 6.87702, 42.6128, 121.104, -67.4616, -164.757
4.848, 93, -44.1109, 6.951, 42.573, 121.078, -67.4388, -164.723
4.852, 93, -44.1303, 7.02184, 42.5303, 121.058, -67.4137, -164.686
4.856, 94, -44.1527, 7.08953, 42.4847, 121.045, -67.3858, -164.646
4.86, 94, -44.1782, 7.15425, 42.4358, 121.04, -67.3551, -164.603
4.864, 94, -44.2073, 7.2163, 42.3835, 121.043, -67.3212, -164.559
4.868, 94, -44.2402, 7.27596, 42.3274, 121.053, -67.284, -164.514
4.872, 94, -44.277, 7.3334, 42.2673, 121.073, -67.2432, -164.468
4.876, 94, -44.3176, 7.38869, 42.203, 121.101, -67.1986, -164.421
4.88, 94, -44.3622, 7.44179, 42.1343, 121.138, -67.1501, -164.375
4.884, 94, -44.4106, 7.49257, 42.0609, 121.185, -67.0976, -164.329
4.888, 95, -44.4629, 7.54092, 41.9827, 121.241, -67.0411, -164.284
4.892, 95, -44.5192, 7.58679, 41.8993, 121.308, -66.9805, -164.238
4.896, 95, -44.5799, 7.63023, 41.8106, 121.385, -66.9159, -164.191
4.9, 95, -44.6452, 7.67132, 41.7163, 121.473, -66.8475, -164.144
4.904, 95, -44.7153, 7.71011, 41.6161, 121.572, -66.7752, -164.095
4.908, 95, -44.7903, 7.74655, 41.5101, 121.682, -66.6991, -164.044
4.912, 96, -44.8701, 7.78059, 41.3982, 121.803, -66.6193, -163.99
4.916, 96, -44.9547, 7.81217, 41.2804, 121.936, -66.5357, -163.933
4.92, 96, -45.0439, 7.8412, 41.157, 122.08, -66.4484, -163.87
4.924, 96, -45.1378, 7.86757, 41.028, 122.236, -66.3573, -163.803
4.928, 96, -45.2365, 7.8912, 40.8937, 122.404, -66.2625, -163.729
4.932, 96, -45.3402, 7.9121, 40.7543, 122.584, -66.1637, -163.649
4.936, 97, -45.4491, 7.93034, 40.6099, 122.775, -66.061, -163.561
4.94, 97, -45.5634, 7.94606, 40.4607, 122.978, -65.9543, -163.465
4.944, 97, -45.6832, 7.95938, 40.3069, 123.192, -65.8435, -163.362
4.948, 97, -45.8086, 7.97045, 40.1485, 123.418, -65.7287, -163.249
4.952, 97, -45.9396, 7.97939, 39.9858, 123.655, -65.6097, -163.128
4.956, 97, -46.0761, 7.98626, 39.8188, 123.903, -65.4868, -162.997
4.96, 98, -46.2182, 7.99106, 39.6475, 124.164, -65.3601, -162.856
4.964, 98, -46.3655, 7.99376, 39.4722, 124.436, -65.23, -162.706
4.968, 98, -46.5179, 7.99437, 39.293, 124.721, -65.0969, -162.547
4.972, 98, -46.6751, 7.99302, 39.1098, 125.018, -64.9611, -162.378
4.976, 98, -46.8368, 7.9899, 38.9231, 125.327, -64.8233, -162.2
4.98, 98, -47.003, 7.98527, 38.7329, 125.648, -64.684, -162.014
4.984, 99, -47.1732, 7.97935, 38.5395, 125.98, -64.5437, -161.82
4.988, 99, -47.3472, 7.97236, 38.3433, 126.323, -64.4031, -161.62
4.992, 99, -47.5245, 7.96448, 38.1447, 126.676, -64.2627, -161.415
4.996, 99, -47.7046, 7.95588, 37.9443, 127.037, -64.1232, -161.206
5, 99, -47.8868, 7.9468, 37.7426, 127.407, -63.9849, -160.993
5.004, 99, -48.0708, 7.93747, 37.54, 127.783, -63.8483, -160.779
5.008, 99, -48.2564, 7.92821, 37.3371, 128.164, -63.714, -160.564
5.012, 99, -48.4438, 7.91927, 37.134, 128.551, -63.5823, -160.349
5.016, 100, -48.6333, 7.91081, 36.931, 128.94, -63.4535, -160.136
5.02, 100, -48.8254, 7.9029, 36.7282, 129.333, -63.3279, -159.924
5.024, 100, -49.0203, 7.89563, 36.5255, 129.728, -63.2057, -159.714
5.028, 100, -49.2181, 7.88911, 36.323, 130.126, -63.087, -159.507
5.032, 100, -49.4186, 7.88345, 36.1206, 130.526, -62.9719, -159.302
5.036, 100, -49.6213, 7.8788, 35.918, 130.929, -62.8601, -159.098
5.04, 100, -49.826, 7.87533, 35.715, 131.335, -62.7516, -158.897
5.044, 100, -50.0325, 7.87317, 35.5115, 131.746, -62.6462, -158.696
5.048, 101, -50.2408, 7.87229, 35.3071, 132.163, -62.5436, -158.494
5.052, 101, -50.4513, 7.8726, 35.1014, 132.586, -62.4436, -158.292
5.056, 101, -50.6645, 7.87391, 34.8941, 133.015, -62.3459, -158.087
5.06, 101, -50.8809, 7.87613, 34.6852, 133.453, -62.25, -157.88
5.064, 101, -51.1008, 7.87926, 34.4743, 133.899, -62.1555, -157.669
5.068, 101, -51.3246, 7.88331, 34.2616, 134.355, -62.0618, -157.453
5.072, 101, -51.5528, 7.88831, 34.047, 134.821, -61.9684, -157.232
5.076, 101, -51.7854, 7.89416, 33.8306, 135.297, -61.8746, -157.005
5.08, 101, -52.023, 7.90068, 33.6127, 135.785, -61.7799, -156.772
5.084, 101, -52.2658, 7.90759, 33.3934, 136.284, -61.6837, -156.532
5.088, 101, -52.5142, 7.91454, 33.1729, 136.794, -61.5855, -156.285
5.092, 101, -52.7684, 7.92117, 32.9516, 137.316, -61.4847, -156.031
5.096, 101, -53.0287, 7.92718, 32.7297, 137.849, -61.381, -155.771
5.1, 101, -53.2952, 7.93237, 32.5077, 138.395, -61.2738, -155.504
5.104, 101, -53.568, 7.93656, 32.286, 138.951, -61.1627, -155.23
5.108, 101, -53.8469, 7.93958, 32.0649, 139.52, -61.0472, -154.95
5.112, 101, -54.132, 7.94123, 31.8451, 140.1, -60.9271, -154.664
5.116, 101, -54.423, 7.94129, 31.6268, 140.691, -60.8019, -154.372
5.12, 101, -54.72, 7.93953, 31.4107, 141.292, -60.6715, -154.075
5.124, 101, -55.0227, 7.93573, 31.1972, 141.904, -60.5357, -153.773
5.128, 101, -55.3307, 7.92974, 30.9869, 142.527, -60.3943, -153.465
5.132, 101, -55.6439, 7.92142, 30.7802, 143.158, -60.2471, -153.154
5.136, 101, -55.9619, 7.91067, 30.5776, 143.799, -60.0942, -152.837
5.14, 101, -56.2843, 7.89739, 30.3798, 144.449, -59.9353, -152.517
5.144, 101, -56.611, 7.88151, 30.1871, 145.106, -59.7706, -152.194
5.148, 101, -56.9416, 7.86296, 30.0001, 145.77, -59.5999, -151.867
5.152, 101, -57.2759, 7.84166, 29.8192, 146.441, -59.4233, -151.538
5.156, 101, -57.6133, 7.81758, 29.6447, 147.117, -59.2409, -151.206
5.16, 101, -57.9535, 7.79068, 29.4773, 147.798, -59.0528, -150.873
5.164, 101, -58.2958, 7.76097, 29.3171, 148.483, -58.8589, -150.538
5.168, 101, -58.6397, 7.72847, 29.1647, 149.172, -58.6595, -150.203
5.172, 101, -58.9847, 7.69323, 29.0203, 149.864, -58.4547, -149.867
5.176, 101, -59.3303, 7.65531, 28.8841, 150.558, -58.2446, -149.531
5.18, 101, -59.6762, 7.61477, 28.7565, 151.252, -58.0294, -149.196
5.184, 101, -60.0219, 7.57169, 28.6376, 151.948, -57.8094, -148.862
5.188, 101, -60.3672, 7.52617, 28.5274, 152.642, -57.5849, -148.529
5.192, 101, -60.7117, 7.47829, 28.426, 153.335, -57.3562, -148.198
5.196, 101, -61.0549, 7.42817, 28.3334, 154.026, -57.1237, -147.871
5.2, 101, -61.3965, 7.37592, 28.2496, 154.714, -56.8877, -147.546
5.204, 101, -61.7358, 7.32165, 28.1743, 155.397, -56.6488, -147.225
5.208, 101, -62.0723, 7.26553, 28.1075, 156.075, -56.4073, -146.908
5.212, 101, -62.4056, 7.20771, 28.0491, 156.747, -56.1638, -146.596
5.216, 101, -62.7351, 7.14835, 27.9988, 157.411, -55.9186, -146.29
5.22, 101, -63.0604, 7.0876, 27.9564, 158.068, -55.6724, -145.989
5.224, 101, -63.3813, 7.02561, 27.9218, 158.716, -55.4256, -145.694
5.228, 101, -63.6973, 6.96252, 27.8946, 159.354, -55.1785, -145.405
5.232, 101, -64.0082, 6.89846, 27.8746, 159.982, -54.9318, -145.124
5.236, 101, -64.3136, 6.83358, 27.8614, 160.6, -54.6857, -144.849
5.24, 101, -64.6134, 6.76807, 27.8549, 161.206, -54.4406, -144.581
5.244, 101, -64.9072, 6.7021, 27.8546, 161.801, -54.197, -144.321
5.248, 101, -65.1947, 6.63588, 27.8602, 162.385, -53.955, -144.068
5.252, 101, -65.4757, 6.56956, 27.8713, 162.957, -53.715, -143.822
5.256, 101, -65.7501, 6.50332, 27.8877, 163.517, -53.4772, -143.583
5.26, 101, -66.0178, 6.43727, 27.9088, 164.066, -53.242, -143.352
5.264, 101, -66.2785, 6.37155, 27.9344, 164.602, -53.0095, -143.128
5.268, 101, -66.5324, 6.30628, 27.9639, 165.127, -52.7799, -142.911
5.272, 101, -66.7793, 6.24158, 27.9972, 165.639, -52.5536, -142.701
5.276, 101, -67.0191, 6.17758, 28.0337, 166.139, -52.3308, -142.498
5.28, 101, -67.2518, 6.11441, 28.0732, 166.627, -52.1116, -142.302
5.284, 101, -67.4773, 6.05219, 28.1152, 167.102, -51.8964, -142.113
5.288, 101, -67.6955, 5.99104, 28.1595, 167.564, -51.6855, -141.932
5.292, 101, -67.9064, 5.9311, 28.2057, 168.013, -51.4791, -141.757
5.296, 101, -68.1099, 5.87247, 28.2534, 168.448, -51.2775, -141.589
5.3, 101, -68.306, 5.81527, 28.3024, 168.87, -51.081, -141.428
5.304, 101, -68.4945, 5.75961, 28.3521, 169.278, -50.89, -141.275
5.308, 101, -68.6754, 5.70563, 28.4023, 169.671, -50.7048, -141.128
5.312, 101, -68.8486, 5.65343, 28.4527, 170.05, -50.5258, -140.988
5.316, 101, -69.0139, 5.60315, 28.5029, 170.413, -50.3532, -140.855
5.32, 101, -69.1713, 5.55489, 28.5526, 170.76, -50.1874, -140.729
5.324, 101, -69.3207, 5.50874, 28.6015, 171.09, -50.0287, -140.611
5.328, 101, -69.4619, 5.46478, 28.6493, 171.404, -49.8775, -140.499
5.332, 101, -69.595, 5.42306, 28.6956, 171.701, -49.7341, -140.394
5.336, 101, -69.7199, 5.38358, 28.7402, 171.98, -49.5988, -140.297
5.34, 101, -69.8368, 5.34632, 28.7828, 172.241, -49.4718, -140.206
5.344, 101, -69.9456, 5.31125, 28.8232, 172.484, -49.3534, -140.122
5.348, 101, -70.0465, 5.27837, 28.8611, 172.709, -49.2437, -140.046
5.352, 101, -70.1395, 5.24767, 28.8965, 172.915, -49.1428, -139.976
5.356, 101, -70.2248, 5.21919, 28.9291, 173.103, -49.0507, -139.912
5.36, 101, -70.3026, 5.19295, 28.9588, 173.272, -48.9673, -139.855
5.364, 101, -70.3731, 5.16899, 28.9858, 173.424, -48.8925, -139.805
5.368, 101, -70.4365, 5.14729, 29.0098, 173.559, -48.8261, -139.76
5.372, 101, -70.4932, 5.12783, 29.0311, 173.677, -48.7677, -139.721
5.376, 101, -70.5437, 5.11051, 29.0495, 173.78, -48.717, -139.687
5.38, 101, -70.5883, 5.09523, 29.0654, 173.868, -48.6735, -139.658
5.384, 101, -70.6274, 5.08187, 29.0788, 173.943, -48.6367, -139.634
5.388, 101, -70.6615, 5.0703, 29.09, 174.005, -48.606, -139.614
5.392, 101, -70.6907, 5.06041, 29.0991, 174.057, -48.5807, -139.597
5.396, 101, -70.7156, 5.05207, 29.1065, 174.098, -48.5601, -139.583
5.4, 101, -70.7365, 5.04511, 29.1123, 174.131, -48.5438, -139.573
5.404, 101, -70.754, 5.03938, 29.1168, 174.157, -48.5309, -139.564
5.408, 101, -70.7686, 5.0347, 29.1202, 174.177, -48.521, -139.558
5.412, 101, -70.7806, 5.03092, 29.1227, 174.193, -48.5136, -139.553
5.416, 101, -70.7906, 5.02791, 29.1246, 174.204, -48.5081, -139.549
5.42, 101, -70.7987, 5.02555, 29.1258, 174.212, -48.5042, -139.547
5.424, 101, -70.8052, 5.02374, 29.1267, 174.217, -48.5014, -139.545
5.428, 102, -70.8102, 5.02238, 29.1272, 174.221, -48.4995, -139.544
5.432, 102, -70.814, 5.0214, 29.1276, 174.224, -48.4982, -139.543
5.436, 102, -70.8167, 5.02072, 29.1279, 174.226, -48.4973, -139.542
5.44, 102, -70.8185, 5.02025, 29.128, 174.227, -48.4967, -139.542
5.444, 102, -70.8198, 5.01993, 29.1281, 174.228, -48.4963, -139.542
5.448, 102, -70.8206, 5.01971, 29.1282, 174.229, -48.496, -139.541
5.452, 102, -70.8212, 5.01957, 29.1283, 174.229, -48.4958, -139.541
5.456, 102, -70.8216, 5.01947, 29.1283, 174.229, -48.4957, -139.541
5.46, 102, -70.8219, 5.0194, 29.1283, 174.23, -48.4956, -139.541
5.464, 102, -70.822, 5.01936, 29.1283, 174.23, -48.4956, -139.541
5.468, 102, -70.8222, 5.01932, 29.1284, 174.23, -48.4955, -139.541
5.472, 102, -70.8222, 5.0193, 29.1284, 174.23, -48.4955, -139.541
5.476, 102, -70.8223, 5.01929, 29.1284, 174.23, -48.4955, -139.541
5.48, 102, -70.8223, 5.01928, 29.1284, 174.23, -48.4955, -139.541
5.484, 102, -70.8224, 5.01927, 29.1284, 174.23, -48.4955, -139.541
5.488, 102, -70.8224, 5.01927, 29.1284, 174.23, -48.4955, -139.541
5.492, 102, -70.8224, 5.01927, 29.1284, 174.23, -48.4955, -139.541
5.496, 102, -70.8224, 5.01926, 29.1284, 174.23, -48.4954, -139.541
5.5, 102, -70.8224, 5.01926, 29.1284, 174.23, -48.4954, -139.541
5.504, 102, -70.8224, 5.01926, 29.1284, 174.23, -48.4954, -139.541
5.508, 102, -70.8224, 5.01926, 29.1284, 174.23, -48.4954, -139.541
5.512, 102, -70.8224, 5.01926, 29.1284, 174.23, -48.4954, -139.541
5.516, 102, -70.8224, 5.01926, 29.1284, 174.23, -48.4954, -139.541
5.52, 102, -70.8224, 5.01926, 29.1284, 174.23, -48.4954, -139.541
5.524, 102, -70.8224, 5.01926, 29.1284, 174.23, -48.4954, -139.541
5.528, 102, -70.8224, 5.01926, 29.1284, 174.23, -48.4954, -139.541
5.532, 102, -70.8224, 5.01926, 29.1284, 174.23, -48.4954, -139.541
5.536, 102, -70.8224, 5.01926, 29.1284, 174.23, -48.4954, -139.541
5.54, 102, -70.8224, 5.01926, 29.1284, 174.23, -48.4954, -139.541
5.544, 102, -70.8224, 5.01926, 29.1284, 174.23, -48.4954, -139.541
