99.4942277372711,544.8296363392299,1128.2911948703036,-0.1859102247166435,0.7352720924414266,-0.6517762947688522
102.9101737042995,545.224217397548,1127.7705582876779,-0.18281774278258842,0.7341427705554638,-0.6539205344420892
106.36188564646432,545.6017706793705,1127.2382422190794,-0.17966217932068215,0.7334082814924161,-0.6556171092643055
109.8147475774274,545.9581405763305,1126.6994841945684,-0.1764858235963822,0.7330262616214869,-0.6569058180917068
113.26863915900867,546.293263864094,1126.1542958996617,-0.17328437473075128,0.732949635812337,-0.6578429575793416
116.7579901034212,546.6101093169223,1125.5971415286483,-0.17002194262449463,0.7331392018953253,-0.6584826874493199
120.2135788120338,546.902342668491,1125.0390676175493,-0.16676046585393292,0.7335529200901583,-0.6588558722933124
123.66982248639351,547.1731502916127,1124.4746046544647,-0.16346586866124155,0.7341573090815721,-0.6590083120150539
127.12659271025859,547.4224773273199,1123.903768659295,-0.1601368701804003,0.734921739622063,-0.6589736105791386
130.5837592407545,547.6502716541579,1123.3265769423697,-0.15677275704997,0.735818764059542,-0.658781488131565
134.07576530033384,547.8584370902389,1122.7371809438312,-0.1533391385025059,0.7368343789562044,-0.6584544073749785
137.53332754172243,548.0428051899835,1122.1472721159698,-0.1499042173446242,0.7379264752710936,-0.6580222205338332
140.99088408121224,548.2055023923133,1121.5510680421598,-0.14643474186719677,0.7390852926852555,-0.6575026969607333
144.4482984376457,548.3464896400267,1120.9485917446468,-0.14293157383213592,0.7402938138934334,-0.6569137190780715
147.90543288459935,548.4657315745449,1120.3398677615528,-0.13939580988620529,0.7415371405396753,-0.6562708872001034
151.39671315625355,548.564061263559,1119.7187413854776,-0.13579290305371614,0.7428150464558063,-0.6555807305276007
154.8528640127215,548.6395038381439,1119.0975400149287,-0.1321956192742659,0.7440909792049402,-0.654868637904219
158.3083142770638,548.6931183942045,1118.470174150625,-0.12856993814489062,0.745367985708051,-0.6541378577080996
161.76292263146797,548.7248857346618,1117.836674561156,-0.12491740677077345,0.7466380278687291,-0.65339673769155
165.21654722683502,548.7347909584487,1117.1970735770915,-0.12123958900379761,0.7478944022214288,-0.65265222376396
168.70356464921997,548.7225933867047,1116.5449178767165,-0.11750090782240352,0.7491438616139052,-0.6519026087285719
172.15478139279298,548.6885284514713,1115.8931571669386,-0.11377692904643225,0.7503571917787673,-0.6511673326900281
175.60458570362198,548.632583238124,1115.235401711509,-0.1100322207718329,0.7515433787199842,-0.6504425111369718
179.05283509495825,548.554760778621,1114.5716899912559,-0.1062681874495055,0.7526997582691659,-0.6497308259869902
182.49938729071732,548.4550686992291,1113.90206197287,-0.10248615989336729,0.7538243827781315,-0.649034195523996
185.97853773446764,548.3321934284297,1113.2197745299538,-0.09864932117254951,0.7549266657118746,-0.6483471607320782
189.4212497573385,548.1885851966855,1112.5383815281953,-0.09483482661668478,0.7559839669115564,-0.6476840259210124
192.8618390519673,548.0231582717431,1111.8512012215813,-0.09100585505056326,0.7570070015550824,-0.6470381240260111
196.3001656165627,547.8359389023451,1111.1582792493177,-0.08716341174174604,0.7579957649074147,-0.6464092821393905
199.73609035915842,547.6269579878297,1110.459662581889,-0.08330842546371431,0.7589505439611391,-0.6457970099557974
203.203795785912,547.3938344113585,1109.7483285049245,-0.0794030308813048,0.7598809017876769,-0.645194678980856
206.63447644037592,547.1412249935149,1109.038412781281,-0.07552536192815991,0.7607691134386863,-0.6446132761147073
210.0623433894757,546.8669749347323,1108.3229513952922,-0.07163754362361609,0.761625375554916,-0.6440456891047469
213.48726245819603,546.5711335794128,1107.6019962673558,-0.0677402619640219,0.7624505907777797,-0.6434907563684664
216.90910099367943,546.253754787241,1106.8756004489483,-0.06383416188603676,0.7632457091563937,-0.642947266290682
220.36189758721366,545.9114000473772,1106.136473239532,-0.05988067308624924,0.7640192132057982,-0.6424087070106779
223.77714967391807,545.5509119545088,1105.3993064707865,-0.05595867497804591,0.7647567507881182,-0.6418845214045139
227.18893220870882,545.1690753017083,1104.656865084183,-0.052029635177097425,0.7654670498370989,-0.6413681568935482
230.5971196959092,544.7659615394012,1103.9092062269824,-0.04809411592734744,0.7661509873171228,-0.640858502827391
234.0015886639817,544.341646350844,1103.156387955784,-0.04415267778083101,0.7668093781720882,-0.6403545257059702
237.43620424595633,543.8916488305777,1102.3908644476278,-0.04016639314848832,0.7674491781240076,-0.6398503105088147
240.83283409842602,543.4249644752549,1101.6278548261967,-0.03621477943285296,0.7680583865487124,-0.6393549910674188
244.2253868411858,542.9373313153476,1100.859865573047,-0.03225898661985964,0.7686440400029872,-0.6388628159081936
247.61374793570553,542.428841260891,1100.086957936899,-0.028299627530888823,0.7692066319234043,-0.6383731577115896
250.9978052508593,541.8995900642292,1099.309193849689,-0.0243373391506574,0.769746570201714,-0.6378855003727268
254.4112229115101,541.3440741086877,1098.5187863064957,-0.020333130875760917,0.770269243300782,-0.6373945847068595
257.7863004732285,540.7733977607024,1097.7314506372234,-0.01636699315844859,0.77076454695082,-0.6369098324713232
261.15675187484294,540.1822707753081,1096.9394486083122,-0.012400014679883737,0.7712379351450745,-0.6364261834879997
264.522475219193,539.5708034046903,1096.1428444481091,-0.008432950770635203,0.7716895061216934,-0.6359435442576309
267.8833712833989,538.9391092789094,1095.3417028494732,-0.004466587851984739,0.7721192951689047,-0.6354619135879309
271.27287809700215,538.280686116289,1094.528010424609,-0.0004621047088518415,0.7725312515086261,-0.6349765758685544
274.62378218600634,537.608693105301,1093.7179459399354,0.0035003491269114764,0.7729171486047964,-0.6344973041303023
277.9695768561837,536.9168347471792,1092.9035411255024,0.007459558207910104,0.7732810660012789,-0.6340195170144756
281.3101739694155,536.2052372096008,1092.0848621215523,0.011414625388087357,0.7736228639397691,-0.6335435034130483
284.64548822168945,535.4740295293678,1091.261975329303,0.015364632170745301,0.7739423794874716,-0.6330696022646553
288.0087092862609,534.7157387347844,1090.426656406062,0.019348048734047173,0.7742422911937471,-0.6325934931195879
291.3331584975051,533.9455160817486,1089.5955136882092,0.023285036933197865,0.7745164736255701,-0.632125018598087
294.6520853723248,533.1560879456911,1088.760364242421,0.02721410729250004,0.7747678243749262,-0.6316598852844909
297.9654161387773,532.3475938135392,1087.921275139643,0.031134293132076586,0.7749961668540857,-0.6311985402016077
301.2730799252372,531.5201755136065,1087.0783135281822,0.03504462633873066,0.7752013391005229,-0.630741435155116
304.60799886805603,530.6654207792755,1086.223059940951,0.038983079140898186,0.7753849005043871,-0.6302845195707226
307.9040693757345,529.8004028722816,1085.372517855547,0.042870696972001354,0.7755431008647852,-0.6298372821945114
311.19427710195396,528.9169007675234,1084.5183055066532,0.04674558491249746,0.7756777918757928,-0.6293955937896952
314.47856280929,528.0150646240807,1083.660490020467,0.050606814280848664,0.7757889271868541,-0.6289598483230975
317.75687014849086,527.0950464169899,1082.7991384394522,0.05445347722665656,0.7758765004482666,-0.6285304088666495
321.0618377686287,526.1475288492738,1081.9256521923587,0.05832292202693514,0.7759410704216739,-0.6281034086829235
324.32796975157,525.1914312484218,1081.0573953813412,0.062137664927051355,0.7759814420160989,-0.627687591277723
327.5879710682859,524.2176189548535,1080.185803477052,0.06593527464414639,0.7759985028297229,-0.6272789356925914
330.84179682287004,523.2262502008047,1079.3109429009917,0.06971496563103316,0.7759924326579246,-0.6268776340121734
334.0894049325659,522.2174845288221,1078.43287985344,0.0734759911476821,0.7759634610695119,-0.6264838272532582
337.36313789490623,521.1811361803274,1077.5428526762862,0.07725496238701456,0.775911238495423,-0.6260937795275404
340.59813250164893,520.1378901344981,1076.6585519020882,0.080976381491697,0.7758371312139472,-0.6257152479125181
343.8267995491922,519.077734328541,1075.7712463410303,0.08467714681358571,0.7757411132431852,-0.6253443099858946
347.049108004848,518.0008325971468,1074.8810010686861,0.08835669049284582,0.7756236106241222,-0.6249808876178146
350.265029525739,516.9073496133019,1073.987880825586,0.09201449324526732,0.7754850952917474,-0.6246248474189662
353.50660105470024,515.7862694724222,1073.0829767124508,0.09568632748284225,0.7753243912728088,-0.6242725486758928
356.7096098248958,514.6599592548534,1072.1842721667117,0.09929906036411876,0.7751452430096532,-0.6239307244000006
359.90616228023123,513.5175676198644,1071.2828853009191,0.10288878898422885,0.7749467575536417,-0.623595558081082
363.0962405575865,512.359261724609,1070.378879320993,0.10645519359814935,0.7747295675280981,-0.623266707721267
366.2798293249548,511.1852091365725,1069.4723170070124,0.10999800365384597,0.7744943385186893,-0.622943784618377
369.4886537367645,509.98360333613977,1068.5541577497606,0.11355206595886597,0.7742391549719864,-0.6226232080678797
372.6591622658261,508.7784080545086,1067.642645317936,0.11704682675604236,0.7739697979404568,-0.6223108485494603
375.8231500547988,507.55797214437604,1066.7287627987162,0.12051746533069235,0.7736845713678681,-0.6220029940262218
378.9806115623219,506.32246404174714,1065.8125711179555,0.12396389685413302,0.7733842397964927,-0.6216990991718899
382.1315435951558,505.0720522162503,1064.8941307068017,0.12738607864558563,0.7730695838462236,-0.6213985882661204
385.3073563108255,503.7941797878347,1063.9642843462739,0.1308178649823468,0.7727380492799399,-0.6210978935695193
388.44516373836746,502.5143208990826,1063.0415047378356,0.13419133533181518,0.7723970103697828,-0.6208023388274934
391.5764458588876,501.2200649036092,1062.1166552019652,0.13754065989101397,0.7720440593438217,-0.6205082894761828
394.70120850224066,499.91157973911237,1061.189794081186,0.14086594236938124,0.7716800073037623,-0.620215085763038
397.81945964820306,498.58903305571283,1060.2609791749655,0.14416731668784882,0.7713056648866621,-0.6199220564819181
400.9622940904478,497.23915814900545,1059.3209512327328,0.14747760125868056,0.7709179558546178,-0.6196255824834251
404.06748975259643,495.8888535120106,1058.3883818318234,0.1507314338011929,0.7705253651768686,-0.619330845738601
407.166210499762,494.52498968163826,1057.4540292742984,0.15396191633811201,0.7701248920678917,-0.6190342308264662
410.25847252153926,493.1477326023751,1056.5179491156591,0.15716927662831062,0.7697173169377866,-0.618735056781357
413.3442939513061,491.7572476670102,1055.5801963388749,0.1603537589792802,0.7693034064297494,-0.6184326485857611
416.45445648212717,490.33959877827056,1054.631423651362,0.1635471268680392,0.7688796906478205,-0.618123255186635
419.52739482540824,488.9230237125591,1053.6904729048413,0.1666864170143183,0.768455298992116,-0.6178123435428163
422.59395846981647,487.4937148420365,1052.7480115488884,0.16980363779306248,0.7680267761641862,-0.6174962313140784
425.6541729254445,486.05183490835634,1051.804092239247,0.17289907368430935,0.7675948143662658,-0.6171742957035118
428.7080654378053,484.597545893653,1050.8587670466977,0.17597301309203614,0.7671600834485889,-0.6168459329739197
431.7861092639416,483.1162823079346,1049.9026139935422,0.17905616736194074,0.7667188526690409,-0.6165071693756065
434.82738389671886,481.6375377984649,1048.9546181252656,0.1820877761214256,0.7662804863555115,-0.6161641485983385
437.86242865147824,480.146866848822,1048.0053695736106,0.18509875864997652,0.7658412220975065,-0.6158130171427324
440.89127731780763,478.64442806542974,1047.0549180633006,0.1880893983342015,0.7654016309492174,-0.6154532651424933
443.9139652145893,477.1303791409001,1046.103312736723,0.1910599728590674,0.7649622579999114,-0.6150844093348246
446.9606639910396,475.58956449450363,1045.1410696315713,0.19404016148315584,0.7645192412562078,-0.6147021599771906
449.9710815610024,474.052652395965,1044.1872914491753,0.1969712147758404,0.7640818501228035,-0.6143136551165408
452.9754534932879,472.5045990564009,1043.2325038787828,0.19988299045100047,0.763646160310543,-0.6139147595320789
455.97382083466414,470.94555827457134,1042.2767537540828,0.20277573030240884,0.7632126126908778,-0.613505102692626
458.9662259608767,469.37568283028514,1041.3200873419971,0.2056496647474495,0.7627816228757374,-0.6130843426416291
461.9825476656722,467.7792654472458,1040.352970733973,0.20853347248939058,0.7623493175156344,-0.6126477853832195
464.9631021046205,466.1880703007227,1039.394600275307,0.21137025593400718,0.7619246269357582,-0.6122037877824655
467.93782950847526,464.5864940610905,1038.4354494192646,0.21418885306440077,0.7615035988815463,-0.611747827224102
470.9067771940545,462.974685282505,1037.4755622089006,0.216989443655583,0.7610865543413258,-0.6112796726073009
473.8699936155854,461.35279143861925,1036.5149821467915,0.21977219433420764,0.7606737928409717,-0.610799118763656
476.85707515262516,459.70459089191144,1035.5441367640387,0.22256482044658643,0.7602615353845468,-0.6103009900977634
479.8089227222549,458.0628677758531,1034.5822935143633,0.2253121641897957,0.7598582072154316,-0.6097949930882187
482.7551913692414,456.41149689976083,1033.6198851592787,0.22804209135878603,0.7594599444710752,-0.609276125671032
485.6959337423482,454.75062134215494,1032.6569531007449,0.23075471753947185,0.7590669711351022,-0.6087442760840226
488.63120344745744,453.0803830767586,1031.693538234967,0.2334501465204608,0.7586794951529398,-0.6081993527816817
491.5903263539676,451.3840822739932,1030.720040288657,0.23615516797702948,0.7582939210840024,-0.6076356357923638
494.51476185315937,449.6954499725846,1029.7557766878026,0.2388162996210194,0.757918064816964,-0.6070642322352982
497.4338914701327,447.9978756328206,1028.7911504041615,0.24146048097385692,0.7575482466298731,-0.6064795875838516
500.34777230864574,446.29149679987563,1027.8262003858022,0.24408777447825186,0.7571846216720894,-0.6058816774367335
503.2564622628356,444.5764499204082,1026.860965115912,0.24669823399084415,0.7568273347233487,-0.6052704905753723
506.18902984552665,442.83559191623664,1025.8858266755885,0.2493177575969968,0.7564730462488847,-0.6046397159017413
509.08746429202097,441.1035306022248,1024.920132628143,0.251894512753787,0.7561289000660478,-0.6040018550711921
511.98088657154676,439.3632053646479,1023.954266446333,0.254454551728095,0.7557914755709289,-0.6033507491991474
514.869357437997,437.6147482973953,1022.9882648378644,0.2569979014527457,0.7554608861680514,-0.6026864260285505
517.7529382845078,435.8582904260551,1022.0221640903708,0.25952458399162404,0.7551372397377382,-0.6020089197555505
520.6604544734421,434.07627911847726,1021.0463382414339,0.2620596335446479,0.7548175093581212,-0.6013112971106128
523.5343945401826,432.30413171311216,1020.080146344656,0.2645528656086044,0.7545081263170494,-0.6006074163876197
526.4036329582225,430.5243715307289,1019.1139620927818,0.2670294743831722,0.7542059854218166,-0.5998904828087822
529.2682334086405,428.73712540315273,1018.147820182189,0.269489469051301,0.7539111798508826,-0.5991605452349967
532.1282600780285,426.9425191418094,1017.1817549358677,0.27193285701613235,0.7536238006558649,-0.5984176537837543
535.0123102585437,425.1226230142697,1016.2061414392076,0.274383828436859,0.7533411768599078,-0.5976542361095267
537.863339716615,423.31359940098946,1015.2403326545289,0.2767938544741821,0.7530689938795879,-0.5968854601868863
540.7099914033613,421.49758830300016,1014.2747016873534,0.27918728981986557,0.7528045030249972,-0.5961038814068618
543.5523312944151,419.67471155643557,1013.3092814574104,0.2815641388762536,0.7525477910096224,-0.5953095480045755
546.3904257560739,417.84509003706535,1012.3441045577865,0.2839244060148583,0.7522989442006944,-0.5945025064906212
549.25265980672,415.9904481575993,1011.3695557514143,0.2862914489272384,0.7520556802881803,-0.5936745404827677
552.0824231929507,414.14763148309237,1010.4049652671988,0.28861840023591623,0.75182290324736,-0.5928420879104078
554.9081430667607,412.29842820845045,1009.440714339559,0.290928783865457,0.7515982507943769,-0.5919970541492576
557.7298871624594,410.442955491596,1008.4768343434288,0.29322260502247777,0.7513818091540362,-0.5911394765841982
560.5477235100248,408.5813295976311,1007.513356372417,0.29549986905494974,0.7511736645864096,-0.5902693902112256
563.3898412302838,406.6949591733943,1006.54068308581,0.29778310487948656,0.750971948344782,-0.5893779392270937
566.2000299107747,404.8213135623547,1005.5781061517844,0.300027105121257,0.7507807416630603,-0.5884828070049486
569.0065172351233,402.9418594861647,1004.6160232246747,0.302254563586011,0.7505980911947985,-0.5875752584019813
571.8093722609135,401.0567097720384,1003.6544643569607,0.30446548433841775,0.7504240824828808,-0.5866553206750109
574.6086642666137,399.16597642585907,1002.6934593625964,0.3066598704390117,0.7502588005438353,-0.5857230199239695
577.4324033170442,397.2507813273279,1001.723436655794,0.30885941864990857,0.7501008097629951,-0.5847688728926498
580.224744053688,395.34916045660736,1000.7636342123567,0.3110205735515894,0.7499533227907366,-0.5838117988382677
583.0137315091749,393.4422882812079,999.8044740244852,0.3131651933962285,0.7498148134975551,-0.58284243763193
585.7994357297339,391.53027365959804,998.8459850304409,0.3152932735612771,0.7496853629417852,-0.5818608151764968
588.5819269274973,389.61322470192795,997.8881959695871,0.31740480651435954,0.7495650507120114,-0.5808669585651111
591.38905332533,387.6720045058015,996.9215685590488,0.319520647486861,0.7494528905830481,-0.579850774446574
594.1652993700245,385.74516061949487,995.9652725355576,0.3215988839206344,0.7493511802743743,-0.5788324165787582
596.9385446477054,383.8136034398965,995.0097618253549,0.3236605288103994,0.7492588371632827,-0.5778019185005345
599.7088599556764,381.877438223249,994.0550644442746,0.3257055589139768,0.7491759331949864,-0.5767593172320283
602.4763162207169,379.93676955069475,993.1012082455238,0.3277339461393388,0.7491025380412092,-0.5757046534883629
605.2686173379425,377.9722287931015,992.1386955345176,0.32976568996661204,0.7490381293954069,-0.5746272447706202
608.0305419814949,376.0228218815081,991.1866137465871,0.3317605187180527,0.7489840480507535,-0.5735484757066623
610.7898218037035,374.0692223760474,990.2354560661217,0.33373858752553703,0.7489396706163144,-0.5724577931809353
613.5465282044038,372.111532297276,989.2852497618219,0.3356998458194641,0.7489050568684571,-0.5713552566605491
616.3007326929103,370.14985306375127,988.3360219729202,0.3376442368704042,0.7488802640512505,-0.5702409310306759
619.0800125972721,368.1646105347333,987.3783226619457,0.3395908865251005,0.7488652477883805,-0.5691035674145298
621.8294049932492,366.195217536203,986.4311432948214,0.34150117723709805,0.7488603581617516,-0.5679657647424976
624.5765113605084,364.2221371670453,985.4850234138328,0.3433943916190212,0.7488654469676828,-0.5668164024995176
627.3214036296365,362.24546857880887,984.5399897013897,0.34527044735290335,0.7488805619283185,-0.5656555684784268
630.0641538342122,360.2653103945322,983.5960687411166,0.3471292557725926,0.7489057487026822,-0.5644833561291613
632.8322307047952,358.2619084305013,982.6438650491681,0.3489890487325293,0.7489414553199286,-0.5632879728593821
635.5708936817239,356.2750324358113,981.7022607679648,0.35081289683490047,0.7489870171725153,-0.5620931946940158
638.3076320387606,354.2849606603687,980.7618487187185,0.35261919391645075,0.7490427778038358,-0.5608873515258
641.0425182262143,352.29178975730633,979.8226551477433,0.3544078275889094,0.7491087767129689,-0.5596705570202076
643.7756248008452,350.29561592619626,978.8847062317,0.3561786802361432,0.7491850525147395,-0.5584429288958067
646.5343300497209,348.27652976005925,977.9386678074148,0.35794906802434245,0.7492725613785406,-0.5571921512958943
649.2640795288398,346.2746092955161,977.0032995808328,0.35968380574524017,0.7493696085585844,-0.5559431172821326
651.9922684499268,344.2699728807796,976.0692544382291,0.36140038073984476,0.7494770467203352,-0.554683622653905
654.7189698139596,342.2627150512096,975.1365583344129,0.3630986585066313,0.7495949141859427,-0.553413795289975
657.4442567378048,340.25292996641195,974.2052371832243,0.3647785015358303,0.7497232500833375,-0.552133763776272
660.195435388651,338.2205772683757,973.2660248217844,0.36645628826170473,0.7498635363694411,-0.5508307050419128
662.9181009498704,336.20599579994536,972.3375455796405,0.3680986521249024,0.7500130373043306,-0.5495305507224901
665.639572874818,334.1891683911879,971.4105191018864,0.3697221547882932,0.7501731330328353,-0.548220574891532
668.3599247678492,332.17018785753294,970.4849711964591,0.3713266523282434,0.7503438696333231,-0.5469009001404105
671.0792303605535,330.1491467207404,969.5609276596949,0.37291200067436436,0.7505252958436782,-0.5455716452051029
673.8247421848596,328.105897502193,968.629196963159,0.3744936188724825,0.7507194395121962,-0.5442194893260314
676.5421682808953,326.0809933349595,967.7082552263599,0.37604004399634255,0.7509225117989302,-0.5428713167821767
679.2587707976522,324.0543054553403,966.7888954964276,0.3775668914212176,0.7511364399453583,-0.5415138881771474
681.9746239973167,322.0259253806445,965.8711435846308,0.3790740223923746,0.751361286782013,-0.540147296829803
684.6898022787459,319.99594442206717,964.9550253217219,0.38056130086601186,0.7515971194299534,-0.5387716272668464
687.4315231784558,317.94413147928844,964.031430444915,0.3820431655687634,0.75184653456514,-0.537373062317594
690.1455704937773,315.9112082240888,963.1186740673083,0.3834901424227323,0.7521046704218141,-0.5359793609779087
692.8591676687604,313.8769578725818,962.2076292726163,0.38491687848944595,0.752374022591273,-0.5345767735169269
695.5723896615475,311.84147109489857,961.2983220359297,0.386323253232028,0.7526546778313576,-0.5331653401626909
698.2853115712644,309.80483844883497,960.3907783854033,0.3877091509321154,0.7529467282616148,-0.5317450880672324
701.0251347281753,307.7467684949511,959.4759759958372,0.38908800974253754,0.7532533652946214,-0.5303016955912168
703.7376812193513,305.70810624003883,958.5720561403426,0.3904324193772206,0.7535686209726324,-0.5288637436851346
706.4501545252422,303.66857021546593,957.6699786076338,0.39175603526252095,0.7538955825170901,-0.5274169692914783
709.162630307289,301.62825072687565,956.7697697106514,0.3930587632158957,0.7542343644180736,-0.5259613409653365
711.8751843647606,299.5872380677337,955.8714558519107,0.39434051466147635,0.7545850867911019,-0.5244968115146057
714.6150207518115,297.52520364589225,954.966109401634,0.3956137069182487,0.7549515645615543,-0.523008537276844
717.3279619880243,295.483070912142,954.0716848397294,0.39685305012748695,0.7553266730036804,-0.5215259088997419
720.0412104688087,293.4405169276968,953.179235405881,0.39807118341664577,0.7557141166022247,-0.5200341401306179
722.7548425259695,291.3976321476247,952.2887879397651,0.39926803970780783,0.756114037039623,-0.518533118961102
725.4689346173084,289.35450712085685,951.4003694100775,0.40044355662892833,0.7565265809875377,-0.5170227173090958
728.2107125795924,287.2907993175889,950.5051537729447,0.401609109156466,0.7569562180439895,-0.5154875434063276
730.9259611201373,285.24746580002,949.6208955504032,0.40274156252501986,0.7573945977064835,-0.5139578359942969
733.6419005570945,283.204165374905,948.7387483017412,0.40385251330633204,0.7578460696791302,-0.5124182687688389
736.3586078157759,281.1609891880887,947.858739596239,0.40494191366600024,0.7583107977723299,-0.5108686529220705
739.0761599269995,279.1180285900723,946.9808971741279,0.40600971794970697,0.758788949228714,-0.5093087859626854
741.8218236802356,277.0549504859146,946.0965036486675,0.4070662341859906,0.7592856810121706,-0.5077226955686747
744.5413073679292,275.01270050304635,945.2231001066066,0.40809049743808107,0.7597913311915974,-0.5061415601853303
747.261868355384,272.9709425368898,944.3519474646821,0.4090930330013536,0.7603109247122011,-0.5045494902514833
749.9835840430003,270.9297689861483,943.4830742355539,0.41007379640801556,0.7608446383433312,-0.5029462374883853
752.7065319086666,268.88927256810547,942.6165091464006,0.41103274136227025,0.7613926500570423,-0.5013315449553637
755.4580389540433,266.8291532845552,941.7436507685761,0.4119790790063958,0.7619608371249861,-0.4996888243185281
758.1836981531821,264.7902997820769,940.8818128538735,0.4128940167926515,0.7625381286814945,-0.49805033199843846
760.9108231417529,262.7524046453867,940.022370931244,0.4137869764154539,0.7631302561637863,-0.49639958730477546
763.6394916429526,260.7155621000198,939.165354676448,0.41465789476904785,0.763737397230037,-0.4947363119662739
766.3697814239852,258.6798668052217,938.310794023795,0.4155067021329331,0.7643597281049919,-0.49306022607170114
769.1290990213058,256.62507594459123,937.450211082575,0.4163414749436144,0.7650038782109795,-0.4913540908183595
771.8628829663173,254.59197484224075,936.600677832598,0.4171455962808828,0.7656572653119322,-0.4896514102691023
774.5985224638985,252.56030876326292,935.7536919350964,0.4179273465136109,0.7663263587786765,-0.4879350826463576
777.3360953854349,250.53017433604717,934.9092844482932,0.4186866192766821,0.7670113238438181,-0.48620483742350484
780.0756796099545,248.50166873705302,934.0674867321044,0.41942329666119677,0.7677123216881517,-0.4844604105043486
782.8447805646838,246.45463097457775,933.2199523409962,0.42014427259799975,0.768436763115412,-0.4826838834017626
785.588643089724,244.4296956142848,932.3834963912805,0.4208351253899816,0.7691704556525992,-0.4809101864061229
788.3347513054907,242.4066851179316,931.549746510208,0.4215029493762949,0.769920636913026,-0.4791215675823056
791.0831830477593,240.3856990853201,930.7187353506187,0.42214757169289857,0.7706874472024613,-0.4773178044430598
793.8340161232595,238.3668377761804,929.8904959079402,0.4227688039414208,0.7714710205192231,-0.4754986886553626
796.6148742067917,236.33004735856545,929.0568214634645,0.42337229793279324,0.7722795746108266,-0.47364560167072994
799.3707691776215,234.31576281350806,928.234254409098,0.4239458798917981,0.7730972199109212,-0.4717950608990881
802.1292994327209,232.30390897640876,927.4145605331039,0.4244954044160635,0.7739319903672301,-0.4699286391739291
804.8905425911166,230.2945889717379,926.5977742813687,0.42502061483082365,0.7747839916173873,-0.46804619782907925
807.6545762076937,228.2879066920019,925.7839304798327,0.4255212364807347,0.7756533215805053,-0.4661476182766962
810.4491615271616,226.26394162545716,924.9649708374363,0.42600160713742163,0.7765490260375659,-0.4642135724819367
813.219038278882,224.26287866484222,924.1571482829654,0.42645190042333125,0.7774534509634324,-0.46228228195592724
815.9919384747514,222.2647709920433,923.352375367953,0.4268766674055565,0.7783754513726251,-0.4603346255988013
818.7679393459471,220.26972578910753,922.5506885107543,0.42727555963571834,0.7793150930306597,-0.4583705726948433
821.5471180267475,218.27785110983444,921.7521245429892,0.4276482103445238,0.7802724336025706,-0.4563901155251377
824.3573925806986,216.26938688010873,920.9487827631673,0.42799755920071,0.7812573633308851,-0.4543732183563514
827.1431915699659,214.2842154484717,920.1566089222404,0.4283162823716015,0.782250420619134,-0.4523598586264683
829.9323998945113,212.30254524599493,919.3676713882458,0.42860755244281956,0.7832613021710859,-0.450330210523601
832.7250942366816,210.32448802317867,918.582008709118,0.4288709325336063,0.7842900340569616,-0.44828435808835126
835.5213511502875,208.35015650171886,917.7996598746098,0.4291059694133049,0.7853366349734984,-0.4462224073064586
838.3492646483874,206.3599792491359,917.0128914345632,0.4293141094607361,0.7864118515085889,-0.4441236260600968
841.1529133574998,204.39348140114288,916.2373231860627,0.42949074326764314,0.7874943968985402,-0.44202972332277884
843.9603542242194,202.43105460260884,915.465188858703,0.429637578602217,0.7885948254159907,-0.43992016591643973
846.7716632212359,200.47281566304275,914.6965292638331,0.42975410442637063,0.7897131288080709,-0.43779513921108787
849.5869161590085,198.51888245894992,913.9313856786481,0.42983979730259153,0.7908492930178118,-0.4356548454775805
852.4344019579098,196.5499016175743,913.1622021013139,0.4298945054847028,0.7920149286121558,-0.4334778737254593
855.257810853079,194.60498393346728,912.4042524663387,0.4299165959605272,0.7931869288969868,-0.4313075658328746
858.0853908226522,192.6647334212411,911.6499459392096,0.42990621373193405,0.7943767163727857,-0.42912268627918576
860.9172169480221,190.72927242371324,910.8993257067006,0.42986279599959537,0.7955842576167682,-0.4269234892200089
863.7533641069224,188.79872444386953,910.1524354414153,0.4297857728696966,0.7968095153721059,-0.42471023728098195
866.6223348425401,186.85398492568373,909.4019073540403,0.42967328157632667,0.7980649675292427,-0.42246086055631166
869.4673929139108,184.93369049807305,908.6626484171527,0.4295269636947003,0.7993257096867394,-0.42022017716073856
872.3169960693681,183.01868801841752,907.9272538695081,0.429345292128721,0.800604037637791,-0.41796626065385967
875.1712182642248,181.10910582566825,907.1957693666296,0.42912767860717527,0.8018999031107737,-0.41569938759174224
878.030133193455,179.20507351023258,906.4682410666087,0.42887353291168573,0.8032132559903039,-0.41341983282046874
880.9224754053523,177.28776754998117,905.7375007524572,0.4285791614981887,0.8045574404699721,-0.4111048860253515
883.7910445372443,175.3952876568846,905.0180660980686,0.42824979709137767,0.8059057858166059,-0.4088006551835671
886.6645265083048,173.50875544211826,904.3027296453918,0.4278821208974978,0.807271460017227,-0.40648453901460313
889.5429938185648,171.62830569469406,903.5915395971947,0.42747554353143674,0.8086544087155204,-0.40415678510629444
892.4265186266327,169.7540745445069,902.8845446729949,0.4270294778012727,0.8100545770183956,-0.40181762945435945
895.3440854156413,167.86755329615676,902.1747882079724,0.42653827357374763,0.81148616946978,-0.3994437356324303
898.2379925945356,166.00623883669718,901.4763749643346,0.426011071852529,0.8129207816697502,-0.3970823206697849
901.1371721996084,164.15156099375864,900.7823066344013,0.4254426334098019,0.8143724462783659,-0.39471012708052394
904.0416948050815,162.30366144870038,900.0926340346421,0.42483238549598107,0.8158411071256786,-0.3923273278242827
906.9516305287709,160.46268330982394,899.4074085101652,0.42417975982131095,0.8173267077486629,-0.38993407668305585
909.8962311111163,158.61046818297234,898.7198975676279,0.42347701861555653,0.8188443009836182,-0.3875064198837618
912.8172573238021,156.78384083340066,898.0437681338665,0.42273751439316015,0.8203637772917254,-0.3850925432053269
915.7439046650841,154.96457442234416,897.3722435347032,0.4219539517261445,0.8219000192499699,-0.38266855237867453
918.6762411248258,153.1528179424462,896.7053772545567,0.4211257822496095,0.8234529668445731,-0.3802345156867337
921.6143340787419,151.34872189225248,896.0432233155002,0.4202524626370917,0.8250225582600688,-0.3777904789820294
924.5877190441786,149.53451542574552,895.3792866670296,0.4193240316109438,0.826624674854622,-0.37531187489211626
927.5375836925441,147.74627826634352,894.7267701334588,0.41835833525089594,0.8282275244914717,-0.3728477852969337
930.4934035444744,145.9661637675195,894.0791318043862,0.4173458807401259,0.8298468170410852,-0.370373697872876
933.4552431189056,144.19432860472332,893.4364278689675,0.41628614191778357,0.831482478882807,-0.3678895695152412
936.4231661138003,142.4309310246701,892.7987150583142,0.41517859607142293,0.8331344318621905,-0.36539533632741933
939.4270072999905,140.65862681603875,892.1597496910256,0.41401091885102154,0.8348193557192457,-0.36286581871076967
942.4073470974449,138.91267388771348,891.5322428469942,0.412805710871599,0.836503795392397,-0.3603510030038893
945.3939566025672,137.17564444933456,890.9099011579194,0.4115511377880064,0.8382042560877343,-0.35782577612828004
948.386895723324,135.4477031444877,890.2927835249683,0.41024668543592324,0.8399206336484268,-0.35529000304042374
951.3862232879515,133.7290162301803,889.6809493876335,0.4088918401512431,0.8416528154099615,-0.35274353483829635
954.422087469402,132.00270708943793,889.0684210037782,0.40747177211355534,0.843418236470785,-0.3501605821893019
957.4344291043101,130.3031309811068,888.4673886655104,0.40601408338257144,0.8451818039572603,-0.34759212067387596
960.4533291480441,128.6133194718688,887.8718219604273,0.404504454045466,0.8469607748067889,-0.3450124528130307
963.4788414995419,126.93344531820945,887.2817824597014,0.40294236787946364,0.848754991932119,-0.3424213951230266
966.5110186696137,125.26368289621077,886.6973322562122,0.4013273063730453,0.8505642848202787,-0.339818761323627
969.5803347284583,123.5876660028038,886.1127747314217,0.39964179105226627,0.8524067848268775,-0.33717816065937956
972.6260610780125,121.9387621824654,885.5397489307246,0.3979186705191423,0.8542458042946456,-0.33455169630009807
975.6786012434421,120.30050468533906,884.9725024166557,0.3961409978452919,0.8560992943955881,-0.33191310302775495
978.7380014811405,118.6730743160012,884.4110993113234,0.3943082430875268,0.857967019988432,-0.3292622086504889
981.8043063091391,117.056653453782,883.8556042226037,0.392419872498838,0.8598487276257301,-0.3265988506844594
984.9083261780146,115.43543091527052,883.3006173997773,0.3904556185948355,0.8617631665589555,-0.32389605534801896
987.9886364976859,113.84169714996547,882.757194778631,0.38845383229577707,0.8636721311963673,-0.32120720721903157
991.0759741668837,112.25953117642106,882.2198774681883,0.3863948037015312,0.865594193298158,-0.31850549163392206
994.1703759821369,110.68912149363096,881.6887319113612,0.3842779862312209,0.8675290158211232,-0.31579081051625235
997.2718766235221,109.13065806283521,881.163824974386,0.38210283097669545,0.8694762388653641,-0.31306308726538873
1000.4116310140945,107.56893096385821,880.6400699934986,0.3798461471228386,0.8714551308534477,-0.31029479438936175
1003.5274962554403,106.0350598885537,880.1279065839069,0.3775520649490078,0.8734260946249718,-0.3075407216628566
1006.6505511576473,104.51371533266379,879.6221854448536,0.3751979839833927,0.8754082312417916,-0.3047735249146761
1009.7808211371536,103.00509276356632,879.1229749617793,0.37278335205813395,0.8774010831632352,-0.30199323120275995
1012.918329106932,101.50938891433138,878.6303438470318,0.3703076191503175,0.8794041670405559,-0.2991998967094242
1016.0945797802116,100.01204277310866,878.1395350971544,0.3677445505912851,0.8814371493165568,-0.2963654792905489
1019.2466949165585,98.54290553522934,877.6603375698509,0.3651443527493846,0.8834592330883008,-0.29354622315108275
1022.4061011397633,97.08728629142854,877.1879279581716,0.3624814200159864,0.8854899377379513,-0.2907142760650635
1025.572810567599,95.64538630070378,876.7223760279742,0.3597552219488025,0.8875286755899972,-0.2878698148226622
1028.7468324421095,94.21740779301672,876.2637517351365,0.3569652371558676,0.8895748327401384,-0.28501304604809014
1031.9600234388809,92.78948737744436,875.807644503655,0.35408208531901764,0.8916483308363908,-0.28211545681301164
1035.14875930677,91.39010636552872,875.3631569831022,0.35116235573226645,0.8937074394297339,-0.2792346909402818
1038.3448173850752,90.0052606653876,874.9258084758908,0.34817734034843817,0.8957719644588163,-0.2763424096252348
1041.5481946961136,88.63515563789018,874.4956693540364,0.3451265712052767,0.8978411900179524,-0.27343892801727504
1044.7588850535174,87.27999721241574,874.0728099979807,0.3420095983618817,0.8999143758968676,-0.27052458424789466
1048.009095784717,85.92666896121378,873.6531830183732,0.3387938183745375,0.9020115353651907,-0.2675704368934146
1051.2344533774358,84.60217797305899,873.2451687169921,0.33554249909886513,0.9040903468131128,-0.2646353644126847
1054.4670854433612,83.29325590028392,872.8446456479625,0.33222375204756077,0.9061707499193654,-0.26169056262314166
1057.7069723578766,82.00010996805882,872.4516837885025,0.32883722088370676,0.9082519133630081,-0.2587364373912483
1060.954091017748,80.72294745735327,872.0663528974462,0.3253825767289883,0.9103329854279707,-0.2557734044090652
1064.2409943206942,79.44944833478453,871.6849852820233,0.3218239449809288,0.9124338874709437,-0.25277212945966565
1067.5025646114243,78.2050391754709,871.3152025210245,0.31823152458198783,0.9145121197410876,-0.24979247308293107
1070.771275680579,76.97723650970588,870.9532588677366,0.31457019263528113,0.9165875808541143,-0.24680518740376026
1074.0470900632338,75.76624664520354,870.5992226824533,0.3108397528524321,0.9186593454120806,-0.24381069528157914
1077.329966628574,74.5722753287512,870.2531618387748,0.30704004622733855,0.9207264721880131,-0.24080941307376347
1080.652794769704,73.38384780553197,869.9118043258513,0.30313191073347,0.9228085890452885,-0.23777163977085283
1083.9497269487786,72.22470321273205,869.5819769779205,0.29919265488273494,0.9248634879494013,-0.23475792621824068
1087.253575140921,71.0831917091652,869.26032574534,0.29518389347421314,0.9269108309351299,-0.23173860388064813
1090.56428329397,69.95951540927514,868.946915957813,0.2911056308941775,0.9289496238477178,-0.2287140310844255
1093.8817915998807,68.85387516143668,868.6418121576746,0.2869579170490047,0.9309788614103272,-0.22568454410975455
1097.2393127330008,67.75568911109175,868.3421531761321,0.2826983241140407,0.9330176591510827,-0.22262009176026154
1100.5702932124627,66.68690302663433,868.0539361526473,0.27841134208312046,0.9350246127994856,-0.21958164326429452
1103.9078711193383,65.63674839153589,867.7742140023515,0.2740553281621194,0.9370189325141851,-0.21653913552965634
1107.2519715694389,64.60541945647694,867.5030474748717,0.2696305172406715,0.9389995801228163,-0.21349279309078098
1110.6025159355013,63.59310843845924,867.2404962136928,0.2651371887362627,0.9409655125839903,-0.21044280761427975
1113.993022760009,62.59017196903008,866.9841239135998,0.2605297131699883,0.9429351000299586,-0.20735878492857765
1117.356266493138,61.61665940586559,866.7390649636075,0.25589970756961633,0.9448682796814637,-0.20430191804673994
1120.7256950590609,60.662729463505116,866.5027934835813,0.25120231767665846,0.9467835779224351,-0.20124177541024543
1124.1012150133038,59.728564610805165,866.275364037702,0.2464380175988904,0.9486799368810633,-0.19817840659686173
1127.4827292840428,58.814344486631015,866.0568297649987,0.2416073268887813,0.9505562979850588,-0.19511182423061507
1130.9040406983968,57.911406956596934,865.8451917955382,0.23666151954957193,0.9524300445989461,-0.1920112895371994
1134.2972954073916,57.03780690767802,865.6446914950209,0.2316991522592894,0.9542630051593162,-0.18893813756528335
1137.6962307190224,56.18467362601592,865.4532370980825,0.2266722482964832,0.9560727804846288,-0.1858615890080808
1141.100735397784,55.35217381728154,865.2708754190768,0.22158151763511244,0.9578583142555115,-0.1827815112480218
1144.510694789021,54.54047057318252,865.0976515492495,0.21642771498118663,0.9596185531748788,-0.17969773674305184
1147.9601703747076,53.74192210294714,864.9320148805921,0.21115916791483047,0.9613696497335351,-0.17657916744830754
1151.380733345317,52.972497936881126,864.7772871653721,0.20588105681486046,0.9630758742896453,-0.173487321744363
1154.8063858258106,52.224337917900016,864.6318220379094,0.2005424163993163,0.9647536576286131,-0.1703910775743156
1158.2370000065366,51.4975891516398,864.4956571444524,0.19514417883372728,0.9664019652489096,-0.1672901402664137
1161.672444950338,50.79239439965022,864.3688281513345,0.18968731642878114,0.968019769890159,-0.16418418647315433
1165.1470113348482,50.102166921702775,864.2502415306295,0.18411741165625356,0.9696217519881476,-0.16104172377504533
1168.5917577192658,49.44070935175486,864.1422773603724,0.1785458233208333,0.9711751694394862,-0.15792459985344756
1172.040922563523,48.801207946161355,864.0437440601266,0.17291878222873783,0.9726950416396637,-0.15480132661622725
1175.4943630920698,48.18378672706663,863.9546689338388,0.16723742031037328,0.9741803773295071,-0.15167147943522935
1178.951933765215,47.588564736848525,863.8750771079808,0.16150290273578458,0.975630197324762,-0.14853461036392418
1182.448121486264,47.01003989142987,863.8043387224816,0.1556583095358083,0.9770574801575522,-0.14535876698923106
1185.9135427192814,46.45977776046533,863.7438753792604,0.1498206202007264,0.978433001340665,-0.1422063418071379
1189.3826401654164,45.932042016133266,863.6929575256305,0.14393349455170654,0.979770136782456,-0.13904541781526783
1192.8552580342603,45.426930656913214,863.6516012720731,0.13799823061001334,0.9810679625273221,-0.1358754622843839
1196.3312382002741,44.944536193474164,863.6198204250119,0.1320161562539599,0.9823255706606084,-0.13269592199551727
1199.8452277370614,44.48046509828458,863.5974529776269,0.12592812819555124,0.983554024514321,-0.12947427308484064
1203.3274788105532,44.043988838434075,863.5849510667554,0.11985609377081322,0.9847281183323857,-0.12627370966104398
1206.812603076282,43.63047400165155,863.5820520658588,0.11374140690259052,0.985859368062257,-0.12306176806672019
1210.3004340033472,43.23999031539063,863.5887604094144,0.10758549674190887,0.9869469392377459,-0.11983780713965868
1213.7908032173873,42.87260166380642,863.6050781769336,0.10138981147106589,0.9879900178683747,-0.11660116089606969
1217.3184793613123,42.52504078350134,863.6313128800292,0.09509329263194584,0.9889975568855086,-0.11331856940021169
1220.8134342827266,42.20424252176403,863.6669423543499,0.08882212129083775,0.9899488267822196,-0.11005430987427757
1224.3104106518701,41.9066958339408,863.7121733009096,0.0825156420441311,0.9908532813144433,-0.10677520183285172
1227.8092338047773,41.63244072105792,863.7669983714807,0.07617536993150573,0.9917101922359125,-0.1034804698056996
1231.3097277994275,41.38151114902777,863.8314078841503,0.06980282831660121,0.9925188539197158,-0.10016930554265285
1234.8467423556258,41.151777283803796,863.9061779496948,0.06333536700486128,0.9932859308796504,-0.09680749352661937
1238.3500579591737,40.94781031117037,863.989813531879,0.05690260784736633,0.9939955665840928,-0.09346072346893959
1241.8545083484125,40.76723454778485,864.0829904659192,0.050442206899124736,0.9946549628944087,-0.09009488638468198
1245.3599137141064,40.610059644551626,864.1856898588763,0.043955716602005736,0.9952635015750839,-0.08670903880511871
1248.8660936141046,40.4762891932823,864.2978905680594,0.03744468200608226,0.9958205859069591,-0.08330219969115062
1252.4079372317074,40.364935213198095,864.4208337897263,0.030845201764258395,0.996330424935805,-0.07983894961333719
1255.9151262481155,40.27819415623989,864.5520592095263,0.02428951183623283,0.9967823610551557,-0.07638680713360903
1259.4225442699856,40.214831974801314,864.6927089716552,0.01771392728406154,0.9971811642351018,-0.07291051004417731
1262.930009751738,40.17482817458705,864.8427531625798,0.01111998247072534,0.9975263128674058,-0.06940894126126791
1266.4373412487123,40.15815633880945,865.0021597519874,0.0045092056311996555,0.9978173013073304,-0.06588095533864437
1269.9794255318275,40.164967992058706,865.1726289598488,-0.0021832146283224238,0.9980557245623267,-0.06228968006224194
1273.4859400391465,40.19508978503015,865.350748677736,-0.008823231114580788,0.9982363800859492,-0.05870502589727403
1276.9917766087303,40.248428780048386,865.5381219302163,-0.015475530451471068,0.9983614374576264,-0.055090363538356016
1280.4967557987484,40.32493533327826,865.7347085259228,-0.022138612497042104,0.9984304424573379,-0.05144446919884629
1284.0006990792513,40.42455416856893,865.9404663263113,-0.02881100334149363,0.998442950128745,-0.04776611167622646
1287.5384495773515,40.548567345178355,866.1575460702503,-0.03555805842971397,0.9983977907689985,-0.04401676803551878
1291.0397751684222,40.69445226591128,866.3816028359577,-0.042244700365043575,0.9982954254577104,-0.04026945245812579
1294.5395346970445,40.86324988247324,866.6146925978412,-0.04893624387816759,0.9981352690101758,-0.03648600818233396
1298.0375550059898,41.054883146334646,866.8567657943236,-0.05563123553750652,0.9979169036181598,-0.03266525839045753
1301.5336647105132,41.269269810534325,867.1077711143629,-0.062328243009731346,0.9976399155127187,-0.028806060110607132
1305.0626235930379,41.508807216071915,867.3702990408993,-0.06909280009681301,0.997300236288366,-0.02486812566222037
1308.5543825654481,41.76865892541224,867.6390958570058,-0.07578952921156597,0.9969041830306615,-0.020928380679331473
1312.043727480256,42.050986172008976,867.9166602327789,-0.08248397560434603,0.996448288132,-0.016947060137649836
1315.5304957670496,42.355686959554475,868.2029342867636,-0.08917472183290355,0.9959321554543858,-0.012923262668765022
1319.0145274676697,42.68265466702786,868.4978586155045,-0.09586035227439459,0.9953553943339675,-0.008856174800775957
1322.530461637683,43.03538091439361,868.8044506483823,-0.10260619504062007,0.9947109346556784,-0.004703744860571746
1326.0085202840132,43.406764564690235,869.1165764330847,-0.10927724387307698,0.9940111589524633,-0.0005475851398256073
1329.483378210184,43.80006763962234,869.4371650152493,-0.11593890166068845,0.9932496270509544,0.0036536892113971093
1332.9548874701486,44.21516633906069,869.7661514055455,-0.12258973697036105,0.992425986856776,0.007900443082040548
1336.4229034621462,44.65193294529769,870.1034693586,-0.12922832515551214,0.9915398998089459,0.012192910414150515
1339.9219100462028,45.11492731376302,870.4525487544793,-0.1359194006966292,0.9905812398090931,0.016574795701596808
1343.382481280632,45.59484501358375,870.8064079714788,-0.14252901399263043,0.9895686883308118,0.020959275882671186
1346.839145372875,46.09602414302523,871.1683923702269,-0.14912203726095055,0.988492792794726,0.025389300818011686
1350.2917722698298,46.61832288849857,871.5384312753753,-0.15569701135723088,0.9873533063329085,0.029864512852215697
1353.7402357745982,47.16159634544158,871.9164530679254,-0.16225248258725436,0.986150011375894,0.034384399916205635
1357.2188333452818,47.73144236774226,872.3062842763948,-0.16885221896244773,0.9848697292897507,0.03899415956513703
1360.6585625973796,48.3164250533311,872.7001315574926,-0.1753640607671644,0.9835376651840806,0.04360168982388563
1364.0937724821179,48.921929433346065,873.1017411618523,-0.18185199339182573,0.9821413589316589,0.04825146189800296
1367.5243528003966,49.547800015615934,873.5110383969201,-0.18831455647079645,0.9806807491876435,0.052942383720136064
1370.9501974014524,50.1938791310325,873.9279479890732,-0.19475029303495586,0.979155820089005,0.05767324638536744
1374.4053894851295,50.86676910197423,874.3566764251441,-0.20122168791004108,0.9775503851597281,0.06249061360478117
1377.821410528665,51.55298255722215,874.7886571931411,-0.20759915974175147,0.9758963125328112,0.06729766756270984
1381.232400667827,52.25891871207483,875.2280210246888,-0.2139455013736056,0.9741781574179318,0.0721404189882506
1384.638269795989,52.98441305040481,875.6746911033954,-0.22025933640202527,0.9723960904302663,0.07701732301030169
1388.0389316841588,53.72929981487496,876.1285904275244,-0.22653929001984788,0.9705503338390389,0.0819267939213659
1391.4682306410446,54.501149834701806,876.5942882616448,-0.23284631027062153,0.9686217354035598,0.08691679640411366
1394.8581803969123,55.284509845453755,877.0624850873103,-0.23905420913106218,0.966648787514727,0.091886923406059
1398.2426859093387,56.0867576677131,877.5376790602834,-0.245224352357976,0.9646130500035374,0.09688488413310342
1401.621675588472,56.90772434259098,878.0197932217355,-0.2513555451852031,0.9625148853685387,0.101909201491516
1404.9950812091847,57.74724053047568,878.508750811804,-0.2574466322143272,0.9603546819870654,0.10695847954708225
1408.3964866091871,58.613807867053055,879.0094664984817,-0.2635568200119911,0.9581103089667871,0.11208228440184244
1411.758474829794,59.49009553022846,879.5119483274264,-0.2695640450243529,0.9558266280708205,0.11717799580499137
1415.1146925915323,60.38442217416399,880.0210444159941,-0.275528047719426,0.9534821294075616,0.12229523220610158
1418.4650837853774,61.29661835961856,880.5366794569846,-0.28144788114120456,0.9510772207054501,0.12743316074053615
1421.8095949551857,62.226514929183764,881.0587786461116,-0.28732269200235705,0.9486122813606529,0.1325911396446135
1425.181530834666,63.183505351853725,881.5925846354398,-0.2932097318351067,0.9460621217488169,0.1378205897147155
1428.5140714333456,64.14846960737057,882.1274527246303,-0.2989916588830294,0.9434775707314226,0.1430176962655612
1431.8405856466875,65.13062770867678,882.6685632459767,-0.3047262912934834,0.94083396395233,0.148234070538002
1435.161029208963,66.12981248561394,883.2158437849519,-0.3104129654778433,0.9381315466405322,0.15346984088443805
1438.4753598126217,67.14585741038849,883.7692225807208,-0.31605105681515505,0.9353705169758554,0.1587253144849463
1441.8165875545124,68.1890077686503,884.3342527899373,-0.32169561856867834,0.9325225323584209,0.16405381933241844
1445.118510466061,69.23844057908445,884.8996746669432,-0.3272343078530693,0.9296440870299657,0.16935046269244317
1448.4142037769075,70.30423641441773,885.4709827676147,-0.3327227124630222,0.9267073257601651,0.17466862624321752
1451.703631992061,71.38623150397618,886.0481079363998,-0.33816028964348965,0.923712256073864,0.1800091288995199
1454.9867611238305,72.48426274862918,886.6309816243331,-0.34354649965974465,0.9206588448109748,0.18537285141805065
1458.2962945483023,73.60938635404813,887.2254498613013,-0.34893387100054535,0.9175156180651677,0.1908146856902489
1461.566665616283,74.73915944432997,887.8196730052891,-0.3542151545726307,0.9143447313359525,0.19622776701902483
1464.8306440607444,75.88448148063956,888.4194416627624,-0.3594433487434362,0.9111152714611337,0.2016666585095556
1468.0882016833636,77.04519169362935,889.0246893541869,-0.3646178190583013,0.9078271567258845,0.20713208234400807
1471.3393117398891,78.2211297816315,889.6353500025741,-0.36973792539443,0.9044803117208131,0.21262462753511044
1474.616362586722,79.4241214733152,890.257544744884,-0.37485329974003034,0.9010403681868587,0.2182000425565986
1477.8544382303405,80.63018431058876,890.8788869275829,-0.3798619283779384,0.8975754485374796,0.22374813865535734
1481.0859950407475,81.85099485945088,891.5054451105474,-0.38481393095260386,0.8940518814547311,0.22932394513451956
1484.311012600072,83.08639425218576,892.1371543497057,-0.38970844546704475,0.8904698509378014,0.2349271633985088
1487.5294722360609,84.33622391046548,892.7739498784756,-0.3945446566597817,0.886829589621673,0.24055725487432397
1490.7734426914028,85.61303809442171,893.4222103968098,-0.3993691020481328,0.8830942087071876,0.24627005274108138
1493.9786718513271,86.89139404801242,894.0690340444226,-0.4040853089702669,0.8793381694341798,0.25195127872378476
1497.1772981542906,88.18370475919662,894.720749891524,-0.40874044384019337,0.8755253557632525,0.2576559740913293
1500.3693106484614,89.4898129789076,895.3772937222038,-0.4133335696407348,0.8716564888949746,0.26338247013674504
1503.5547004408882,90.80956194560545,896.0386014777607,-0.4178637616063967,0.8677324084052375,0.2691288615875287
1506.7652148621944,92.15619539079471,896.7112928931556,-0.42237453359681115,0.8637139692335324,0.27495078235883025
1509.9372746672661,93.50289056932426,897.3819832051292,-0.4267756604712517,0.8596818169263934,0.28073067035053806
1513.1026977552795,94.86275877627124,898.0572460488384,-0.43111140568607614,0.8555975124025545,0.2865237383846864
1516.2614836656562,96.2356465371907,898.7370185524304,-0.43538107368411366,0.8514622096417712,0.29232760086865056
1519.4136339609436,97.62140165523505,899.4212383607494,-0.43958407318493614,0.8472770691431377,0.2981399180021953
1522.5905738537397,99.0339218672972,900.1167517511633,-0.44376089181674666,0.8430007029255338,0.30401658797023234
1525.7293990318854,100.44508628913991,900.809724721719,-0.4478285212192376,0.838718848341159,0.309839166374865
1528.86160455282,101.86866999806446,901.5069616839991,-0.4518282833553753,0.8343905083903329,0.31566387482297775
1531.9871990239076,103.30452828445446,902.2084036477279,-0.4557601618546167,0.8300165036169511,0.3214891578105634
1535.1061924311928,104.75251891848684,902.9139928170052,-0.4596240000436906,0.8255976837838326,0.3273136769440117
1538.2496867680102,106.22716229869975,903.6307899971397,-0.4634575311772621,0.8210897603523966,0.3331947212059653
1541.3554469414212,107.6991198039618,904.3445457267567,-0.4671850183512943,0.8165823968984524,0.33901526175628116
1544.4546426514762,109.18279858345885,905.0622832221163,-0.47084501357050734,0.8120313769943586,0.34483331621587154
1547.5472876458643,110.67806824861756,905.7839507052363,-0.4744377461258794,0.8074367818374906,0.3506489246909404
1550.6333961952541,112.18480163025782,906.5094980998961,-0.47796349803832383,0.8027985064475215,0.3564624139914315
1553.743745980522,113.71811234067239,907.2461900192195,-0.4814569079832939,0.7980692379469242,0.3623323573709395
1556.8167610970008,115.24751591481233,907.9793914313234,-0.48484893107373295,0.7933424671964103,0.368142966494502
1559.8832850439437,116.78801922038211,908.7163321540452,-0.48817469742012126,0.7885713753659704,0.3739527386611773
1562.9433335811505,118.33950693867952,909.4569685557817,-0.4914343029904315,0.7837559444448633,0.37976169552977485
1565.996922929651,119.90186601030933,910.2012582546213,-0.49462767239031624,0.7788964867677112,0.38556935641548995
1569.0745089426757,121.49077032019358,910.9566569920927,-0.49778558363514447,0.7739444521110294,0.391432622262858
1572.115167192265,123.07464546766823,911.7081653552758,-0.5008451730221921,0.7689992133149153,0.39723333518401027
1575.1494198753653,124.66906015878433,912.4632042202063,-0.5038375565847225,0.7640139921863877,0.40302647098938205
1578.177287308784,126.27390493719753,913.2217332193072,-0.5067622248828333,0.7589915917417593,0.40880779236349146
1581.1987915788552,127.88906962055833,913.9837115642066,-0.5096184593470837,0.7539358461120446,0.414571786111912
1584.2440765950985,129.530747533948,914.7567685861627,-0.5124331334472407,0.7488005374388798,0.4203689318642467
1587.2528664301358,131.16631568023087,915.5255531062464,-0.5151499255626977,0.743693058388978,0.4260765061544647
1590.25537307706,132.8118614054099,916.2976579992326,-0.5177965699350207,0.7385692312784843,0.4317432139272563
1593.2516279834967,134.46726592437287,917.0730374809445,-0.5203727804421493,0.7334362309251186,0.4373596512497042
1596.2416648168664,136.132407660157,917.851644182806,-0.5228784138293996,0.7283016677559354,0.4429162958112678
1599.2553263113882,137.82395821447665,918.6412630498976,-0.525338271335579,0.7231211678430325,0.4484590029060349
1602.2329723551438,139.5082945726675,919.4262078781462,-0.5277042181810552,0.7180041398220588,0.4538703706041047
1605.2045074890318,141.20199027250248,920.2142308106281,-0.530002626331302,0.7129038110473039,0.459200797338324
1608.1699648290573,142.90491953086715,921.005282491592,-0.5322354449173495,0.7078225977283229,0.4644487068759696
1611.1293728976934,144.61695947521216,921.7993155463571,-0.5344050512857857,0.7027595572404317,0.4696171268889896
1614.1122564565858,146.35524795292582,922.6042705050321,-0.5365352858863387,0.6976586197918575,0.47476556028105654
1617.0595598954078,148.0852531001512,923.4041686917021,-0.5385869110232613,0.6926104381991431,0.479807169779707
1620.0008451330614,149.8240424641797,924.2069336091695,-0.5405844996630511,0.687548128439514,0.4848153976549946
1622.9360951386468,151.57153090615498,925.0125418658745,-0.5425307283444314,0.6824498681190693,0.4898189321640458
1625.8652761472379,153.32764811149383,925.8209792091992,-0.544426818250224,0.6772897820391838,0.49485148349303
1628.8175375989663,155.110028456562,926.6403670388397,-0.5462909586196801,0.6719861513826912,0.5000008008796283
1631.7343557514364,156.88333281653888,927.4544808735172,-0.5480833143184135,0.6666176462889326,0.5051985691012463
1634.644925109029,158.665125662889,928.2714215195615,-0.5498165652179027,0.6611150863969519,0.5105179596746215
1637.549191310017,160.45535685002332,929.0911825777778,-0.5514799961416739,0.655481890783579,0.5159586269366603
1640.447138387013,162.25394290957323,929.9137332111433,-0.5530579694817881,0.6497576063459484,0.5214805225396872
1643.3677153162296,164.07883961346676,930.7472595170186,-0.5545436040803464,0.6439848081037182,0.5270341147451443
1646.2532940109193,165.89363203664627,931.5750893742763,-0.5558812317528139,0.6384702997962031,0.5323079301148173
1649.1332532365745,167.71587153364507,932.4051592663006,-0.557055195592595,0.6334826183044966,0.5370188836245664
1652.0083725424258,169.54477571580176,933.2369570270828,-0.5580299291987448,0.6295345451951243,0.5406374520179048
1654.908651045123,171.3974751654945,934.0779902653894,-0.5587633007541628,0.6273826481666673,0.5423786375860438
