0.464019552,0.48124197,0.330683156,0.603788667,-0.907974835,-0.401371189
0.463447685,0.481174548,0.331435873,0.60281739,-0.908315973,-0.400467124
0.462875455,0.481108217,0.332187359,0.601846313,-0.908657707,-0.399563857
0.462302861,0.481042978,0.332937614,0.600875436,-0.909000037,-0.398661389
0.461729902,0.480978831,0.333686638,0.599904761,-0.909342964,-0.39775972
0.46115658,0.480915775,0.334434431,0.598934286,-0.909686485,-0.39685885
0.460582894,0.480853811,0.335180992,0.597964015,-0.910030603,-0.395958783
0.460008844,0.480792939,0.335926323,0.596993945,-0.910375315,-0.395059516
0.459434431,0.48073316,0.336670423,0.596024079,-0.910720622,-0.394161052
0.458859654,0.480674473,0.337413292,0.595054416,-0.911066524,-0.393263392
0.458284513,0.480616879,0.338154931,0.594084957,-0.911413021,-0.392366535
0.457709008,0.480560377,0.338895338,0.593115703,-0.911760111,-0.391470484
0.45713314,0.480504968,0.339634515,0.592146654,-0.912107796,-0.390575238
0.456556908,0.480450651,0.340372462,0.591177809,-0.912456074,-0.389680799
0.455980313,0.480397429,0.341109177,0.590209171,-0.912804946,-0.388787167
0.455403354,0.480345299,0.341844663,0.589240739,-0.913154411,-0.387894343
0.454826032,0.480294262,0.342578917,0.588272514,-0.913504469,-0.387002329
0.454248346,0.480244319,0.343311941,0.587304496,-0.91385512,-0.386111123
0.453670297,0.48019547,0.344043735,0.586336686,-0.914206363,-0.385220729
0.453091884,0.480147715,0.344774298,0.585369084,-0.914558199,-0.384331146
0.452513109,0.480101054,0.345503631,0.584401692,-0.914910626,-0.383442375
0.45193397,0.480055486,0.346231733,0.583434508,-0.915263645,-0.382554417
0.451354468,0.480011013,0.346958605,0.582467534,-0.915617255,-0.381667274
0.450774602,0.479967634,0.347684246,0.581500769,-0.915971456,-0.380780944
0.450195134,0.479918834,0.348411704,0.580536566,-0.91632363,-0.37989837
0.44962671,0.479773201,0.349183748,0.579607804,-0.916637009,-0.379060693
0.449057901,0.479628544,0.349954658,0.578679142,-0.916950875,-0.378223697
0.448488709,0.479484863,0.350724434,0.577750578,-0.917265227,-0.377387382
0.447919132,0.47934216,0.351493075,0.576822113,-0.917580065,-0.376551749
0.447349171,0.479200433,0.352260583,0.575893748,-0.917895391,-0.375716798
0.446778826,0.479059683,0.353026956,0.574965483,-0.918211202,-0.374882531
0.446208097,0.47891991,0.353792195,0.574037318,-0.9185275,-0.374048946
0.445636984,0.478781115,0.354556301,0.573109253,-0.918844284,-0.373216045
0.445065486,0.478643298,0.355319273,0.572181289,-0.919161555,-0.372383829
0.444493604,0.478506458,0.356081111,0.571253425,-0.919479311,-0.371552298
0.443921338,0.478370597,0.356841816,0.570325663,-0.919797554,-0.370721452
0.443348688,0.478235714,0.357601386,0.569398001,-0.920116283,-0.369891292
0.442775653,0.478101809,0.358359824,0.568470441,-0.920435499,-0.369061819
0.442202234,0.477968883,0.359117128,0.567542983,-0.9207552,-0.368233033
0.44162843,0.477836935,0.359873299,0.566615627,-0.921075387,-0.367404935
0.441054243,0.477705967,0.360628337,0.565688373,-0.92139606,-0.366577525
0.440479671,0.477575978,0.361382241,0.564761222,-0.92171722,-0.365750804
0.439904715,0.477446969,0.362135012,0.563834174,-0.922038864,-0.364924772
0.439329374,0.477318939,0.36288665,0.562907228,-0.922360995,-0.36409943
0.438753649,0.477191889,0.363637155,0.561980385,-0.922683611,-0.363274779
0.43817754,0.477065819,0.364386527,0.561053647,-0.923006713,-0.362450819
0.437601047,0.47694073,0.365134766,0.560127012,-0.923330301,-0.36162755
0.437024169,0.476816621,0.365881872,0.559200481,-0.923654373,-0.360804973
0.436446907,0.476693492,0.366627845,0.558274054,-0.923978932,-0.359983089
0.435875206,0.476518072,0.367397542,0.557366049,-0.924281949,-0.35918493
0.435308409,0.476296006,0.368188346,0.556474419,-0.924565715,-0.358407929
0.434741209,0.476074811,0.368978092,0.555582797,-0.92484986,-0.357631506
0.434173605,0.475854488,0.36976678,0.554691183,-0.925134385,-0.35685566
0.433605596,0.475635037,0.370554411,0.553799577,-0.92541929,-0.356080394
0.433037182,0.475416457,0.371340983,0.552907978,-0.925704576,-0.355305706
0.432468365,0.47519875,0.372126498,0.552016387,-0.925990242,-0.354531597
0.431899142,0.474981915,0.372910956,0.551124804,-0.926276288,-0.353758067
0.431329515,0.474765953,0.373694356,0.550233229,-0.926562714,-0.352985117
0.430759482,0.474550864,0.3744767,0.549341662,-0.926849521,-0.352212746
0.430189046,0.474336648,0.375257985,0.548450103,-0.927136709,-0.351440956
0.429618204,0.474123305,0.376038214,0.547558551,-0.927424278,-0.350669746
0.429046957,0.473910836,0.376817386,0.546667008,-0.927712227,-0.349899117
0.428475305,0.47369924,0.377595501,0.545775472,-0.928000557,-0.349129068
0.427903249,0.473488519,0.378372559,0.544883946,-0.928289268,-0.348359602
0.427330787,0.473278672,0.37914856,0.543992426,-0.92857836,-0.347590716
0.42675792,0.4730697,0.379923505,0.543100916,-0.928867834,-0.346822413
0.426184648,0.472861602,0.380697393,0.542209413,-0.929157688,-0.346054692
0.425610971,0.472654379,0.381470224,0.54131792,-0.929447924,-0.345287554
0.425036888,0.472448031,0.382241999,0.540426434,-0.929738541,-0.344520999
0.4244624,0.472242559,0.383012718,0.539534957,-0.93002954,-0.343755027
0.423887506,0.472037962,0.383782381,0.538643488,-0.93032092,-0.342989638
0.423312207,0.471834242,0.384550987,0.537752028,-0.930612682,-0.342224833
0.422736503,0.471631397,0.385318537,0.536860577,-0.930904825,-0.341460612
0.422160393,0.471429429,0.386085031,0.535969134,-0.93119735,-0.340696977
0.42158874,0.471182685,0.386871597,0.535092711,-0.931470782,-0.339952917
0.421022172,0.47088507,0.387681062,0.534233224,-0.931722473,-0.339230865
0.420455179,0.470588229,0.388489527,0.533373662,-0.931974439,-0.338509299
0.419887762,0.470292163,0.389296992,0.532514025,-0.932226679,-0.337788219
0.419319919,0.469996871,0.390103458,0.531654312,-0.932479193,-0.337067625
0.418751652,0.469702354,0.390908925,0.530794523,-0.932731982,-0.336347516
0.41818296,0.469408612,0.391713392,0.529934658,-0.932985046,-0.335627894
0.417613842,0.469115645,0.39251686,0.529074717,-0.933238385,-0.334908757
0.417044299,0.468823454,0.393319328,0.5282147,-0.933492,-0.334190107
0.416474331,0.468532038,0.394120798,0.527354606,-0.93374589,-0.333471942
0.415903936,0.468241398,0.394921269,0.526494436,-0.934000055,-0.332754264
0.415333117,0.467951535,0.395720741,0.525634189,-0.934254497,-0.332037072
0.414761871,0.467662448,0.396519215,0.524773865,-0.934509214,-0.331320366
0.4141902,0.467374138,0.39731669,0.523913464,-0.934764208,-0.330604147
0.413618103,0.467086605,0.398113167,0.523052987,-0.935019478,-0.329888414
0.413045579,0.466799849,0.398908645,0.522192431,-0.935275024,-0.329173168
0.41247263,0.46651387,0.399703125,0.521331799,-0.935530847,-0.328458408
0.411899254,0.466228669,0.400496607,0.520471089,-0.935786947,-0.327744135
0.411325453,0.465944247,0.40128909,0.519610302,-0.936043324,-0.327030349
0.410751224,0.465660602,0.402080576,0.518749436,-0.936299979,-0.326317049
0.410176569,0.465377735,0.402871064,0.517888493,-0.93655691,-0.325604237
0.409601487,0.465095647,0.403660555,0.517027472,-0.93681412,-0.324891911
0.409025979,0.464814339,0.404449047,0.516166373,-0.937071606,-0.324180073
0.408450044,0.464533809,0.405236542,0.515305195,-0.937329371,-0.323468721
0.407873682,0.464254058,0.406023039,0.514443939,-0.937587414,-0.322757858
0.407296892,0.463975088,0.406808539,0.513582605,-0.937845735,-0.322047481
0.406723509,0.463659039,0.407610311,0.512733107,-0.938087605,-0.321352782
0.406155419,0.463287064,0.408436952,0.511901304,-0.938304646,-0.320681235
0.405586884,0.462915771,0.409262636,0.511069349,-0.938521854,-0.320010091
0.405017903,0.462545161,0.410087362,0.510237241,-0.93873923,-0.319339347
0.404448477,0.462175234,0.410911131,0.509404981,-0.938956774,-0.318669005
0.403878604,0.46180599,0.411733944,0.508572567,-0.939174486,-0.317999063
0.403308286,0.46143743,0.412555799,0.507739999,-0.939392366,-0.317329522
0.402737521,0.461069554,0.413376698,0.506907277,-0.939610415,-0.316660382
0.40216631,0.460702362,0.41419664,0.506074402,-0.939828633,-0.315991642
0.401594651,0.460335854,0.415015626,0.505241371,-0.940047019,-0.315323302
0.401022547,0.459970031,0.415833655,0.504408185,-0.940265575,-0.314655363
0.400449995,0.459604892,0.416650728,0.503574844,-0.9404843,-0.313987822
0.399876997,0.459240438,0.417466844,0.502741348,-0.940703194,-0.313320682
0.399303551,0.458876669,0.418282006,0.501907695,-0.940922259,-0.312653941
0.398729658,0.458513586,0.41909621,0.501073887,-0.941141494,-0.3119876
0.398155317,0.458151188,0.41990946,0.500239922,-0.941360899,-0.311321657
0.397580529,0.457789476,0.420721753,0.4994058,-0.941580474,-0.310656114
0.397005293,0.45742845,0.421533091,0.498571521,-0.941800221,-0.309990969
0.39642961,0.457068111,0.422343474,0.497737085,-0.942020138,-0.309326223
0.395853478,0.456708458,0.423152901,0.49690249,-0.942240227,-0.308661875
0.395276898,0.456349492,0.423961372,0.496067738,-0.942460487,-0.307997926
0.394699869,0.455991213,0.424768889,0.495232827,-0.942680918,-0.307334375
0.394122393,0.455633621,0.425575451,0.494397758,-0.942901522,-0.306671223
0.393544467,0.455276717,0.426381057,0.49356253,-0.943122298,-0.306008468
0.392966093,0.454920501,0.427185709,0.492727143,-0.943343246,-0.305346111
0.39238727,0.454564973,0.427989406,0.491891596,-0.943564367,-0.304684151
0.391807998,0.454210133,0.428792148,0.49105589,-0.94378566,-0.304022589
0.391228916,0.4538493,0.429596916,0.490222038,-0.944004053,-0.303364017
0.390657488,0.453404276,0.430438594,0.489413569,-0.944183535,-0.302738719
0.390085593,0.452959848,0.431279344,0.488604875,-0.944363075,-0.302113744
0.38951323,0.452516016,0.432119163,0.487795956,-0.944542673,-0.30148909
0.388940401,0.45207278,0.432958054,0.48698681,-0.944722331,-0.300864757
0.388367103,0.451630141,0.433796017,0.486177439,-0.944902047,-0.300240745
0.387793339,0.451188098,0.43463305,0.48536784,-0.945081823,-0.299617054
0.387219106,0.450746652,0.435469155,0.484558014,-0.945261659,-0.298993683
0.386644405,0.450305804,0.436304331,0.48374796,-0.945441554,-0.298370632
0.386069235,0.449865552,0.437138579,0.482937678,-0.94562151,-0.297747899
0.385493598,0.449425898,0.437971899,0.482127167,-0.945801526,-0.297125486
0.384917492,0.448986842,0.438804291,0.481316426,-0.945981602,-0.29650339
0.384340917,0.448548384,0.439635755,0.480505456,-0.94616174,-0.295881613
0.383763872,0.448110524,0.440466291,0.479694255,-0.946341938,-0.295260153
0.383186359,0.447673262,0.441295899,0.478882823,-0.946522198,-0.29463901
0.382608376,0.447236599,0.44212458,0.47807116,-0.94670252,-0.294018184
0.382029923,0.446800535,0.442952333,0.477259266,-0.946882903,-0.293397675
0.381451001,0.446365069,0.443779159,0.476447138,-0.947063349,-0.292777481
0.380871609,0.445930203,0.444605057,0.475634779,-0.947243856,-0.292157602
0.380291746,0.445495937,0.445430028,0.474822185,-0.947424427,-0.291538039
0.379711414,0.44506227,0.446254072,0.474009359,-0.94760506,-0.29091879
0.37913061,0.444629203,0.447077189,0.473196298,-0.947785757,-0.290299856
0.378549336,0.444196736,0.447899379,0.472383003,-0.947966516,-0.289681235
0.377967591,0.443764869,0.448720642,0.471569472,-0.94814734,-0.289062928
0.377385375,0.443333604,0.449540978,0.470755706,-0.948328227,-0.288444934
0.376802688,0.442902939,0.450360388,0.469941704,-0.948509178,-0.287827253
0.37621953,0.442472875,0.451178871,0.469127466,-0.948690194,-0.287209884
0.375635899,0.442043413,0.451996427,0.46831299,-0.948871274,-0.286592827
0.375051797,0.441614552,0.452813056,0.467498278,-0.949052419,-0.285976081
0.37446824,0.441174925,0.45363367,0.466686608,-0.949228149,-0.285363919
0.373891076,0.44065898,0.454486569,0.465896856,-0.949366815,-0.284780923
0.373313422,0.440143547,0.455338553,0.465106807,-0.949505428,-0.284198171
0.372735279,0.439628628,0.456189624,0.464316463,-0.949643989,-0.283615663
0.372156646,0.439114223,0.457039781,0.463525823,-0.949782497,-0.283033398
0.371577524,0.438600331,0.457889025,0.462734885,-0.949920953,-0.282451376
0.370997912,0.438086954,0.458737355,0.461943649,-0.950059357,-0.281869595
0.370417809,0.43757409,0.459584771,0.461152115,-0.950197709,-0.281288055
0.369837215,0.437061741,0.460431275,0.460360281,-0.95033601,-0.280706755
0.369256131,0.436549907,0.461276865,0.459568148,-0.95047426,-0.280125696
0.368674556,0.436038587,0.462121542,0.458775714,-0.950612458,-0.279544875
0.36809249,0.435527783,0.462965306,0.457982979,-0.950750607,-0.278964293
0.367509932,0.435017493,0.463808158,0.457189941,-0.950888704,-0.278383948
0.366926882,0.434507719,0.464650096,0.456396602,-0.951026752,-0.27780384
0.366343341,0.433998461,0.465491122,0.455602959,-0.951164749,-0.277223968
-2.775833346,-1.567790447,-1.42687004,-1.205672914,-0.392932763,-1.963141585
-2.776417872,-1.58807893,-1.390455923,-1.169259831,-0.398429325,-2.002505041
-2.777002891,-1.599567376,-1.369862994,-1.148880466,-0.401544427,-2.024524762
-2.777588402,-1.60854913,-1.353777124,-1.133056518,-0.40398084,-2.041613714
-2.778174407,-1.616180055,-1.340120248,-1.119681905,-0.406051378,-2.056050012
-2.778760905,-1.62293181,-1.32804438,-1.10789792,-0.407883711,-2.068762682
-2.779347896,-1.629052308,-1.317103784,-1.097253555,-0.409544955,-2.08023976
-2.779935381,-1.634691002,-1.307029749,-1.087477133,-0.411075581,-2.090775279
-2.78052336,-1.639946246,-1.297645433,-1.078389998,-0.412502224,-2.100562633
-2.781111832,-1.644886844,-1.288827122,-1.069867261,-0.413843523,-2.109737035
-2.7817008,-1.649563174,-1.280484233,-1.061817548,-0.415113126,-2.118397434
-2.782290261,-1.654013425,-1.272548095,-1.054171644,-0.416321381,-2.126618795
-2.782880218,-1.658267376,-1.26496516,-1.046875611,-0.417476358,-2.134459545
-2.783470669,-1.662348774,-1.257692726,-1.039886476,-0.418584496,-2.141966245
-2.784061616,-1.666276924,-1.250696079,-1.033169322,-0.419651027,-2.149176731
-2.784653058,-1.670067764,-1.243946554,-1.026695345,-0.420680273,-2.156122225
-2.785244103,-1.673749919,-1.237384537,-1.020403019,-0.421687231,-2.162870092
-2.785829593,-1.677417879,-1.230793001,-1.014065541,-0.422739504,-2.169670144
-2.786415595,-1.680974541,-1.224401781,-1.007925488,-0.423761779,-2.17625491
-2.787002109,-1.684429279,-1.218194015,-1.00196589,-0.424756588,-2.182642783
-2.787589136,-1.687790223,-1.212155085,-0.996172044,-0.425726127,-2.188849704
-2.788176675,-1.691064465,-1.206272233,-0.990531127,-0.426672312,-2.19488958
-2.788764729,-1.694258247,-1.200534233,-0.985031859,-0.42759683,-2.200774642
-2.789353295,-1.697377089,-1.194931157,-0.979664274,-0.428501171,-2.2065157
-2.789942375,-1.700425907,-1.189454161,-0.974419499,-0.429386666,-2.212122381
-2.790531969,-1.703409096,-1.184095341,-0.969289608,-0.4302545,-2.217603286
-2.791122078,-1.70633061,-1.178847583,-0.964267472,-0.431105744,-2.22296615
-2.791712701,-1.709194016,-1.173704473,-0.959346665,-0.43194136,-2.228217947
-2.792303839,-1.71200255,-1.168660187,-0.95452136,-0.432762224,-2.233365005
-2.792895491,-1.714759155,-1.163709434,-0.949786263,-0.433569131,-2.238413071
-2.79348766,-1.717466518,-1.158847376,-0.945136537,-0.434362808,-2.243367396
-2.794080343,-1.720127101,-1.154069589,-0.940567761,-0.43514392,-2.248232783
-2.794673543,-1.722743165,-1.149372001,-0.93607587,-0.435913078,-2.253013649
-2.795267258,-1.725316793,-1.144750867,-0.931657126,-0.436670847,-2.257714053
-2.79586149,-1.72784991,-1.140202721,-0.927308072,-0.437417747,-2.262337752
-2.796456239,-1.730344297,-1.135724361,-0.923025516,-0.438154258,-2.266888215
-2.797051504,-1.732801609,-1.131312809,-0.91880649,-0.438880831,-2.271368668
-2.797647286,-1.735223383,-1.1269653,-0.914648242,-0.439597878,-2.275782103
-2.798243586,-1.737611052,-1.122679253,-0.910548202,-0.44030579,-2.280131315
-2.798840403,-1.739965955,-1.118452261,-0.906503977,-0.441004928,-2.284418904
-2.799437739,-1.742289345,-1.114282069,-0.902513325,-0.441695631,-2.28864731
-2.800035592,-1.744582394,-1.110166567,-0.898574151,-0.442378217,-2.292818813
-2.800633963,-1.368540907,-1.785542036,-1.605983053,-0.341178462,-1.533459366
-2.801232853,-1.366299947,-1.789553988,-1.611043197,-0.34064683,-1.528098729
-2.801832263,-1.364086219,-1.793516852,-1.616058782,-0.340122796,-1.522787492
-2.80243219,-1.361898803,-1.79743228,-1.621031446,-0.339606115,-1.517523873
-2.803032638,-1.359736831,-1.801301839,-1.62596274,-0.339096552,-1.512306182
-2.803633605,-1.357599483,-1.805127002,-1.630854127,-0.338593889,-1.507132828
-2.804235091,-1.355485983,-1.808909168,-1.635706988,-0.338097917,-1.502002305
-2.804837098,-1.353395593,-1.812649663,-1.64052264,-0.337608438,-1.496913181
-2.805437351,-1.351284596,-1.816403346,-1.645331893,-0.337128322,-1.491832708
-2.806034514,-1.349127832,-1.820201338,-1.65015105,-0.3366593,-1.486743541
-2.806632213,-1.3469936,-1.82395865,-1.654933161,-0.336196371,-1.481695498
-2.807230447,-1.344881235,-1.827676478,-1.659679425,-0.335739358,-1.476687276
-2.807829218,-1.342790106,-1.831355959,-1.664390976,-0.335288095,-1.471717638
-2.808428526,-1.340719611,-1.834998177,-1.669068902,-0.334842423,-1.466785402
-2.809028371,-1.338669177,-1.838604162,-1.673714231,-0.33440219,-1.461889451
-2.809628754,-1.336638257,-1.8421749,-1.678327948,-0.333967252,-1.457028708
-2.810229673,-1.334626329,-1.845711329,-1.68291099,-0.333537471,-1.452202155
-2.810831131,-1.332632895,-1.849214349,-1.687464257,-0.333112716,-1.447408814
-2.811433127,-1.330657478,-1.852684815,-1.691988601,-0.332692861,-1.442647754
-2.812035661,-1.328699622,-1.856123551,-1.696484847,-0.332277787,-1.437918078
-2.812638734,-1.32675889,-1.859531342,-1.700953776,-0.331867378,-1.433218934
-2.813242346,-1.324834863,-1.862908943,-1.705396144,-0.331461523,-1.428549501
-2.813846497,-1.32292714,-1.866257076,-1.709812667,-0.331060119,-1.423908995
-2.814451189,-1.321035335,-1.869576437,-1.714204043,-0.330663063,-1.419296659
-2.815056419,-1.319159079,-1.87286769,-1.71857093,-0.330270258,-1.414711772
-2.81566219,-1.317298015,-1.876131478,-1.722913971,-0.329881612,-1.410153636
-2.816268502,-1.315451802,-1.879368414,-1.727233777,-0.329497035,-1.405621585
-2.816875354,-1.31362011,-1.882579093,-1.73153094,-0.32911644,-1.401114971
-2.817482747,-1.311802624,-1.885764084,-1.735806026,-0.328739746,-1.39663318
-2.818090681,-1.309999036,-1.888923939,-1.740059584,-0.328366871,-1.39217561
-2.818699157,-1.308209055,-1.892059184,-1.744292138,-0.32799774,-1.387741691
-2.819308175,-1.306432395,-1.895170333,-1.7485042,-0.327632279,-1.383330865
-2.819917734,-1.304668784,-1.898257877,-1.752696257,-0.327270417,-1.3789426
-2.820527837,-1.302917957,-1.901322293,-1.756868784,-0.326912084,-1.374576377
-2.821138481,-1.30117966,-1.904364039,-1.761022235,-0.326557215,-1.3702317
-2.821749669,-1.299453645,-1.907383561,-1.765157055,-0.326205745,-1.365908086
-2.822361399,-1.297739674,-1.910381286,-1.769273668,-0.325857614,-1.36160507
-2.822973674,-1.296037518,-1.913357631,-1.773372487,-0.325512761,-1.357322202
-2.823586491,-1.294346953,-1.916312997,-1.777453909,-0.325171128,-1.353059047
-2.824199853,-1.292667763,-1.919247772,-1.781518323,-0.32483266,-1.348815181
-2.824813759,-1.29099974,-1.922162333,-1.785566099,-0.324497304,-1.344590201
-2.82542821,-1.28934268,-1.925057046,-1.789597602,-0.324165006,-1.340383706
-2.826043205,-1.287696388,-1.927932262,-1.793613181,-0.323835716,-1.336195317
-2.826658745,-1.286060674,-1.930788327,-1.797613177,-0.323509386,-1.332024661
-2.82727483,-1.284435354,-1.933625569,-1.801597917,-0.323185969,-1.327871379
-2.827891461,-1.282820247,-1.936444315,-1.805567724,-0.322865417,-1.323735119
-2.828505563,-1.28116159,-1.939302423,-1.809531995,-0.322551602,-1.319605705
-2.829118653,-1.279485864,-1.942171233,-1.813485397,-0.322242492,-1.315488869
-2.829732303,-1.27782034,-1.94502152,-1.817423366,-0.32193603,-1.311389538
-2.830346512,-1.276164846,-1.947853593,-1.821346217,-0.321632174,-1.30730737
-2.830961282,-1.274519212,-1.950667758,-1.825254259,-0.321330881,-1.303242028
-2.831576612,-1.272883278,-1.953464306,-1.829147788,-0.32103211,-1.299193189
-2.832192504,-1.271256882,-1.956243525,-1.833027096,-0.320735822,-1.295160533
-2.832808957,-1.269639873,-1.95900569,-1.836892462,-0.320441979,-1.291143758
-2.833425972,-1.2680321,-1.961751074,-1.840744163,-0.320150543,-1.28714256
-2.834043548,-1.266433418,-1.964479937,-1.844582463,-0.319861478,-1.283156652
-2.834661687,-1.264843683,-1.967192536,-1.848407622,-0.319574749,-1.279185749
-2.835280388,-1.26326276,-1.969889118,-1.852219892,-0.319290322,-1.275229577
-2.835899652,-1.261690514,-1.972569928,-1.85601952,-0.319008164,-1.271287865
-2.836519479,-1.260126813,-1.975235199,-1.859806744,-0.318728242,-1.267360355
-2.837139869,-1.25857153,-1.977885162,-1.863581798,-0.318450525,-1.26344679
-2.837760823,-1.257024542,-1.980520041,-1.867344908,-0.318174983,-1.259546924
-2.838382341,-1.255485726,-1.983140054,-1.871096298,-0.317901586,-1.255660513
-2.839004423,-1.253954967,-1.985745412,-1.87483618,-0.317630306,-1.251787323
-2.83962707,-1.252432148,-1.988336325,-1.878564769,-0.317361113,-1.247927123
-2.840250282,-1.250917157,-1.990912993,-1.882282266,-0.317093981,-1.24407969
-2.840874059,-1.249409885,-1.993475615,-1.885988875,-0.316828884,-1.240244802
-2.841498401,-1.247910225,-1.996024382,-1.889684789,-0.316565795,-1.236422248
-2.842123309,-1.246418073,-1.998559484,-1.893370202,-0.316304689,-1.232611818
-2.842748782,-1.244933327,-2.001081102,-1.897045297,-0.316045542,-1.228813309
-2.843374822,-1.243455889,-2.003589418,-1.900710259,-0.31578833,-1.225026522
-2.844001428,-1.24198566,-2.006084604,-1.904365263,-0.315533029,-1.221251262
-2.844628602,-1.240522547,-2.008566833,-1.908010485,-0.315279618,-1.217487339
-2.845256342,-1.239066456,-2.011036271,-1.911646093,-0.315028073,-1.213734569
-2.84588465,-1.237617297,-2.013493082,-1.915272256,-0.314778372,-1.209992767
-2.846513524,-1.236174982,-2.015937425,-1.918889133,-0.314530497,-1.20626176
-2.847142968,-1.234739424,-2.018369457,-1.922496885,-0.314284425,-1.20254137
-2.847772979,-1.233310539,-2.02078933,-1.926095665,-0.314040136,-1.198831431
-2.848403558,-1.231888244,-2.023197194,-1.929685627,-0.313797612,-1.195131773
-2.849034706,-1.230472458,-2.025593193,-1.933266918,-0.313556833,-1.191442238
-2.849666424,-1.229063101,-2.027977472,-1.936839685,-0.31331778,-1.187762663
-2.85029871,-1.227660097,-2.03035017,-1.940404068,-0.313080436,-1.184092895
-2.850931566,-1.22626337,-2.032711425,-1.943960208,-0.312844783,-1.180432779
-2.851564992,-1.224872845,-2.035061369,-1.947508241,-0.312610804,-1.176782169
-2.852198987,-1.223488449,-2.037400135,-1.951048301,-0.312378481,-1.173140915
-2.852833553,-1.222110112,-2.039727851,-1.954580517,-0.312147799,-1.169508877
-2.85346869,-1.220737763,-2.042044643,-1.95810502,-0.311918741,-1.165885913
-2.854104397,-1.219371335,-2.044350633,-1.961621933,-0.311691291,-1.162271886
-2.854740675,-1.21801076,-2.046645944,-1.965131381,-0.311465435,-1.15866666
-2.855377524,-1.216655973,-2.048930694,-1.968633482,-0.311241158,-1.155070106
-2.85601448,-1.215297982,-2.051212513,-1.972123694,-0.311018318,-1.151486929
-2.85664966,-1.213900644,-2.053521768,-1.975582922,-0.310796306,-1.147936928
-2.857285422,-1.21250907,-2.055820464,-1.97903464,-0.310575689,-1.144395746
-2.857921767,-1.211123198,-2.058108715,-1.982478968,-0.310356451,-1.140863252
-2.858558693,-1.209742964,-2.060386634,-1.985916024,-0.310138581,-1.137339316
-2.859196202,-1.208368306,-2.062654332,-1.989345928,-0.309922064,-1.133823808
-2.859834294,-1.206999165,-2.064911918,-1.992768794,-0.309706888,-1.130316604
-2.860472969,-1.205635481,-2.067159499,-1.996184736,-0.309493039,-1.126817579
-2.861112227,-1.204277198,-2.069397178,-1.999593863,-0.309280506,-1.123326614
-2.86175207,-1.202924256,-2.071625061,-2.002996286,-0.309069277,-1.119843586
-2.862392496,-1.201576602,-2.073843246,-2.006392109,-0.308859338,-1.116368383
-2.863033506,-1.200234179,-2.076051833,-2.009781441,-0.30865068,-1.112900887
-2.863675101,-1.198896935,-2.078250919,-2.013164382,-0.308443291,-1.109440987
-2.864317281,-1.197564817,-2.0804406,-2.016541035,-0.308237159,-1.10598857
-2.864960045,-1.196237773,-2.082620969,-2.019911498,-0.308032274,-1.102543531
-2.865603395,-1.194915751,-2.084792117,-2.023275871,-0.307828625,-1.09910576
-2.866247331,-1.193598703,-2.086954136,-2.026634247,-0.307626203,-1.095675154
-2.866891853,-1.192286579,-2.089107113,-2.029986722,-0.307424997,-1.092251607
-2.86753696,-1.190979331,-2.091251137,-2.033333389,-0.307224997,-1.088835022
-2.868182654,-1.189676912,-2.093386292,-2.036674339,-0.307026194,-1.085425295
-2.868828934,-1.188379275,-2.095512662,-2.040009661,-0.306828579,-1.082022331
-2.869475802,-1.187086374,-2.09763033,-2.043339444,-0.306632142,-1.078626031
-2.870123257,-1.185798165,-2.099739378,-2.046663773,-0.306436874,-1.075236304
-2.870771299,-1.184514604,-2.101839885,-2.049982736,-0.306242766,-1.071853052
-2.871419929,-1.183235647,-2.103931929,-2.053296413,-0.306049811,-1.068476188
-2.872069146,-1.181961251,-2.106015589,-2.05660489,-0.305858,-1.065105619
-2.872718952,-1.180691375,-2.108090938,-2.059908245,-0.305667324,-1.061741258
-2.873369347,-1.179425978,-2.110158053,-2.063206562,-0.305477776,-1.058383015
-2.874020329,-1.178165019,-2.112217005,-2.066499914,-0.305289349,-1.055030807
-2.874671901,-1.176908457,-2.114267869,-2.069788382,-0.305102033,-1.051684548
-2.875324062,-1.175656255,-2.116310714,-2.07307204,-0.304915822,-1.048344156
-2.875976813,-1.174408373,-2.11834561,-2.076350965,-0.304730709,-1.045009547
-2.876630153,-1.173164774,-2.120372625,-2.079625228,-0.304546687,-1.041680644
-2.877284083,-1.17192542,-2.122391828,-2.082894904,-0.304363749,-1.038357363
-2.877938603,-1.170690275,-2.124403285,-2.086160061,-0.304181888,-1.035039631
-2.878593714,-1.169459302,-2.126407061,-2.089420773,-0.304001096,-1.031727366
-2.879249415,-1.168232466,-2.128403221,-2.092677106,-0.30382137,-1.028420497
-2.879905707,-1.167009731,-2.130391827,-2.09592913,-0.3036427,-1.025118945
-2.88056259,-1.165791065,-2.132372943,-2.09917691,-0.303465083,-1.021822641
-2.881220064,-1.164576431,-2.13434663,-2.102420515,-0.303288511,-1.018531509
-2.88187813,-1.163365799,-2.136312948,-2.105660007,-0.303112979,-1.015245481
-2.882536788,-1.162159133,-2.138271957,-2.108895452,-0.302938481,-1.011964482
-2.883196037,-1.160956403,-2.140223715,-2.112126911,-0.302765012,-1.008688449
-2.883855879,-1.159757575,-2.142168281,-2.11535445,-0.302592565,-1.005417309
-2.884516313,-1.158562619,-2.14410571,-2.118578125,-0.302421137,-1.002150998
-2.88517734,-1.157371505,-2.146036059,-2.121798001,-0.302250721,-0.998889446
-2.885838961,-1.1561842,-2.147959384,-2.125014135,-0.302081313,-0.995632591
-2.886501173,-1.155000676,-2.149875738,-2.128226585,-0.301912907,-0.99238037
-2.88716398,-1.153820903,-2.151785176,-2.131435411,-0.301745499,-0.989132716
-2.887827379,-1.152644852,-2.153687749,-2.134640667,-0.301579085,-0.985889569
-2.888491373,-1.151472494,-2.155583511,-2.137842412,-0.301413659,-0.982650866
-2.88915596,-1.150303801,-2.157472512,-2.141040698,-0.301249218,-0.979416549
-2.889821145,-1.149138567,-2.159354733,-2.144234917,-0.30108562,-0.976187252
-2.890487178,-1.147959553,-2.161223428,-2.147360753,-0.300909562,-0.973030359
-2.891153805,-1.146784104,-2.163085518,-2.15048346,-0.300734342,-0.96987749
-2.891821025,-1.145612194,-2.164941051,-2.153603091,-0.300559957,-0.966728589
-2.89248884,-1.144443796,-2.166790075,-2.156719703,-0.300386402,-0.963583593
-2.893157249,-1.143278885,-2.168632637,-2.159833345,-0.300213675,-0.960442448
-2.893826252,-1.142117436,-2.170468782,-2.162944072,-0.300041772,-0.957305093
-2.894495849,-1.140959422,-2.172298556,-2.166051934,-0.29987069,-0.954171475
-2.895166041,-1.13980482,-2.174122004,-2.169156985,-0.299700426,-0.951041534
-2.895836827,-1.138653606,-2.17593917,-2.172259271,-0.299530977,-0.947915219
-2.896508209,-1.137505754,-2.177750099,-2.175358845,-0.29936234,-0.944792473
-2.897180186,-1.136361242,-2.179554832,-2.178455753,-0.299194513,-0.941673243
-2.897852759,-1.135220046,-2.181353412,-2.181550048,-0.299027493,-0.938557475
-2.898525926,-1.134082144,-2.183145882,-2.184641772,-0.298861276,-0.93544512
-2.89919969,-1.132947512,-2.184932282,-2.187730977,-0.298695861,-0.932336122
-2.89987405,-1.131816128,-2.186712654,-2.190817706,-0.298531246,-0.929230433
-2.900549006,-1.13068797,-2.188487037,-2.193902008,-0.298367427,-0.926128001
-2.901224557,-1.129563016,-2.190255472,-2.196983926,-0.298204403,-0.923028777
-2.901900706,-1.128441244,-2.192017997,-2.200063506,-0.298042171,-0.919932711
-2.902577451,-1.127322634,-2.193774651,-2.20314079,-0.297880729,-0.916839757
-2.903254793,-1.126207164,-2.195525473,-2.206215825,-0.297720076,-0.913749864
-2.903932731,-1.125094814,-2.1972705,-2.209288651,-0.297560209,-0.910662988
-2.904611268,-1.123985563,-2.199009769,-2.212359314,-0.297401126,-0.907579078
-2.905290401,-1.122879391,-2.200743317,-2.215427851,-0.297242826,-0.904498092
-2.905970132,-1.121776278,-2.202471181,-2.218494309,-0.297085307,-0.901419981
-2.90665046,-1.120676205,-2.204193395,-2.221558725,-0.296928567,-0.898344704
-2.907331386,-1.119579152,-2.205909995,-2.224621141,-0.296772604,-0.895272212
-2.90801291,-1.1184851,-2.207621017,-2.227681596,-0.296617418,-0.892202465
-2.908695032,-1.11739403,-2.209326495,-2.230740132,-0.296463007,-0.889135417
-2.909377752,-1.116305924,-2.211026462,-2.233796784,-0.296309369,-0.886071027
-2.910061071,-1.115220762,-2.212720953,-2.236851594,-0.296156503,-0.88300925
-2.910744988,-1.114138527,-2.21441,-2.239904598,-0.296004408,-0.879950048
-2.911429504,-1.113059202,-2.216093636,-2.242955835,-0.295853082,-0.876893377
-2.912114619,-1.111982767,-2.217771894,-2.246005339,-0.295702525,-0.873839198
-2.912800332,-1.110909206,-2.219444805,-2.249053151,-0.295552735,-0.870787468
-2.913486645,-1.109838502,-2.221112402,-2.252099303,-0.295403712,-0.86773815
-2.914173557,-1.108770636,-2.222774715,-2.255143834,-0.295255454,-0.864691202
-2.914861069,-1.107705593,-2.224431776,-2.258186779,-0.295107962,-0.861646587
-2.91554918,-1.106643356,-2.226083613,-2.261228169,-0.294961233,-0.858604267
-2.91623789,-1.105583908,-2.227730259,-2.264268043,-0.294815267,-0.855564203
-2.9169272,-1.104527233,-2.229371742,-2.267306432,-0.294670064,-0.852526358
-2.917617111,-1.103473314,-2.231008092,-2.270343372,-0.294525623,-0.849490694
-2.918307621,-1.102422137,-2.232639338,-2.273378894,-0.294381943,-0.846457176
-2.918998732,-1.101373685,-2.234265508,-2.276413032,-0.294239023,-0.843425766
-2.919690442,-1.100327943,-2.235886631,-2.279445818,-0.294096865,-0.840396431
-2.920382753,-1.099284895,-2.237502736,-2.282477284,-0.293955466,-0.837369132
-2.921075665,-1.098244527,-2.239113849,-2.285507461,-0.293814827,-0.834343837
-2.921769177,-1.097206823,-2.240719998,-2.288536382,-0.293674947,-0.83132051
-2.92246329,-1.096171769,-2.24232121,-2.291564075,-0.293535826,-0.828299118
-2.923158004,-1.09513935,-2.243917512,-2.294590574,-0.293397465,-0.825279627
-2.923853318,-1.094109551,-2.24550893,-2.297615905,-0.293259862,-0.822262004
-2.924549234,-1.093082359,-2.24709549,-2.300640101,-0.293123017,-0.819246214
-2.925245751,-1.092057759,-2.248677219,-2.303663189,-0.292986932,-0.816232228
-2.92594287,-1.091035737,-2.250254141,-2.306685201,-0.292851605,-0.813220011
-2.926640589,-1.09001628,-2.251826283,-2.309706161,-0.292717037,-0.810209534
-2.92733891,-1.088999373,-2.253393669,-2.312726102,-0.292583227,-0.807200763
-2.928037833,-1.087985004,-2.254956323,-2.315745049,-0.292450177,-0.80419367
-2.928737357,-1.086973159,-2.25651427,-2.318763031,-0.292317886,-0.80118822
-2.929437483,-1.085963825,-2.258067535,-2.321780073,-0.292186355,-0.798184388
-2.930138211,-1.084956988,-2.259616141,-2.324796205,-0.292055583,-0.79518214
-2.930839541,-1.083952637,-2.261160112,-2.327811451,-0.291925572,-0.79218145
-2.931541473,-1.082950758,-2.262699471,-2.330825839,-0.29179632,-0.789182285
-2.932244007,-1.081951339,-2.264234241,-2.333839393,-0.29166783,-0.786184621
-2.932947143,-1.080954368,-2.265764445,-2.336852141,-0.291540102,-0.783188424
-2.933650881,-1.079959831,-2.267290106,-2.339864105,-0.291413135,-0.780193671
-2.934355222,-1.078967717,-2.268811247,-2.342875314,-0.291286931,-0.77720033
-2.935060165,-1.077978014,-2.270327888,-2.345885788,-0.29116149,-0.774208378
-2.935765711,-1.076990709,-2.271840052,-2.348895556,-0.291036813,-0.771217783
-2.936471859,-1.076005792,-2.273347761,-2.351904637,-0.2909129,-0.768228524
-2.93717861,-1.075023251,-2.274851037,-2.35491306,-0.290789752,-0.765240569
-2.937885963,-1.074043073,-2.276349899,-2.357920844,-0.290667371,-0.762253896
-2.93859392,-1.073065248,-2.277844371,-2.360928015,-0.290545756,-0.759268476
-2.939302478,-1.072089765,-2.27933447,-2.363934592,-0.290424909,-0.756284286
-2.94001164,-1.071116611,-2.28082022,-2.366940603,-0.29030483,-0.7533013
-2.940721405,-1.070145777,-2.282301639,-2.369946065,-0.290185521,-0.750319494
-2.941431773,-1.069177251,-2.283778749,-2.372951003,-0.290066982,-0.747338841
-2.942142744,-1.068211023,-2.285251568,-2.375955437,-0.289949214,-0.74435932
-2.942854318,-1.067247081,-2.286720117,-2.37895939,-0.289832219,-0.741380905
-2.943566494,-1.066285416,-2.288184414,-2.38196288,-0.289715997,-0.738403574
-2.944279275,-1.065326017,-2.28964448,-2.384965931,-0.28960055,-0.735427301
-2.944992658,-1.064368873,-2.291100334,-2.387968563,-0.289485879,-0.732452065
-2.945706645,-1.063413974,-2.292551993,-2.390970793,-0.289371984,-0.729477845
-2.946421235,-1.062461311,-2.293999478,-2.393972646,-0.289258868,-0.726504615
-2.947137516,-1.061521461,-2.295423611,-2.396957389,-0.289139482,-0.723550071
-2.947856908,-1.060608307,-2.296799231,-2.399903336,-0.289004523,-0.720637155
-2.948576879,-1.059697267,-2.298170907,-2.402849509,-0.288870327,-0.717724586
-2.949297431,-1.058788332,-2.299538657,-2.405795931,-0.288736894,-0.714812342
-2.950018563,-1.057881494,-2.300902495,-2.408742615,-0.288604227,-0.711900406
-2.950740275,-1.056976743,-2.302262439,-2.411689581,-0.288472327,-0.708988756
-2.951462566,-1.056074071,-2.303618503,-2.414636841,-0.288341197,-0.706077376
-2.952185437,-1.055173471,-2.304970704,-2.417584416,-0.288210838,-0.703166245
-2.952908887,-1.054274932,-2.306319057,-2.420532319,-0.288081253,-0.700255348
-2.953632918,-1.053378448,-2.307663576,-2.423480568,-0.287952442,-0.697344663
-2.954357527,-1.05248401,-2.309004278,-2.426429175,-0.287824409,-0.694434176
-2.955082717,-1.05159161,-2.310341178,-2.42937816,-0.287697156,-0.691523866
-2.955808485,-1.05070124,-2.31167429,-2.432327534,-0.287570683,-0.688613719
-2.956534833,-1.049812892,-2.313003629,-2.435277315,-0.287444994,-0.685703714
-2.95726176,-1.048926558,-2.31432921,-2.438227515,-0.287320091,-0.682793838
-2.957989267,-1.048042231,-2.315651048,-2.441178151,-0.287195976,-0.679884072
-2.958717352,-1.047159902,-2.316969155,-2.444129234,-0.287072651,-0.676974402
-2.959446017,-1.046279565,-2.318283548,-2.447080782,-0.286950117,-0.674064809
-2.96017526,-1.045401211,-2.319594239,-2.450032805,-0.286828378,-0.67115528
-2.960905082,-1.044524833,-2.320901243,-2.452985319,-0.286707436,-0.668245796
-2.961635483,-1.043650424,-2.322204574,-2.455938335,-0.286587293,-0.665336346
-2.962366463,-1.042777976,-2.323504245,-2.458891868,-0.286467951,-0.662426911
-2.963098021,-1.041907483,-2.324800269,-2.46184593,-0.286349412,-0.659517478
-2.963830158,-1.041038937,-2.326092662,-2.464800534,-0.286231679,-0.656608032
-2.964562873,-1.04017233,-2.327381434,-2.467755691,-0.286114755,-0.653698559
-2.965296167,-1.039307657,-2.328666601,-2.470711416,-0.285998642,-0.650789043
-2.966030038,-1.038444909,-2.329948174,-2.473667717,-0.285883341,-0.647879473
-2.966764488,-1.03758408,-2.331226167,-2.476624609,-0.285768856,-0.644969833
0.174093138,0.227165721,0.696596287,0.216957967,-0.935134052,-0.130130543
0.173357532,0.226441226,0.697220451,0.216067346,-0.934940795,-0.129619045
0.17262135,0.225717114,0.69784356,0.215175872,-0.934747161,-0.129106945
0.171884589,0.224993384,0.698465615,0.214283543,-0.934553153,-0.128594239
0.17114725,0.224270039,0.699086615,0.213390357,-0.93435877,-0.128080926
0.170409335,0.22354708,0.69970656,0.212496313,-0.934164015,-0.127567002
0.169670842,0.222824507,0.700325448,0.21160141,-0.933968889,-0.127052466
0.168931772,0.222102322,0.700943279,0.210705646,-0.933773394,-0.126537315
0.168192125,0.221380528,0.701560053,0.209809021,-0.933577532,-0.126021546
0.167451901,0.220659124,0.702175769,0.208911533,-0.933381304,-0.125505157
0.166711101,0.219938112,0.702790426,0.20801318,-0.933184711,-0.124988145
0.165969723,0.219217493,0.703404024,0.207113961,-0.932987756,-0.124470509
0.16522777,0.21849727,0.704016562,0.206213874,-0.93279044,-0.123952245
0.16448524,0.217777443,0.70462804,0.205312921,-0.932592765,-0.123433351
0.163742134,0.217058013,0.705238457,0.204411096,-0.932394732,-0.122913824
0.162998452,0.216338983,0.705847812,0.203508402,-0.932196343,-0.122393663
0.162254194,0.215620352,0.706456105,0.202604834,-0.931997599,-0.121872865
0.161509361,0.214902124,0.707063335,0.201700393,-0.931798503,-0.121351427
0.160763952,0.214184298,0.707669502,0.200795077,-0.931599057,-0.120829346
0.160017968,0.213466876,0.708274605,0.199888886,-0.93139926,-0.120306621
0.159271408,0.212749861,0.708878643,0.198981816,-0.931199117,-0.119783249
0.158524274,0.212033252,0.709481616,0.198073868,-0.930998627,-0.119259228
0.157776565,0.211317052,0.710083524,0.197165039,-0.930797794,-0.118734554
0.157028281,0.210601262,0.710684364,0.19625533,-0.930596618,-0.118209226
0.156279422,0.209885883,0.711284138,0.195344738,-0.930395101,-0.117683241
0.15552999,0.209170917,0.711882844,0.194433262,-0.930193246,-0.117156597
0.154779983,0.208456365,0.712480482,0.1935209,-0.929991054,-0.11662929
0.154029402,0.207742229,0.713077051,0.192607653,-0.929788526,-0.11610132
0.153278247,0.20702851,0.713672551,0.191693517,-0.929585665,-0.115572683
0.152523245,0.206362953,0.714234533,0.190772268,-0.929397116,-0.115037329
0.151766914,0.205709354,0.714787653,0.189848681,-0.929211838,-0.114499891
0.151010048,0.205056233,0.715339718,0.188924261,-0.92902632,-0.113961828
0.150252645,0.20440359,0.715890729,0.187999004,-0.928840562,-0.113423139
0.149494707,0.203751427,0.716440685,0.187072913,-0.928654566,-0.112883821
0.148736234,0.203099745,0.716989585,0.186145983,-0.928468334,-0.112343873
0.147977226,0.202448546,0.717537428,0.185218216,-0.928281869,-0.111803292
0.147217682,0.201797832,0.718084215,0.18428961,-0.928095171,-0.111262076
0.146457605,0.201147602,0.718629944,0.183360165,-0.927908242,-0.110720223
0.145696994,0.20049786,0.719174615,0.182429878,-0.927721086,-0.110177732
0.144935849,0.199848606,0.719718227,0.181498751,-0.927533702,-0.109634601
0.14417417,0.199199842,0.72026078,0.180566781,-0.927346093,-0.109090827
0.143411958,0.19855157,0.720802273,0.179633969,-0.927158261,-0.108546408
0.142649214,0.19790379,0.721342706,0.178700311,-0.926970208,-0.108001343
0.141885937,0.197256504,0.721882077,0.17776581,-0.926781936,-0.10745563
0.141122128,0.196609714,0.722420387,0.176830462,-0.926593447,-0.106909266
0.140357787,0.195963421,0.722957635,0.175894268,-0.926404741,-0.10636225
0.139592915,0.195317627,0.72349382,0.174957227,-0.926215822,-0.105814579
0.138827512,0.194672333,0.724028942,0.174019337,-0.926026692,-0.105266253
0.138061578,0.19402754,0.724562999,0.173080598,-0.925837351,-0.104717268
0.137295114,0.193383251,0.725095992,0.17214101,-0.925647802,-0.104167623
0.136528119,0.192739466,0.72562792,0.17120057,-0.925458048,-0.103617316
0.135760595,0.192096187,0.726158783,0.17025928,-0.925268089,-0.103066345
0.134992541,0.191453415,0.726688579,0.169317137,-0.925077929,-0.102514709
0.134223959,0.190811152,0.727217308,0.168374141,-0.924887568,-0.101962405
0.133454848,0.1901694,0.727744969,0.16743029,-0.924697008,-0.10140943
0.132685209,0.18952816,0.728271563,0.166485586,-0.924506253,-0.100855785
0.131915042,0.188887433,0.728797088,0.165540025,-0.924315303,-0.100301466
0.131144347,0.188247221,0.729321543,0.164593608,-0.924124161,-0.099746471
0.130373125,0.187607526,0.729844929,0.163646335,-0.923932828,-0.0991908
0.129601376,0.186968349,0.730367244,0.162698203,-0.923741307,-0.098634449
0.128829102,0.186329691,0.730888489,0.161749213,-0.9235496,-0.098077418
0.128056301,0.185691554,0.731408661,0.160799363,-0.923357708,-0.097519703
0.127282974,0.18505394,0.731927762,0.159848654,-0.923165634,-0.096961303
0.126509122,0.18441685,0.732445789,0.158897083,-0.92297338,-0.096402217
0.125734746,0.183780286,0.732962744,0.157944651,-0.922780947,-0.095842443
0.124959845,0.183144249,0.733478624,0.156991357,-0.922588338,-0.095281978
0.12418442,0.18250874,0.733993429,0.156037199,-0.922395555,-0.094720821
0.123408471,0.181873762,0.73450716,0.155082178,-0.922202599,-0.09415897
0.122632,0.181239316,0.735019814,0.154126292,-0.922009474,-0.093596423
0.121855005,0.180605403,0.735531393,0.15316954,-0.921816181,-0.093033178
0.121077488,0.179972025,0.736041894,0.152211923,-0.921622721,-0.092469234
0.120299449,0.179339183,0.736551318,0.151253439,-0.921429098,-0.091904588
0.119520888,0.17870688,0.737059663,0.150294088,-0.921235313,-0.091339239
0.118741806,0.178075116,0.73756693,0.149333868,-0.921041368,-0.090773185
0.117960124,0.177488763,0.738047728,0.148367989,-0.920866344,-0.090201232
0.117176386,0.176936849,0.73850831,0.147397697,-0.920705636,-0.08962473
0.116392176,0.176385541,0.738967834,0.14642663,-0.920544875,-0.089047616
0.115607491,0.17583484,0.739426299,0.145454785,-0.920384064,-0.088469887
0.114822335,0.175284749,0.739883705,0.144482164,-0.920223205,-0.087891544
0.114036705,0.174735267,0.740340052,0.143508765,-0.920062299,-0.087312584
0.113250604,0.174186398,0.740795338,0.14253459,-0.919901349,-0.086733007
0.112464031,0.173638141,0.741249564,0.141559636,-0.919740356,-0.08615281
0.111676989,0.1730905,0.741702728,0.140583904,-0.919579323,-0.085571995
0.110889475,0.172543474,0.742154831,0.139607395,-0.919418251,-0.084990558
0.110101493,0.171997067,0.742605871,0.138630108,-0.919257143,-0.084408499
0.109313041,0.171451278,0.743055848,0.137652042,-0.919096001,-0.083825816
0.108524121,0.17090611,0.743504761,0.136673198,-0.918934825,-0.08324251
0.107734733,0.170361565,0.743952611,0.135693575,-0.918773619,-0.082658577
0.106944878,0.169817642,0.744399396,0.134713175,-0.918612385,-0.082074018
0.106154556,0.169274345,0.744845117,0.133731994,-0.918451124,-0.081488831
0.105363768,0.168731675,0.745289771,0.132750036,-0.918289839,-0.080903016
0.104572514,0.168189633,0.745733359,0.131767298,-0.918128531,-0.080316569
0.103780795,0.16764822,0.746175881,0.130783782,-0.917967202,-0.079729492
0.102988612,0.167107439,0.746617335,0.129799485,-0.917805856,-0.079141783
0.102195965,0.16656729,0.747057722,0.12881441,-0.917644492,-0.07855344
0.101402855,0.166027775,0.74749704,0.127828556,-0.917483115,-0.077964463
0.100609282,0.165488896,0.747935289,0.126841922,-0.917321725,-0.07737485
0.099815247,0.164950654,0.748372469,0.125854509,-0.917160325,-0.076784601
0.099020751,0.16441305,0.748808579,0.124866316,-0.916998917,-0.076193714
0.098225794,0.163876087,0.749243618,0.123877344,-0.916837503,-0.075602188
0.097430376,0.163339765,0.749677587,0.122887592,-0.916676084,-0.075010023
0.096634499,0.162804087,0.750110484,0.121897061,-0.916514664,-0.074417217
0.095838163,0.162269053,0.750542308,0.12090575,-0.916353244,-0.073823769
0.095041368,0.161734666,0.75097306,0.119913659,-0.916191826,-0.073229679
0.094244116,0.161200926,0.751402739,0.118920788,-0.916030412,-0.072634944
0.093446407,0.160667835,0.751831344,0.117927138,-0.915869005,-0.072039565
0.092648241,0.160135396,0.752258875,0.116932709,-0.915707606,-0.07144354
0.091849619,0.159603608,0.752685331,0.115937499,-0.915546217,-0.070846868
0.091050541,0.159072475,0.753110712,0.11494151,-0.915384842,-0.070249549
0.09025101,0.158541997,0.753535016,0.113944742,-0.915223481,-0.06965158
0.089451024,0.158012176,0.753958245,0.112947194,-0.915062137,-0.069052963
0.088650584,0.157483013,0.754380396,0.111948866,-0.914900812,-0.068453694
0.087849692,0.15695451,0.75480147,0.110949759,-0.914739508,-0.067853774
0.087047654,0.156448237,0.755210376,0.109948114,-0.914588595,-0.067251217
0.086242915,0.156013613,0.755581735,0.10893998,-0.914471875,-0.066641566
0.085437778,0.155579713,0.755952037,0.107931193,-0.914355279,-0.066031401
0.084632244,0.155146539,0.756321281,0.106921754,-0.914238811,-0.065420722
0.083826314,0.154714091,0.756689466,0.105911663,-0.914122471,-0.064809529
0.083019989,0.15428237,0.757056594,0.104900921,-0.914006261,-0.064197821
0.08221327,0.153851379,0.757422662,0.103889529,-0.913890184,-0.063585598
0.081406156,0.153421118,0.757787671,0.102877487,-0.913774241,-0.062972861
0.08059865,0.152991589,0.75815162,0.101864796,-0.913658434,-0.062359608
0.079790752,0.152562793,0.758514508,0.100851457,-0.913542764,-0.06174584
0.078982462,0.152134731,0.758876335,0.09983747,-0.913427234,-0.061131555
0.078173782,0.151707406,0.759237101,0.098822835,-0.913311845,-0.060516755
0.077364712,0.151280817,0.759596805,0.097807554,-0.9131966,-0.059901439
0.076555252,0.150854967,0.759955447,0.096791627,-0.9130815,-0.059285606
0.075745405,0.150429857,0.760313026,0.095775055,-0.912966546,-0.058669256
0.074935169,0.150005488,0.760669542,0.094757838,-0.912851741,-0.05805239
0.074124547,0.149581861,0.761024994,0.093739977,-0.912737087,-0.057435007
0.073313539,0.149158979,0.761379381,0.092721473,-0.912622585,-0.056817106
0.072502146,0.148736841,0.761732704,0.091702327,-0.912508237,-0.056198689
0.071690369,0.14831545,0.762084962,0.090682539,-0.912394046,-0.055579753
0.070878208,0.147894807,0.762436155,0.08966211,-0.912280012,-0.0549603
0.070065664,0.147474914,0.762786281,0.088641041,-0.912166138,-0.054340329
0.069252739,0.147055771,0.763135341,0.087619332,-0.912052426,-0.053719841
0.068439432,0.14663738,0.763483334,0.086596984,-0.911938877,-0.053098834
0.067625744,0.146219742,0.763830259,0.085573998,-0.911825493,-0.052477309
0.066811678,0.145802858,0.764176117,0.084550375,-0.911712277,-0.051855266
0.065997232,0.145386731,0.764520906,0.083526116,-0.911599229,-0.051232704
0.065182409,0.144971361,0.764864627,0.08250122,-0.911486353,-0.050609624
0.064367208,0.14455675,0.765207278,0.08147569,-0.911373649,-0.049986026
0.063551631,0.144142899,0.765548859,0.080449526,-0.911261119,-0.049361909
0.062735679,0.143729809,0.765889371,0.079422728,-0.911148767,-0.048737273
0.061919352,0.143317482,0.766228811,0.078395297,-0.911036592,-0.048112119
0.061102652,0.142905919,0.766567181,0.077367235,-0.910924597,-0.047486445
0.060285578,0.142495121,0.766904479,0.076338542,-0.910812785,-0.046860254
0.059468132,0.14208509,0.767240705,0.075309219,-0.910701156,-0.046233543
0.058650316,0.141675827,0.767575859,0.074279267,-0.910589713,-0.045606313
0.057830598,0.141341623,0.767874033,0.07324457,-0.910516669,-0.044973821
0.057009953,0.141037775,0.768156871,0.072207742,-0.91045908,-0.044339078
0.056189,0.140734751,0.768438652,0.071170443,-0.910401764,-0.043703994
0.055367738,0.140432552,0.768719377,0.070132676,-0.910344722,-0.043068572
0.05454617,0.140131179,0.768999044,0.069094442,-0.910287957,-0.042432812
0.053724295,0.139830633,0.769277653,0.068055741,-0.910231468,-0.041796713
0.052902115,0.139530914,0.769555204,0.067016575,-0.910175259,-0.041160278
0.05207963,0.139232025,0.769831697,0.065976945,-0.91011933,-0.040523505
0.051256843,0.138933966,0.77010713,0.064936853,-0.910063682,-0.039886397
0.050433752,0.138636739,0.770381505,0.063896301,-0.910008317,-0.039248953
0.049610361,0.138340343,0.77065482,0.062855289,-0.909953236,-0.038611175
0.048786669,0.138044781,0.770927075,0.061813819,-0.909898441,-0.037973062
0.047962677,0.137750053,0.77119827,0.060771892,-0.909843933,-0.037334616
0.047138387,0.137456161,0.771468403,0.05972951,-0.909789713,-0.036695837
0.046313799,0.137163105,0.771737476,0.058686674,-0.909735783,-0.036056726
0.045488914,0.136870886,0.772005488,0.057643385,-0.909682144,-0.035417283
0.044663734,0.136579507,0.772272437,0.056599645,-0.909628798,-0.034777509
0.043838259,0.136288966,0.772538324,0.055555456,-0.909575745,-0.034137405
0.04301249,0.135999266,0.772803149,0.054510818,-0.909522988,-0.033496971
0.042186429,0.135710408,0.773066911,0.053465733,-0.909470527,-0.032856208
0.041360075,0.135422393,0.773329609,0.052420203,-0.909418364,-0.032215117
0.040533431,0.135135221,0.773591244,0.051374229,-0.909366501,-0.031573699
0.039706497,0.134848894,0.773851815,0.050327813,-0.909314938,-0.030931954
0.038879273,0.134563412,0.774111321,0.049280955,-0.909263677,-0.030289882
0.038051762,0.134278778,0.774369763,0.048233658,-0.90921272,-0.029647486
0.037223964,0.133994991,0.774627139,0.047185922,-0.909162067,-0.029004764
0.03639588,0.133712053,0.77488345,0.04613775,-0.90911172,-0.028361719
0.035567512,0.133429965,0.775138696,0.045089143,-0.909061681,-0.02771835
0.034738859,0.133148728,0.775392875,0.044040102,-0.90901195,-0.02707466
0.033909923,0.132868343,0.775645987,0.042990629,-0.90896253,-0.026430647
0.033080705,0.132588811,0.775898033,0.041940725,-0.908913421,-0.025786314
0.032251206,0.132310132,0.776149011,0.040890392,-0.908864624,-0.02514166
0.031421427,0.132032309,0.776398922,0.039839632,-0.908816142,-0.024496687
0.030590253,0.131860426,0.776599045,0.038785326,-0.908824271,-0.023847755
0.029758773,0.131697894,0.776794189,0.03773052,-0.908837301,-0.023198414
0.028927082,0.13153626,0.776988272,0.036675471,-0.908850707,-0.022548968
0.02809518,0.131375526,0.777181296,0.035620183,-0.908864489,-0.021899417
0.027263068,0.131215692,0.777373259,0.034564656,-0.908878647,-0.021249763
0.026430748,0.131056758,0.777564162,0.033508892,-0.908893182,-0.020600006
0.02559822,0.130898726,0.777754004,0.032452895,-0.908908096,-0.019950149
0.024765486,0.130741595,0.777942784,0.031396664,-0.908923388,-0.019300191
0.023932547,0.130585367,0.778130503,0.030340203,-0.90893906,-0.018650134
0.023099403,0.130430043,0.77831716,0.029283512,-0.908955112,-0.01799998
0.022266057,0.130275622,0.778502755,0.028226595,-0.908971545,-0.01734973
0.021432508,0.130122105,0.778687288,0.027169452,-0.908988359,-0.016699385
0.020598758,0.129969494,0.778870758,0.026112086,-0.909005556,-0.016048945
0.019764809,0.129817788,0.779053166,0.025054499,-0.909023135,-0.015398413
0.01893066,0.129666989,0.77923451,0.023996692,-0.909041098,-0.014747789
0.018096314,0.129517096,0.779414791,0.022938667,-0.909059446,-0.014097075
0.017261772,0.129368111,0.779594009,0.021880426,-0.909078178,-0.013446273
0.016427033,0.129220035,0.779772162,0.020821971,-0.909097296,-0.012795382
0.015592101,0.129072867,0.779949251,0.019763305,-0.9091168,-0.012144404
0.014756975,0.128926608,0.780125276,0.018704428,-0.90913669,-0.011493342
0.013921657,0.128781259,0.780300237,0.017645343,-0.909156969,-0.010842195
0.013086147,0.128636821,0.780474132,0.016586051,-0.909177635,-0.010190965
0.012250448,0.128493294,0.780646962,0.015526555,-0.90919869,-0.009539654
0.01141456,0.128350679,0.780818727,0.014466857,-0.909220135,-0.008888263
0.010578484,0.128208976,0.780989426,0.013406958,-0.909241969,-0.008236792
0.009742221,0.128068186,0.781159059,0.012346861,-0.909264195,-0.007585244
0.008905772,0.12792831,0.781327626,0.011286566,-0.909286811,-0.006933619
0.008069139,0.127789348,0.781495127,0.010226077,-0.909309819,-0.006281918
0.007232323,0.1276513,0.78166156,0.009165395,-0.90933322,-0.005630144
0.006395324,0.127514168,0.781826928,0.008104522,-0.909357014,-0.004978297
0.005558107,0.127397746,0.7819823,0.007043353,-0.909392069,-0.004326252
0.004720556,0.127384849,0.782090336,0.005981558,-0.909483856,-0.00367362
0.003882896,0.127372896,0.782197301,0.004919777,-0.909576063,-0.003021154
0.003045128,0.127361888,0.782303195,0.003858012,-0.90966869,-0.002368855
0.002207253,0.127351824,0.782408019,0.002796266,-0.909761738,-0.001716725
0.001369272,0.127342705,0.782511771,0.001734541,-0.909855206,-0.001064766
0.000531188,0.127334531,0.782614453,0.000672839,-0.909949093,-0.000412979
-0.000307001,0.127327301,0.782716063,-0.000388839,-0.910043401,0.000238635
-0.001145291,0.127321017,0.782816601,-0.001450491,-0.910138128,0.000890075
-0.001983682,0.127315678,0.782916067,-0.002512113,-0.910233274,0.001541338
-0.002822173,0.127311284,0.783014462,-0.003573705,-0.91032884,0.002192424
-0.003660762,0.127307836,0.783111785,-0.004635265,-0.910424825,0.002843332
-0.004499449,0.127305333,0.783208035,-0.005696789,-0.910521228,0.003494059
-0.005338232,0.127303775,0.783303213,-0.006758277,-0.910618051,0.004144605
-0.006177111,0.127303164,0.783397319,-0.007819726,-0.910715292,0.004794967
-0.007016083,0.127303498,0.783490352,-0.008881134,-0.910812952,0.005445146
-0.007855148,0.127304778,0.783582312,-0.0099425,-0.91091103,0.006095138
-0.008694305,0.127307005,0.783673199,-0.01100382,-0.911009526,0.006744944
-0.009533552,0.127310177,0.783763014,-0.012065094,-0.911108439,0.007394561
-0.010372888,0.127314296,0.783851755,-0.013126319,-0.91120777,0.008043988
-0.011212313,0.127319361,0.783939422,-0.014187493,-0.911307519,0.008693225
-0.012051824,0.127325372,0.784026016,-0.015248614,-0.911407685,0.009342268
-0.012891422,0.12733233,0.784111537,-0.01630968,-0.911508268,0.009991118
-0.013731104,0.127340234,0.784195983,-0.017370689,-0.911609267,0.010639772
-0.014570869,0.127349085,0.784279356,-0.018431639,-0.911710683,0.011288229
-0.015410717,0.127358882,0.784361655,-0.019492528,-0.911812515,0.011936488
-0.016250646,0.127369627,0.784442879,-0.020553355,-0.911914763,0.012584548
-0.017090654,0.127381318,0.78452303,-0.021614116,-0.912017427,0.013232407
-0.017930742,0.127393956,0.784602105,-0.02267481,-0.912120506,0.013880064
-0.018770907,0.12740754,0.784680106,-0.023735436,-0.912224001,0.014527517
-0.019610353,0.127542759,0.784703516,-0.024793696,-0.912395048,0.015172044
-0.020449736,0.127689011,0.784721366,-0.025851488,-0.912572102,0.015815897
-0.02128912,0.127836221,0.784738123,-0.026908994,-0.912749557,0.016459292
-0.022128503,0.127984388,0.784753788,-0.027966213,-0.912927411,0.017102227
-0.022967883,0.128133512,0.784768359,-0.029023141,-0.913105664,0.017744701
-0.02380726,0.128283592,0.784781838,-0.030079778,-0.913284315,0.018386714
-0.024646633,0.128434628,0.784794224,-0.031136121,-0.913463362,0.019028264
-0.025486,0.128586619,0.784805518,-0.032192169,-0.913642805,0.01966935
-0.02632536,0.128739566,0.784815718,-0.033247921,-0.913822642,0.020309971
-0.027164712,0.128893467,0.784824825,-0.034303373,-0.914002872,0.020950126
-0.028004055,0.129048322,0.78483284,-0.035358525,-0.914183495,0.021589814
-0.028843387,0.129204131,0.784839761,-0.036413375,-0.914364508,0.022229034
-0.029682707,0.129360893,0.78484559,-0.03746792,-0.914545911,0.022867783
-0.030522015,0.129518607,0.784850326,-0.03852216,-0.914727703,0.023506063
-0.031361308,0.129677274,0.784853968,-0.039576092,-0.914909883,0.024143871
-0.032200587,0.129836893,0.784856517,-0.040629715,-0.91509245,0.024781206
-0.033039849,0.129997463,0.784857974,-0.041683026,-0.915275402,0.025418068
-0.033879094,0.130158983,0.784858337,-0.042736025,-0.915458738,0.026054455
-0.034718319,0.130321454,0.784857607,-0.043788709,-0.915642457,0.026690366
-0.035557525,0.130484875,0.784855784,-0.044841077,-0.915826559,0.0273258
-0.03639671,0.130649245,0.784852867,-0.045893127,-0.916011041,0.027960756
-0.037235872,0.130814563,0.784848858,-0.046944857,-0.916195903,0.028595234
-0.038075011,0.13098083,0.784843755,-0.047996266,-0.916381144,0.029229232
-0.038914126,0.131148045,0.784837559,-0.049047352,-0.916566762,0.029862748
-0.039753214,0.131316207,0.78483027,-0.050098112,-0.916752757,0.030495783
-0.040592276,0.131485316,0.784821888,-0.051148546,-0.916939126,0.031128335
-0.041431309,0.131655371,0.784812412,-0.052198652,-0.91712587,0.031760403
-0.042270313,0.131826371,0.784801844,-0.053248428,-0.917312986,0.032391986
-0.043107568,0.132118284,0.784737392,-0.054292919,-0.917567496,0.033017178
-0.043944452,0.132429866,0.784663572,-0.055336103,-0.917832788,0.033640721
-0.044781225,0.132742383,0.784588623,-0.056378738,-0.918098391,0.034263521
-0.045617888,0.133055836,0.784512546,-0.057420821,-0.918364303,0.034885576
-0.046454438,0.133370222,0.784435339,-0.058462352,-0.918630522,0.035506886
-0.047290875,0.133685541,0.784357005,-0.059503331,-0.918897047,0.036127451
-0.048127198,0.134001792,0.784277542,-0.060543754,-0.919163875,0.03674727
-0.048963405,0.134318973,0.78419695,-0.061583622,-0.919431005,0.037366343
-0.049799495,0.134637085,0.784115231,-0.062622933,-0.919698434,0.03798467
-0.050635467,0.134956125,0.784032383,-0.063661687,-0.91996616,0.038602251
-0.05147132,0.135276092,0.783948408,-0.064699881,-0.920234181,0.039219084
-0.052307053,0.135596986,0.783863304,-0.065737516,-0.920502496,0.03983517
-0.053142665,0.135918805,0.783777073,-0.066774589,-0.920771102,0.040450509
-0.053978154,0.136241549,0.783689715,-0.0678111,-0.921039997,0.0410651
-0.054813519,0.136565215,0.783601228,-0.068847047,-0.92130918,0.041678943
-0.05564876,0.136889804,0.783511615,-0.06988243,-0.921578648,0.042292037
-0.056483875,0.137215314,0.783420874,-0.070917247,-0.921848399,0.042904383
-0.057318863,0.137541744,0.783329006,-0.071951498,-0.922118432,0.04351598
-0.058153723,0.137869092,0.783236012,-0.07298518,-0.922388743,0.044126828
-0.058988453,0.138197358,0.78314189,-0.074018295,-0.922659332,0.044736926
-0.059823053,0.138526541,0.783046642,-0.075050839,-0.922930196,0.045346275
-0.060657521,0.138856639,0.782950267,-0.076082812,-0.923201333,0.045954874
-0.061491857,0.139187652,0.782852765,-0.077114214,-0.923472741,0.046562724
-0.062326059,0.139519577,0.782754137,-0.078145042,-0.923744418,0.047169823
-0.063160126,0.139852415,0.782654384,-0.079175297,-0.924016362,0.047776172
-0.063994057,0.140186164,0.782553504,-0.080204976,-0.924288571,0.04838177
-0.064827851,0.140520823,0.782451498,-0.08123408,-0.924561043,0.048986618
-0.065659031,0.14097096,0.782297934,-0.082255539,-0.924897574,0.049582252
-0.066489298,0.141454542,0.78212886,-0.083274222,-0.925252401,0.050174505
-0.067319344,0.141939001,0.781958604,-0.084292116,-0.925607377,0.050765753
-0.06814917,0.142424336,0.781787167,-0.085309218,-0.925962499,0.051355997
-0.068978772,0.142910544,0.781614547,-0.08632553,-0.926317764,0.051945239
-0.069808152,0.143397624,0.781440746,-0.087341052,-0.926673169,0.052533479
-0.070637307,0.143885575,0.781265764,-0.088355782,-0.927028712,0.053120719
-0.071466237,0.144374395,0.781089601,-0.089369721,-0.92738439,0.053706958
-0.072294939,0.144864081,0.780912257,-0.090382868,-0.9277402,0.054292198
-0.073123415,0.145354633,0.780733733,-0.091395224,-0.92809614,0.05487644
-0.073951662,0.145846048,0.780554029,-0.092406789,-0.928452205,0.055459684
-0.074779679,0.146338326,0.780373144,-0.093417562,-0.928808394,0.056041932
-0.075607465,0.146831463,0.780191081,-0.094427543,-0.929164704,0.056623184
-0.07643502,0.147325459,0.780007838,-0.095436731,-0.929521131,0.057203442
-0.077262342,0.147820312,0.779823417,-0.096445128,-0.929877674,0.057782706
-0.07808943,0.14831602,0.779637816,-0.097452733,-0.930234329,0.058360978
-0.078916283,0.148812581,0.779451038,-0.098459545,-0.930591094,0.058938257
-0.0797429,0.149309994,0.779263081,-0.099465565,-0.930947965,0.059514546
-0.080569281,0.149808257,0.779073947,-0.100470793,-0.93130494,0.060089845
-0.081395423,0.150307368,0.778883635,-0.101475228,-0.931662016,0.060664156
-0.082221327,0.150807326,0.778692146,-0.10247887,-0.932019191,0.061237478
-0.08304699,0.151308129,0.77849948,-0.10348172,-0.932376461,0.061809814
-0.083872413,0.151809775,0.778305638,-0.104483778,-0.932733824,0.062381165
-0.084697593,0.152312262,0.778110619,-0.105485043,-0.933091277,0.06295153
-0.085522531,0.152815588,0.777914425,-0.106485515,-0.933448817,0.063520912
-0.086347224,0.153319753,0.777717055,-0.107485194,-0.933806441,0.064089312
-0.087170704,0.15385881,0.777503401,-0.108481362,-0.934182922,0.064653464
-0.08799065,0.154512576,0.777237995,-0.109467526,-0.934622179,0.065205571
-0.088810271,0.155167124,0.776971337,-0.110452706,-0.935061358,0.065756469
-0.089629567,0.155822453,0.776703428,-0.111436904,-0.935500456,0.066306162
-0.090448536,0.156478559,0.776434269,-0.11242012,-0.935939469,0.066854651
-0.091267178,0.157135441,0.776163859,-0.113402356,-0.936378393,0.067401938
-0.092085492,0.157793097,0.775892199,-0.114383612,-0.936817225,0.067948027
-0.092903476,0.158451523,0.77561929,-0.115363889,-0.937255962,0.068492919
-0.09372113,0.159110718,0.775345133,-0.116343189,-0.9376946,0.069036616
-0.094538453,0.15977068,0.775069727,-0.117321512,-0.938133136,0.069579122
-0.095355444,0.160431406,0.774793073,-0.118298859,-0.938571566,0.070120437
-0.096172103,0.161092894,0.774515172,-0.119275232,-0.939009887,0.070660566
-0.096988428,0.161755142,0.774236024,-0.120250632,-0.939448097,0.07119951
-0.097804418,0.162418147,0.77395563,-0.121225059,-0.93988619,0.071737272
-0.098620073,0.163081907,0.77367399,-0.122198515,-0.940324164,0.072273853
-0.099435391,0.163746421,0.773391104,-0.123171001,-0.940762016,0.072809257
-0.100250372,0.164411685,0.773106974,-0.124142518,-0.941199742,0.073343486
-0.101065016,0.165077697,0.772821599,-0.125113066,-0.941637339,0.073876542
-0.10187932,0.165744455,0.77253498,-0.126082648,-0.942074804,0.074408427
-0.102693284,0.166411958,0.772247118,-0.127051263,-0.942512133,0.074939145
-0.103506908,0.167080202,0.771958013,-0.128018913,-0.942949323,0.075468698
-0.10432019,0.167749185,0.771667665,-0.1289856,-0.94338637,0.075997088
-0.10513313,0.168418906,0.771376075,-0.129951324,-0.943823271,0.076524317
-0.105945727,0.169089361,0.771083244,-0.130916086,-0.944260024,0.077050389
-0.106754425,0.169863297,0.770742984,-0.131870138,-0.944752417,0.077563565
-0.107561166,0.170682712,0.770381258,-0.132818836,-0.945268818,0.078070299
-0.108367486,0.171502784,0.770018196,-0.13376641,-0.945784864,0.078575684
-0.109173385,0.172323511,0.769653798,-0.134712863,-0.946300549,0.079079725
-0.109978862,0.17314489,0.769288066,-0.135658196,-0.946815871,0.079582424
-0.110783916,0.173966918,0.768920999,-0.136602411,-0.947330825,0.080083786
-0.111588548,0.174789593,0.768552599,-0.137545512,-0.947845408,0.080583816
-0.112392755,0.175612911,0.768182866,-0.138487499,-0.948359616,0.081082515
-0.113196538,0.176436871,0.7678118,-0.139428376,-0.948873445,0.08157989
-0.113999896,0.177261468,0.767439404,-0.140368144,-0.949386892,0.082075943
-0.114802827,0.178086701,0.767065676,-0.141306806,-0.949899952,0.082570679
-0.115605332,0.178912566,0.766690619,-0.142244364,-0.950412623,0.083064102
-0.116407409,0.179739062,0.766314232,-0.14318082,-0.9509249,0.083556214
-0.117209058,0.180566184,0.765936517,-0.144116177,-0.951436779,0.084047021
-0.118010279,0.181393931,0.765557474,-0.145050436,-0.951948258,0.084536527
-0.11881107,0.1822223,0.765177104,-0.1459836,-0.952459331,0.085024734
-0.119611431,0.183051288,0.764795407,-0.146915671,-0.952969997,0.085511648
-0.120411361,0.183880891,0.764412385,-0.147846651,-0.953480251,0.085997272
-0.12121086,0.184711109,0.764028037,-0.148776543,-0.953990089,0.086481611
-0.122009926,0.185541937,0.763642365,-0.149705348,-0.954499508,0.086964667
-0.122808559,0.186373374,0.76325537,-0.150633069,-0.955008504,0.087446445
-0.12360676,0.187205416,0.762867051,-0.151559708,-0.955517074,0.087926949
-0.124404525,0.188038061,0.762477411,-0.152485268,-0.956025214,0.088406184
-0.125199058,0.188940699,0.762054679,-0.153402286,-0.956569855,0.088875151
-0.125989641,0.189929701,0.761591242,-0.154308888,-0.957159562,0.089331597
-0.126779712,0.190919202,0.761126362,-0.15521427,-0.957748576,0.089786611
-0.127569272,0.191909199,0.76066004,-0.156118436,-0.958336894,0.090240198
-0.128358319,0.192899689,0.760192278,-0.15702139,-0.958924513,0.090692365
-0.129146854,0.193890668,0.759723076,-0.157923134,-0.959511427,0.091143116
-0.129934875,0.194882133,0.759252436,-0.158823672,-0.960097634,0.091592457
-0.130722383,0.195874082,0.758780358,-0.159723008,-0.96068313,0.092040394
-0.131509377,0.196866511,0.758306843,-0.160621144,-0.96126791,0.092486932
-0.132295856,0.197859417,0.757831893,-0.161518084,-0.961851971,0.092932077
-0.133081821,0.198852796,0.757355508,-0.162413832,-0.962435309,0.093375834
-0.133867269,0.199846646,0.756877689,-0.163308391,-0.96301792,0.093818209
-0.134652202,0.200840964,0.756398437,-0.164201765,-0.963599801,0.094259207
-0.135436619,0.201835746,0.755917754,-0.165093956,-0.964180947,0.094698834
-0.136220518,0.202830989,0.75543564,-0.165984967,-0.964761356,0.095137095
-0.137003901,0.20382669,0.754952095,-0.166874803,-0.965341023,0.095573996
-0.137786765,0.204822847,0.754467122,-0.167763467,-0.965919945,0.096009542
-0.138569111,0.205819455,0.753980721,-0.168650962,-0.966498118,0.096443738
-0.139350939,0.206816512,0.753492893,-0.16953729,-0.967075538,0.096876591
-0.140132248,0.207814015,0.753003639,-0.170422457,-0.967652202,0.097308106
-0.140913037,0.208811961,0.75251296,-0.171306464,-0.968228106,0.097738288
-0.141693306,0.209810347,0.752020856,-0.172189315,-0.968803247,0.098167142
-0.142473054,0.210809169,0.75152733,-0.173071014,-0.969377622,0.098594674
-0.143249993,0.211858315,0.751008993,-0.173945658,-0.9699771,0.099013769
-0.144021155,0.213021285,0.750435936,-0.174805645,-0.970634453,0.099415261
-0.144791721,0.214184559,0.749861308,-0.175664366,-0.971290717,0.099815304
-0.145561689,0.215348133,0.749285108,-0.176521825,-0.971945889,0.100213906
-0.146331061,0.216512005,0.748707339,-0.177378028,-0.972599964,0.100611074
-0.147099835,0.21767617,0.748128002,-0.178232978,-0.97325294,0.101006816
-0.147868012,0.218840625,0.747547098,-0.17908668,-0.973904812,0.101401137
-0.148635591,0.220005366,0.746964628,-0.179939139,-0.974555577,0.101794046
-0.149402572,0.221170391,0.746380593,-0.180790358,-0.975205231,0.102185549
-0.150168956,0.222335695,0.745794996,-0.181640343,-0.975853771,0.102575653
-0.15093474,0.223501275,0.745207836,-0.182489097,-0.976501193,0.102964366
-0.151699927,0.224667129,0.744619116,-0.183336626,-0.977147494,0.103351693
-0.152464514,0.225833252,0.744028837,-0.184182932,-0.97779267,0.103737644
-0.153228503,0.226999641,0.743436999,-0.185028021,-0.978436718,0.104122223
-0.153991893,0.228166292,0.742843605,-0.185871898,-0.979079633,0.104505439
-0.154754683,0.229333203,0.742248656,-0.186714565,-0.979721414,0.104887298
-0.155516875,0.230500371,0.741652152,-0.187556028,-0.980362056,0.105267807
-0.156278466,0.231667791,0.741054095,-0.188396291,-0.981001557,0.105646973
-0.157039458,0.23283546,0.740454486,-0.189235357,-0.981639912,0.106024803
-0.157799849,0.234003376,0.739853328,-0.190073232,-0.982277118,0.106401304
-0.158559641,0.235171535,0.73925062,-0.19090992,-0.982913173,0.106776483
-0.159318832,0.236339933,0.738646364,-0.191745424,-0.983548072,0.107150346
-0.160077423,0.237508568,0.738040562,-0.192579749,-0.984181814,0.1075229
-0.16083395,0.238705986,0.737419437,-0.193409268,-0.984828732,0.10788978
-0.161582485,0.240046872,0.736727491,-0.194219332,-0.985546254,0.108233345
-0.162330345,0.241387831,0.736033817,-0.195028133,-0.98626223,0.108575518
-0.16307753,0.242728857,0.735338417,-0.195835677,-0.98697666,0.108916306
-0.163824041,0.244069949,0.734641292,-0.196641969,-0.987689539,0.109255718
-0.164569876,0.245411101,0.733942444,-0.197447015,-0.988400864,0.109593762
-0.165315037,0.24675231,0.733241874,-0.198250819,-0.989110633,0.109930447
-0.166059524,0.248093573,0.732539585,-0.199053388,-0.989818841,0.110265781
-0.166803335,0.249434887,0.731835578,-0.199854725,-0.990525487,0.110599773
-0.167546473,0.250776247,0.731129854,-0.200654837,-0.991230568,0.11093243
-0.168288935,0.252117651,0.730422416,-0.201453729,-0.991934079,0.111263762
-0.169030724,0.253459094,0.729713264,-0.202251405,-0.992636019,0.111593777
-0.169771839,0.254800574,0.7290024,-0.20304787,-0.993336384,0.111922482
-0.170512279,0.256142086,0.728289827,-0.203843131,-0.994035171,0.112249886
-0.171252046,0.257483628,0.727575546,-0.204637191,-0.994732379,0.112575998
-0.171991139,0.258825196,0.726859557,-0.205430055,-0.995428003,0.112900825
-0.172729558,0.260166787,0.726141864,-0.20622173,-0.996122042,0.113224376
-0.173467303,0.261508398,0.725422467,-0.207012219,-0.996814492,0.113546658
-0.174204375,0.262850024,0.724701369,-0.207801529,-0.997505351,0.113867681
2.96665188,-1.038558082,-2.383783139,2.573767059,-0.329566505,0.543043859
2.965916154,-1.039782006,-2.382384609,2.571547773,-0.329800257,0.545174078
2.965181102,-1.041008035,-2.380981751,2.569329844,-0.330033338,0.547303361
2.964446722,-1.042236177,-2.37957455,2.567113236,-0.330265743,0.549431749
2.963713016,-1.043466441,-2.378162989,2.56489791,-0.330497467,0.551559281
2.962989985,-1.044855512,-2.376575944,2.562687034,-0.330711164,0.553685531
2.962267938,-1.046250755,-2.374979728,2.560476763,-0.330923383,0.55581173
2.961546635,-1.047648444,-2.373378398,2.558266964,-0.331134528,0.55793795
2.960826077,-1.049048592,-2.371771931,2.556057591,-0.331344593,0.560064241
2.960106262,-1.05045121,-2.370160306,2.553848595,-0.331553574,0.562190655
2.959387191,-1.051856309,-2.368543499,2.551639927,-0.331761463,0.564317246
2.958668863,-1.053263903,-2.366921489,2.549431539,-0.331968257,0.566444065
2.957951277,-1.054674002,-2.365294252,2.547223382,-0.332173949,0.568571164
2.957234434,-1.056086619,-2.363661764,2.545015406,-0.332378534,0.570698597
2.956518332,-1.057501767,-2.362024003,2.542807562,-0.332582006,0.572826416
2.955802972,-1.058919458,-2.360380945,2.540599801,-0.33278436,0.574954676
2.955088353,-1.060339705,-2.358732566,2.538392073,-0.332985591,0.577083429
2.954374474,-1.061762521,-2.357078842,2.536184328,-0.333185692,0.579212729
2.953661336,-1.063187918,-2.355419747,2.533976516,-0.33338466,0.581342631
2.952948937,-1.06461591,-2.353755258,2.531768586,-0.333582488,0.583473188
2.952237277,-1.06604651,-2.352085349,2.529560487,-0.333779171,0.585604456
2.951526356,-1.067479732,-2.350409995,2.527352169,-0.333974703,0.587736488
2.950816173,-1.068915589,-2.34872917,2.525143579,-0.33416908,0.589869342
2.950106729,-1.070354095,-2.347042849,2.522934668,-0.334362296,0.592003071
2.949398022,-1.071795264,-2.345351005,2.520725381,-0.334554346,0.594137732
2.948690052,-1.07323911,-2.343653611,2.518515669,-0.334745224,0.596273381
2.947982818,-1.074685648,-2.341950641,2.516305477,-0.334934925,0.598410074
2.947276321,-1.076134892,-2.340242067,2.514094755,-0.335123444,0.600547868
2.946578304,-1.077702448,-2.338398501,2.511879565,-0.335295257,0.602693154
2.945885057,-1.079332431,-2.336482069,2.509660889,-0.335457528,0.604843826
2.945192614,-1.080965593,-2.334558977,2.507440478,-0.335618137,0.60699689
2.944500974,-1.082601955,-2.33262919,2.505218264,-0.335777079,0.609152421
2.943810138,-1.084241536,-2.330692668,2.502994175,-0.335934348,0.611310494
2.943120105,-1.085884359,-2.328749372,2.500768142,-0.336089938,0.613471184
2.942430873,-1.087530444,-2.326799265,2.498540094,-0.336243842,0.615634567
2.941742441,-1.089179813,-2.324842306,2.496309959,-0.336396054,0.61780072
2.94105481,-1.090832487,-2.322878454,2.494077665,-0.336546568,0.61996972
2.940367979,-1.092488489,-2.320907669,2.491843139,-0.336695377,0.622141645
2.939681946,-1.09414784,-2.31892991,2.489606308,-0.336842476,0.624316574
2.938996711,-1.095810564,-2.316945135,2.487367099,-0.336987857,0.626494585
2.938312273,-1.097476684,-2.314953302,2.485125437,-0.337131516,0.628675759
2.937628632,-1.099146223,-2.312954367,2.482881246,-0.337273445,0.630860176
2.936945786,-1.100819205,-2.310948287,2.480634451,-0.337413639,0.633047916
2.936263735,-1.102495653,-2.308935018,2.478384976,-0.33755209,0.635239063
2.935582478,-1.104175591,-2.306914515,2.476132743,-0.337688794,0.637433698
2.934902015,-1.105859046,-2.304886733,2.473877675,-0.337823743,0.639631905
2.934222344,-1.107546041,-2.302851626,2.471619693,-0.337956931,0.641833768
2.933543466,-1.109236601,-2.300809148,2.469358718,-0.338088352,0.644039372
2.932865378,-1.110930754,-2.29875925,2.46709467,-0.338218,0.646248802
2.932188081,-1.112628523,-2.296701886,2.464827469,-0.338345868,0.648462146
2.931511573,-1.114329937,-2.294637007,2.462557032,-0.33847195,0.650679489
2.930837472,-1.116058475,-2.292537548,2.460280774,-0.33859249,0.652904027
2.930175642,-1.117957014,-2.290238559,2.457982553,-0.338684382,0.655155631
2.929514664,-1.119859894,-2.287930562,2.455679311,-0.338773904,0.657413141
2.928854538,-1.121767152,-2.28561349,2.453370937,-0.338861049,0.659676675
2.928195262,-1.123678826,-2.283287275,2.451057321,-0.338945807,0.661946351
2.927536836,-1.125594954,-2.280951847,2.448738349,-0.339028171,0.664222289
2.926879259,-1.127515574,-2.278607136,2.446413909,-0.339108132,0.666504611
2.926222528,-1.129440726,-2.27625307,2.444083884,-0.339185682,0.668793441
2.925566644,-1.13137045,-2.273889576,2.441748157,-0.339260811,0.671088902
2.924911605,-1.133304786,-2.271516581,2.43940661,-0.339333512,0.673391121
2.92425741,-1.135243776,-2.269134008,2.437059124,-0.339403776,0.675700227
2.923604058,-1.137187462,-2.266741782,2.434705576,-0.339471594,0.678016347
2.922951548,-1.139135886,-2.264339825,2.432345843,-0.339536958,0.680339614
2.922299879,-1.141089092,-2.261928058,2.429979801,-0.339599859,0.682670161
2.921649049,-1.143047124,-2.2595064,2.427607323,-0.339660287,0.685008122
2.920999058,-1.145010027,-2.257074771,2.425228281,-0.339718235,0.687353635
2.920349905,-1.146977847,-2.254633087,2.422842545,-0.339773692,0.689706837
2.919701589,-1.148950629,-2.252181265,2.420449983,-0.339826651,0.692067868
2.919054108,-1.150928421,-2.249719218,2.418050461,-0.339877102,0.694436873
2.918407461,-1.152911272,-2.247246858,2.415643844,-0.339925036,0.696813994
2.917761648,-1.154899229,-2.244764099,2.413229994,-0.339970444,0.699199378
2.917116667,-1.156892343,-2.242270849,2.410808771,-0.340013317,0.701593174
2.916472517,-1.158890664,-2.239767016,2.408380034,-0.340053645,0.703995534
2.91583,-1.160905779,-2.237238762,2.405941276,-0.340089259,0.706409332
2.915202227,-1.163126357,-2.234460792,2.403452578,-0.340084559,0.708880434
2.914575343,-1.165353233,-2.231669995,2.40095355,-0.340076571,0.711363088
2.913949346,-1.16758648,-2.228866241,2.398443994,-0.340065283,0.713857504
2.913324236,-1.169826169,-2.2260494,2.395923709,-0.34005068,0.716363894
2.91270001,-1.172072375,-2.223219338,2.393392492,-0.340032749,0.718882476
2.912076668,-1.174325173,-2.220375919,2.390850132,-0.340011476,0.721413469
2.911454209,-1.17658464,-2.217519003,2.38829642,-0.339986849,0.723957098
2.91083263,-1.178850854,-2.21464845,2.385731138,-0.339958852,0.726513593
2.91021193,-1.181123895,-2.211764114,2.383154067,-0.339927471,0.729083187
2.909592108,-1.183403846,-2.208865847,2.380564981,-0.339892693,0.731666117
2.908973163,-1.185690788,-2.2059535,2.377963653,-0.339854503,0.734262625
2.908355092,-1.187984808,-2.203026918,2.37534985,-0.339812887,0.736872958
2.907737896,-1.190285993,-2.200085945,2.372723334,-0.339767828,0.739497368
2.907121572,-1.19259443,-2.19713042,2.370083862,-0.339719314,0.742136111
2.906506119,-1.194910211,-2.19416018,2.367431187,-0.339667328,0.74478945
2.905891536,-1.197233427,-2.191175058,2.364765057,-0.339611855,0.74745765
2.905277821,-1.199564174,-2.188174882,2.362085215,-0.33955288,0.750140985
2.904664972,-1.201902549,-2.185159479,2.359391397,-0.339490387,0.752839733
2.90405299,-1.204248649,-2.18212867,2.356683336,-0.33942436,0.755554177
2.903441871,-1.206602576,-2.179082274,2.353960756,-0.339354783,0.758284607
2.902831615,-1.208964433,-2.176020103,2.35122338,-0.339281641,0.761031319
2.902222221,-1.211334324,-2.172941969,2.34847092,-0.339204916,0.763794616
2.901613686,-1.213712359,-2.169847675,2.345703084,-0.339124592,0.766574807
2.90100601,-1.216098648,-2.166737024,2.342919575,-0.339040652,0.769372206
