0.47200000000000003,0.16718508904853685,0.6519834500457498,-0.6825162399801386,1.3469421422633558,-1.8705217192398829,-0.3069737448285187
0.48,0.1685097939508005,0.6512312131381403,-0.6827605860754178,1.3453032780957332,-1.872577717098732,-0.3069039316584389
0.488,0.16978039364625241,0.650663981131242,-0.6828949764278214,1.3436417246478345,-1.8748065025535288,-0.30695105554824276
0.496,0.17100386945190044,0.6502503380985194,-0.6829351190006172,1.3419557365904082,-1.8771871316532491,-0.30709766320541027
0.52,0.17447358400486515,0.6497023047133932,-0.6827536047584097,1.3368419218820646,-1.8850062067021838,-0.3079284399293596
0.528,0.17559059472614152,0.6496708887868572,-0.682680300929826,1.335145461849126,-1.8877568456033267,-0.30826354314574245
0.536,0.17670236945966192,0.6496761247746132,-0.6826436490155341,1.3334647097794556,-1.8905406457602576,-0.3085899197158654
0.544,0.17781763485168628,0.6496970687256372,-0.6826663382958101,1.3318066469900611,-1.8933366632219526,-0.3088901163472084
0.552,0.17893813623146665,0.649733720639929,-0.6827605860754178,1.3301747641394461,-1.8961414073299077,-0.30915889705201555
0.56,0.180063873599003,0.6497860805174889,-0.6829298830128612,1.3285690612276115,-1.8989566234133743,-0.3093927711717828
0.5680000000000001,0.18119484695429533,0.6498524030290647,-0.6831707384496365,1.3269895382545567,-1.9017805661431013,-0.30959173870651013
0.5760000000000001,0.1823328016265956,0.6499344335039084,-0.6834866430442473,1.3254344498910298,-1.9046149808483401,-0.3097592903147016
0.584,0.1834742469573999,0.6500304266127681,-0.6838758514674421,1.3239055414662828,-1.9074563768705868,-0.3098919353378532
0.592,0.18462267360521217,0.6501421276848958,-0.6843383637192206,1.3223993223218116,-1.9103064995390935,-0.30999316443446884
0.6,0.1857763362407804,0.6502660460617873,-0.684863707824071,1.3209123017991125,-1.9131636035246085,-0.3100664682630526
0.608,0.18693348953485267,0.6504039270726949,-0.6854431571357331,1.3194409892396812,-1.9160259434978788,-0.3101188281406124
0.616,0.1880906428289249,0.6505540253883664,-0.686062749020191,1.3179749126680058,-1.9188935194589056,-0.31015373472565233
0.624,0.18924954145224912,0.6507198316673058,-0.686712011501933,1.3165105814255826,-1.9217663314076883,-0.31017991466443223
0.648,0.19271402001745788,0.651306262295976,-0.6887226308002304,1.3120582465037451,-1.9304004752173043,-0.31025496382226797
0.656,0.19386070133601815,0.6515383910864911,-0.6893876012452402,1.3105380647252582,-1.9332855044708508,-0.3102951063950639
0.664,0.19500214666682247,0.6517879731695264,-0.6900438450439901,1.3089951936664952,-1.9361722790536495,-0.31034397561411975
0.672,0.19614010133912274,0.6520584992035855,-0.690694852854984,1.3074313786567084,-1.939062544294952,-0.31040157147943553
0.68,0.19727282002366706,0.6523464785301646,-0.6913388793489699,1.3058448743666455,-1.9419545548655066,-0.3104696393202633
0.6880000000000001,0.1984020480497074,0.6526536564785156,-0.6919759245259478,1.3042356807963065,-1.9448500560945654,-0.31054817913660304
0.6960000000000001,0.19952604008799177,0.6529817783778905,-0.6926077337151698,1.302607288604196,-1.947749047982128,-0.3106354455992028
0.704,0.20064479613852013,0.6533238629112813,-0.6932325615873837,1.3009562071318093,-1.9506480398696906,-0.3107331840373144
0.712,0.20176006153054452,0.6536816554079403,-0.6938504081425897,1.299287672366903,-1.9535470317572532,-0.3108396491216861
0.72,0.20286834560556088,0.654053410538615,-0.6944630187100397,1.2976016843094762,-1.9564425329863118,-0.3109548408523178
0.728,0.20396964836356932,0.6544391283033058,-0.6950634119727257,1.2958964976302776,-1.9593327982276143,-0.31108224988771327
0.736,0.20506571513382174,0.6548370633727605,-0.6956550785891519,1.2941738576585593,-1.9622160821519088,-0.3112201308986209
0.744,0.20615305525781422,0.6552454704177272,-0.696234527900814,1.2924320190650689,-1.9650888941006917,-0.3113667385557884
0.752,0.20723166873554671,0.6556643494382058,-0.6968000145784601,1.2906744725083106,-1.9679494887447102,-0.3115273088469719
0.776,0.21045703719323222,0.6570204702670054,-0.6984196801243109,1.2852133372788204,-1.9765522166277902,-0.312092795524618
0.784,0.21153739600021673,0.6575091624575637,-0.6989362975829012,1.2833091830648946,-1.9794546991738569,-0.31231270701036934
0.792,0.2126195001364532,0.6580170532698941,-0.6994406977367276,1.2813666316074248,-1.9823711443539396,-0.3125500717886406
0.8,0.21369462295568173,0.6585371613869885,-0.6999311352565379,1.2793996455404273,-1.9852788628877618,-0.31280139920092775
0.808,0.21475927379939827,0.6590677414795948,-0.7004076101423324,1.2774152061809099,-1.9881743641168206,-0.3130649439179789
0.8160000000000001,0.21581868865535883,0.659608793547713,-0.7008718677233629,1.2754115681996203,-1.9910576480411153,-0.31334070593979396
0.8240000000000001,0.21686937686505942,0.6601585722620912,-0.7013256533288814,1.2733904769258109,-1.9939304599898977,-0.31362693993712104
0.8320000000000001,0.21791482908700402,0.6607170776227294,-0.7017689669588879,1.2713501870302295,-1.9967927999631685,-0.3139236459099601
0.84,0.21895504532119262,0.6612843096296276,-0.7022052992718867,1.269290698512876,-1.9996481586194312,-0.3142325691875631
0.848,0.21999177089687724,0.6618620136120377,-0.7026329049386252,1.267210266044499,-2.002494790629434,-0.31455021911142605
0.856,0.22102326048480592,0.6624466989114557,-0.7030552746176079,1.2651106349543497,-2.0053344413224288,-0.314878341010801
0.864,0.22205125941423057,0.6630418561863858,-0.7034706629795825,1.2629865692546727,-2.008168856027668,-0.3152169348856879
0.872,0.22307402235589924,0.6636492307660798,-0.7038755793660451,1.2608363236162157,-2.0109945440866466,-0.3155677460653388
0.88,0.22409503996831595,0.6642688226505379,-0.7042735144354999,1.2586581527097267,-2.0138132508286173,-0.3159290292205016
0.904,0.22713540352529005,0.6661974114739915,-0.7054132144370522,1.2519700510160845,-2.02222573782323,-0.3170879278438258
0.912,0.2281389678451868,0.6668606365897495,-0.705779733579971,1.2496941416714837,-2.0250165192971687,-0.3174963348887925
0.92,0.22914078683583153,0.6675290976932633,-0.7061392714058817,1.2473972883758593,-2.027798574124848,-0.3179134685800191
0.928,0.23013911516797228,0.6682062854430371,-0.7064953185732886,1.245081236458463,-2.030570156977015,-0.3183410742467577
0.936,0.23113220751235708,0.6688869638513147,-0.7068461297529395,1.2427459859192944,-2.0333330131829217,-0.31877915188900835
0.9440000000000001,0.23212006386898587,0.6695746235766006,-0.7071917049448344,1.240395027416858,-2.036083652084065,-0.3192259561775188
0.9520000000000001,0.23310442956711067,0.6702675192896423,-0.7075320441489733,1.2380248702926497,-2.038822073680444,-0.3196797417830374
0.96,0.2340853046067315,0.6709621603319361,-0.7078706380238602,1.2356407505344253,-2.041546532642807,-0.3201422540348159
0.968,0.2350609436585963,0.6716637826912378,-0.708202250581739,1.2332374321544293,-2.0442552836419026,-0.32061349293285435
0.976,0.23603483738120914,0.6723723863675475,-0.708530372481114,1.2308096791649052,-2.0469518173362338,-0.3210934584771528
0.984,0.23701396709157796,0.6730949526778731,-0.7088532583927329,1.2283382929440814,-2.049657077676825,-0.32158738665546716
0.992,0.23799658746045077,0.6738314816222148,-0.7091726536458479,1.2258215281627052,-2.052367574005172,-0.3220970227970495
1.0,0.23897746250007157,0.6745749918835644,-0.7094868129112069,1.2232803287718017,-2.0550675983580073,-0.32261538558489183
1.008,0.23995310155193642,0.6753254834619219,-0.70979573618881,1.220721676088378,-2.0577519147475742,-0.32314422034824614
1.032,0.24285907475650695,0.6775944114895146,-0.710698071412091,1.212940998282987,-2.065719342782929,-0.3247795938573648
1.04,0.24382075117435587,0.6783553750433841,-0.710993032055678,1.2103125324294837,-2.06834606330718,-0.32534158987650696
1.048,0.24477893693370076,0.6791198292557575,-0.7112827567115091,1.2076666132834604,-2.0709605665266677,-0.3259140578711611
1.056,0.24573712269304562,0.6798860287973831,-0.7115689907088362,1.204999750186413,-2.073561107112139,-0.3264935071828233
1.064,0.2466918177938865,0.6806539736682606,-0.7118517340476592,1.2023154337968458,-2.0761476850635945,-0.32708342846999733
1.072,0.24764651289472742,0.6814236638683902,-0.7121309867279784,1.1996084281270025,-2.0787203003810344,-0.3276820764034314
1.08,0.24859946266631633,0.6821968447270237,-0.7124050034205415,1.1968769878476313,-2.081277207735206,-0.3282894509831254
1.088,0.24955415776715723,0.6829735162441611,-0.7126720387960966,1.1941193676294806,-2.083816661796858,-0.32890729753833137
1.096,0.2505071075387461,0.6837536784198026,-0.7129320928546438,1.1913355674725494,-2.086336917236738,-0.32953561606904935
1.104,0.25145831198108304,0.684537331253948,-0.713186910925435,1.1885273327060906,-2.0888432100426013,-0.3301744065752793
1.112,0.2524095164234199,0.6853244747465974,-0.7134382383377221,1.1856964086593558,-2.0913337948851973,-0.33082192372776914
1.12,0.2533589755365049,0.6861116182392469,-0.7136843297622533,1.1828462859908488,-2.0938104170937772,-0.33147816752651904
1.1280000000000001,0.2543084346495898,0.6869005070611482,-0.7139286758575325,1.1799769647005702,-2.0962730766683415,-0.3321431379715289
1.1360000000000001,0.2552561484334227,0.6876893958830497,-0.7141677859650557,1.1770884447885197,-2.0987200282796374,-0.3328185803920507
1.16,0.25809405379716543,0.6900525716902501,-0.7148711536536094,1.1683094386509882,-2.105971871321674,-0.3348937768726719
1.168,0.2590417675809984,0.6908362245243955,-0.7150997917856207,1.1653476149103537,-2.10835773640915,-0.33560063521972966
1.176,0.25998773603557934,0.691618132029289,-0.7153266845883799,1.1623648472186956,-2.110724402874854,-0.3363179655422993
1.184,0.26093544981941225,0.6924000395341824,-0.7155465960741312,1.1593593902467614,-2.1130718707187865,-0.33704227718187696
1.192,0.2618866542617492,0.6931819470390759,-0.7157630169013784,1.156331243994551,-2.1153966492824434,-0.3377770607969666
1.2,0.26283960403333806,0.6939621092147173,-0.7159724564116178,1.1532769178035611,-2.1177004838950757,-0.3385188257290642
1.208,0.26379255380492694,0.6947405260611068,-0.7161784052633532,1.150201647661547,-2.1199851198859365,-0.33926931730742177
1.216,0.26474724890576784,0.6955171975782444,-0.7163808634565846,1.1471071788977611,-2.122250557255025,-0.34002853553203927
1.224,0.26570368933586075,0.6962938690953818,-0.716579830991312,1.1439935115122033,-2.1244985413315938,-0.34079473507366476
1.232,0.26665838443670165,0.6970670499540152,-0.7167753078675352,1.1408623908341256,-2.1267308174448942,-0.34156966126155025
1.24,0.26761482486679455,0.6978384854833967,-0.7169707847437586,1.1377138168635277,-2.1289473855949272,-0.34235331409569575
1.248,0.2685730106261394,0.6986064303542743,-0.7171627709614781,1.134549534929662,-2.131144755123188,-0.3431422029175971
1.256,0.2695311963854843,0.6993726298958998,-0.7173547571791973,1.131367799703276,-2.133324671358929,-0.34393807305650653
1.264,0.27049112747408116,0.7001353387790213,-0.7175449980676647,1.1281703565136225,-2.135488879631402,-0.344742669841676
1.288,0.2733831380446358,0.7024007761481099,-0.7181104847453109,1.1184785431772983,-2.141864567388937,-0.347191366782224
1.296,0.27435528643799667,0.7031512677264675,-0.7182954896460223,1.1152095414883127,-2.1439449998573146,-0.3480203981769213
1.304,0.2753309254898615,0.7038965233170691,-0.7184787492174817,1.1119213411775555,-2.146000997716164,-0.3488546655593746
1.312,0.2763083098709783,0.7046400335784186,-0.7186602634596891,1.1086139422450263,-2.1480360516239894,-0.3496959142588359
1.32,0.27729093023985113,0.7053783078520123,-0.7188400323726446,1.105290835349229,-2.1500519069100426,-0.3505423989460531
1.328,0.2782735506087239,0.7061148367963539,-0.7190198012856001,1.1019502751609118,-2.152048563574324,-0.35139586495027836
1.336,0.27925966163610066,0.7068478750821915,-0.7191978248693034,1.0985957523385788,-2.154027766946086,-0.35225456694225954
1.344,0.28024751799272946,0.7075774227095252,-0.7193775937822589,1.0952272668822296,-2.1559912623545796,-0.3531185049219967
1.352,0.2812371196786103,0.7083052250076068,-0.7195556173659622,1.0918448187918648,-2.157933813812049,-0.3539894242187419
1.36,0.2822284666937431,0.7090277913179324,-0.7197371316081697,1.0884484080674837,-2.159860657306251,-0.3548638341739911
1.368,0.2832233043673798,0.7097468669697541,-0.719918645850377,1.0850397800383387,-2.1617700475079324,-0.3557434801169962
1.3760000000000001,0.2842198873702686,0.7104641972923238,-0.7201036507510884,1.0816171893751778,-2.1636602390878426,-0.3566266167185053
1.3840000000000001,0.2852199610316613,0.7111762916271375,-0.7202904009810518,1.078182381407253,-2.1655312320459803,-0.35751324397851847
1.3920000000000001,0.28622527068081005,0.7118866406326991,-0.7204788965402672,1.0747318654760603,-2.1673812810530944,-0.35840510722628754
1.416,0.2892726155547922,0.7139967436983603,-0.7210566005226773,1.0642860699028742,-2.1727935470635287,-0.3610964049328628
1.424,0.29029537849646087,0.714694875399158,-0.7212538227281527,1.0607762127771136,-2.174556329608043,-0.3620004854853959
1.432,0.29132337742588554,0.7153895164414517,-0.7214510449336281,1.057254138346589,-2.1762999135307854,-0.36290631136718093
1.44,0.2923531216845621,0.7160824121544935,-0.7216517577976074,1.0537181012820487,-2.1780260441610078,-0.363819118565974
1.448,0.2933881019309948,0.7167718172090313,-0.7218542159908388,1.050169846912744,-2.179736466827962,-0.364733671094019
1.456,0.2944248275066794,0.717459476934317,-0.7220619101718261,1.0466076299094236,-2.1814311815316487,-0.365651714280568
1.464,0.29546678907012003,0.7181453913303508,-0.7222713496820654,1.0430297049428352,-2.1831101882720674,-0.36657499345487304
1.472,0.29651398662131667,0.7188295603971325,-0.7224860251800608,1.039437817342231,-2.1847734870492177,-0.367501763287682
1.48,0.29756467483101723,0.7195119841346623,-0.7227041913365599,1.0358302217783586,-2.1864228231923524,-0.368432023778995
1.488,0.2986223443577258,0.7201944078721921,-0.7229293388100673,1.0322051729219663,-2.188054706042967,-0.36936577492881195
1.496,0.29968524987219036,0.7208750862804699,-0.7231579769420785,1.0285696520900622,-2.18966739027181,-0.3702995260786289
1.504,0.3007446647281509,0.7215470380424878,-0.7233918510618457,1.024946348562922,-2.1912469132448646,-0.3712280412406899
1.512,0.3018040795841115,0.7222154991460016,-0.723629215840117,1.0213387529990496,-2.192795020291384,-0.3721495750857429
1.52,0.302866985098576,0.7228804695910114,-0.7238700712768922,1.0177189401304134,-2.194320438057627,-0.3730728542600479
1.544,0.30609409888551353,0.724873635596789,-0.7246223081845018,1.006766999074149,-2.198807679564504,-0.37585839974623086
1.552,0.307179693680254,0.7255368607125467,-0.7248841075723009,1.003089590340197,-2.2002737561361796,-0.37679215089604784
1.56,0.3082687791334985,0.7261983404990526,-0.7251476522893521,0.999399964301481,-2.2017241247445867,-0.37772764737511677
1.568,0.3093631005744989,0.7268598202855585,-0.7254199236526632,0.9957016116165051,-2.2031587853897263,-0.37866488918343777
1.576,0.31046091267400333,0.7275195547428123,-0.7256956856744783,0.9919927869560171,-2.2045777380715976,-0.3796038763210107
1.584,0.31156221543201174,0.7281792892000662,-0.7259784290133013,0.9882769809785211,-2.205979237460949,-0.38054460878783564
1.592,0.3126687541777762,0.7288372783280681,-0.7262664083398804,0.9845524483547652,-2.2073650288870326,-0.38148359592540854
1.6,0.31378052891129654,0.7294952674560699,-0.7265631143127194,0.9808191890847494,-2.208729876362092,-0.38242258306298155
1.608,0.31489753963257294,0.7301532565840717,-0.7268668016025664,0.9770789484977256,-2.2100755252153794,-0.3833615702005545
1.616,0.3160215316708573,0.7308112457120737,-0.7271774702094215,0.9733299812644417,-2.211401975446895,-0.38429881200887545
1.624,0.3171525050261496,0.7314674895108234,-0.7274951201332844,0.9695722873848979,-2.212709227056639,-0.3852343084879444
1.6320000000000001,0.3182869690399459,0.7321254786388254,-0.7278197513741553,0.9658076121883462,-2.213997280044611,-0.3861715502962654
1.6400000000000001,0.31942492371224623,0.7327834677668272,-0.7281496186027824,0.9620342103455344,-2.2152696250693147,-0.3871070467753343
1.6480000000000001,0.3205681143723025,0.7334397115655772,-0.7284847218191652,0.9582555725149667,-2.216526262130751,-0.3880425432544033
1.672,0.3240238662912513,0.7354066976325747,-0.7295249380533537,0.9468777711212156,-2.2202001802061986,-0.39085077802086216
1.68,0.3251827649145755,0.7360629414313246,-0.7298827305500127,0.943072953351868,-2.221393985414563,-0.3917880198291831
1.688,0.3263486448549077,0.7367191852300745,-0.7302475043636795,0.9392628995947645,-2.2225703373304073,-0.3927235163082521
1.696,0.3275180154537439,0.7373736836995722,-0.7306210048236063,0.9354476098499048,-2.223730981282983,-0.393659012787321
1.704,0.32869436736958807,0.7380299274983222,-0.731001486600541,0.9316253387880372,-2.224872426613788,-0.394592763937138
1.712,0.32987595527318825,0.738687916626324,-0.7313889496944839,0.9277978317384137,-2.225996418652072,-0.39552476975770295
1.72,0.3310662698230484,0.739345905754326,-0.7317851394346864,0.9239650887010341,-2.2271012120685842,-0.39645328491976395
1.728,0.3322618203606645,0.7400056402115798,-0.7321883104918973,0.9201271096758986,-2.228188552192577,-0.39738180008182494
1.736,0.3334626068860366,0.7406653746688336,-0.7325984628661159,0.9162838946630071,-2.2292584390240493,-0.3983085699146339
1.744,0.3346686293991647,0.7413251091260875,-0.7330138512280906,0.9124354436623596,-2.230312617892254,-0.39923359441819095
1.752,0.33587988790004875,0.7419865889125934,-0.733436220907073,0.908581756673956,-2.2313510887971906,-0.4001568735924959
1.76,0.3370946370594368,0.7426480686990993,-0.7338638265738118,0.9047228336977966,-2.2323738517388594,-0.4010801527668009
1.768,0.33831636753583283,0.743309548485605,-0.7342966682283063,0.9008621653923852,-2.2333826520465117,-0.4020016866118539
1.776,0.33954158867073286,0.7439710282721108,-0.7347364911998089,0.8969962610992177,-2.2343757443908965,-0.4029232204569069
1.8,0.34325215866047276,0.7459607036193845,-0.7360926120286084,0.8853758589394394,-2.2372625189736954,-0.405679095345806
1.808,0.3445018144049007,0.7466256740643943,-0.736560360268143,0.881495992012256,-2.2381910341357565,-0.406595393203103
1.816,0.34575845146633666,0.7472906445094041,-0.7370333444954335,0.8776126344265687,-2.2391020960052974,-0.40750645507264405
1.824,0.3470238151740325,0.7479591056129179,-0.7375168006982359,0.8737275315116293,-2.2399939592530664,-0.4084157716129331
1.832,0.3482961601987364,0.7486275667164317,-0.7380054928887942,0.8698389379381859,-2.2408701145375676,-0.40932159749471814
1.84,0.34957548654044823,0.7492977731491977,-0.7385011663963607,0.8659485990354906,-2.2417288165295486,-0.41022567804725124
1.848,0.35086004886991606,0.7499679795819634,-0.739003821220935,0.8620547694742913,-2.2425735558875144,-0.4111262679412803
1.856,0.3521498471871399,0.7506399313439812,-0.7395099667040135,0.8581591945838399,-2.2434025872822114,-0.41202511250605733
1.864,0.3534466268213717,0.751311883105999,-0.7400230935040997,0.8542636196933886,-2.244215910713641,-0.41292221174158245
1.872,0.3547468971141075,0.7519855801972688,-0.74053971096269,0.8503697901321892,-2.245015271511054,-0.41381582031860353
1.8800000000000001,0.35605065806534725,0.7526575319592866,-0.7410633097382884,0.8464777059002419,-2.2457971790159474,-0.41470593823712065
1.8880000000000001,0.35735965500434297,0.7533312290505565,-0.7415903991723907,0.8425891123267986,-2.246566869216077,-0.4155943108263858
1.8960000000000001,0.35867388793109467,0.7540049261418263,-0.7421227245942489,0.8387040094118592,-2.2473191061236863,-0.4164791927571469
1.9040000000000001,0.3599933568456024,0.7546768779038442,-0.7426620313331151,0.8348276331431796,-2.2480556350680283,-0.41735883870015206
1.928,0.36403030340546527,0.7567206584579296,-0.7443358020857778,0.8231112378745418,-2.2501762101092013,-0.4199977765291675
1.936,0.3654021321975328,0.7574100635124672,-0.7449135060681878,0.8191790110697985,-2.250855143188227,-0.4208756771429206
1.944,0.36678094230660835,0.7580994685670049,-0.745494700709102,0.8152537655820633,-2.2515166229747328,-0.4217483417689178
1.952,0.36816498840343986,0.7587906189507947,-0.7460811313377721,0.811332010752832,-2.252162394797971,-0.422617515736411
1.96,0.36955252515877535,0.7594817693345844,-0.746672797954198,0.8074172372406088,-2.252794203987193,-0.42348145371614815
1.968,0.37094704323111877,0.7601746650476262,-0.7472679552291281,0.8035059543868895,-2.2534103052131464,-0.42434190103738134
1.976,0.3723467972912183,0.760867560760668,-0.7478700938210663,0.7995981621916742,-2.2540124438050846,-0.42519711237085855
1.984,0.3737535326683257,0.7615604564737097,-0.7484739777422562,0.7956921153257108,-2.254600619763007,-0.4260505783750838
1.992,0.3751655040331891,0.7622550975160035,-0.7490848429804543,0.7917895591182516,-2.255176578416165,-0.42689880839155303
2.0,0.3765862020443125,0.7629514838875493,-0.7497009442064083,0.7878870029107923,-2.2557368291060556,-0.4277452930787703
2.008,0.37801562670169586,0.763649615588347,-0.7503240267493703,0.7839879373618368,-2.2562831171619293,-0.42858828710748353
2.016,0.3794537780053392,0.7643494926183966,-0.7509523452800883,0.7800906171421336,-2.256813697254536,-0.4294260451484408
2.024,0.3809041466137465,0.7650528603069504,-0.7515911357863182,0.7761967875809341,-2.257328569383874,-0.43026031253089414
2.032,0.38236498719766576,0.7657562279955041,-0.7522369076095561,0.7723081940074908,-2.2578259882206924,-0.43108759859633944
2.056,0.3868051048147393,0.7678820390244332,-0.7542108749935615,0.7606528852626727,-2.259230978268548,-0.43354502218314744
2.064,0.38830259731295047,0.7685941333592469,-0.7548775907678235,0.7567730183354894,-2.2596708012400506,-0.43435310962682083
2.072,0.38980707112816954,0.7693079730233126,-0.7555495425298413,0.7528966420668098,-2.260100152236041,-0.4351594517412422
2.08,0.3913202715896486,0.7700235580166302,-0.7562267302796151,0.7490220111273824,-2.260515540598016,-0.4359588125386556
2.088,0.3928421986973877,0.7707426336684519,-0.7569091540171449,0.7451508708464591,-2.2609169663259743,-0.436754682677565
2.096,0.3943728524513867,0.7714617093202736,-0.7575950684131786,0.7412832212240397,-2.2613079200784214,-0.43754531682871844
2.104,0.39591223285164573,0.7721825303013473,-0.7582862187969683,0.7374208075893762,-2.261684911196852,-0.43833246032136786
2.112,0.39746208522741666,0.7729050966116728,-0.7589843504977661,0.7335618846132167,-2.2620496850105187,-0.4391126224970094
2.12,0.3990241549079516,0.7736294082512505,-0.7596877181863197,0.7297099429540652,-2.2623987508609176,-0.4398875486848949
2.128,0.4005984418932505,0.7743572105493323,-0.7603998125211335,0.7258632372826698,-2.2627303634187967,-0.4406554935557723
2.136,0.40218669151256536,0.7750867581766657,-0.7611188881729551,0.7220252582575342,-2.263049758671911,-0.44141820243889385
2.144,0.40378541310739213,0.7758180511332514,-0.7618449451417848,0.7181925152201546,-2.2633517006325063,-0.44217393000500743
2.152,0.4053963520069829,0.776552834748341,-0.7625762380983704,0.7143650081705312,-2.26364317061759,-0.442924421583365
2.16,0.40701776288208563,0.7772893636926826,-0.763312767042712,0.7105409917794114,-2.2639206779686565,-0.4436661865154626
2.184,0.4119378460434576,0.7795129131597234,-0.7655432978267608,0.6991055945203446,-2.264681641522526,-0.44585657472671547
2.192,0.41359939949135627,0.7802564234210729,-0.7662937894051184,0.695304267409501,-2.2649120249837895,-0.4465756503785371
2.2,0.4152696795855148,0.7810051696701785,-0.7670495169712319,0.6915099216156654,-2.2651301911402886,-0.4472859993840988
2.208,0.4169521769844374,0.7817539159192842,-0.7678087351958494,0.6877225571388376,-2.2653361399920238,-0.4479911124019045
2.216,0.41864514635887184,0.7825044074976417,-0.768573189408223,0.6839421739790179,-2.2655316168682473,-0.4486909894319543
2.224,0.42035382369657426,0.7832566444052512,-0.7693446249376044,0.6801705174654582,-2.265713131110455,-0.449382139815744
2.232,0.4220764636682927,0.7840123719713648,-0.7701230417839939,0.6764093329274105,-2.2658789373893944,-0.45006630888252575
2.24,0.4238148116032791,0.7847715901959824,-0.7709066946181393,0.6726586203648746,-2.26603252636357,-0.45074349663229957
2.248,0.42556886750153333,0.7855308084205999,-0.7716973287692929,0.6689166344485987,-2.2661721527037293,-0.4514119577358134
2.2560000000000002,0.42733339537529963,0.7862935173037213,-0.7724914535789502,0.6651816298493308,-2.266299561739125,-0.45207343752231927
2.2640000000000002,0.42911188588308186,0.7870597168453469,-0.7732908143763636,0.661455351896323,-2.2664164987990087,-0.4527261906625651
2.2720000000000002,0.43090084836637604,0.7878276617162244,-0.7740919205030291,0.6577378005895751,-2.266521218554128,-0.45337196248580297
2.2800000000000002,0.43270028282518214,0.7885973519163539,-0.7748947719589465,0.6540254852705831,-2.266615466333736,-0.4540090076627809
2.2880000000000003,0.4345136799180043,0.7893705327749875,-0.7757028594026197,0.6503236419271032,-2.266700987467084,-0.4546373261934989
2.312,0.4400271750250544,0.7917005473263998,-0.7781428296969078,0.6392687264449711,-2.2668912283555507,-0.4564769032251009
2.32,0.4418911866661843,0.7924824548312933,-0.7789631344453453,0.6356052803450349,-2.266933116257599,-0.457072060500031
2.328,0.4437743969290862,0.7932643623361867,-0.7797886751815386,0.6319523062206108,-2.2669645321841347,-0.4576602364579531
2.336,0.44567331515525604,0.7940497604995842,-0.7806211972347399,0.6283132947302026,-2.2669819854766544,-0.4582379404403632
2.344,0.4475914320031978,0.7948351586629816,-0.7814589552756971,0.6246865005445584,-2.266985476135159,-0.4588051724472614
2.352,0.44952700214365954,0.795625792814135,-0.7823019493044103,0.6210736689929302,-2.2669802401474026,-0.4593636778078996
2.36,0.45147653491813716,0.7964164269652886,-0.7831484339916276,0.6174713094168139,-2.266962786854883,-0.4599134565222778
2.368,0.4534400303266308,0.7972105517749459,-0.7839966640080969,0.6138794218162096,-2.2669348615868508,-0.4604510179318921
2.376,0.45541748836914037,0.7980064219138553,-0.7848466393538182,0.6102997515203691,-2.266898209672559,-0.4609798526952463
2.384,0.4574089090456659,0.7988057827112688,-0.7857001053580432,0.6067288078707888,-2.2668528311120073,-0.4614982154830886
2.392,0.4594160376854594,0.7996068888379342,-0.7865535713622686,0.6031683361967203,-2.266798725905195,-0.462006106295419
2.4,0.46143712895926886,0.8004097402938516,-0.7874105280249977,0.5996200818274159,-2.266734148722872,-0.46250527046148937
2.408,0.4634721828670942,0.8012143370790209,-0.788267484687727,0.5960822994336233,-2.26666259022354,-0.4629922173227958
2.416,0.46552294473818756,0.8020224245226943,-0.7891279320089603,0.5925584796738468,-2.266580559748696,-0.46347043753784223
2.44,0.47178693142359523,0.8044519228414705,-0.7917267272651798,0.5820725415278648,-2.2662768724588487,-0.4648352850129018
2.448,0.4739162331110283,0.8052652462728997,-0.7926028825496808,0.5786098082919081,-2.2661546994112096,-0.4652663813381444
2.456,0.47606647874948527,0.8060803150335811,-0.7934825284926861,0.5751627830192193,-2.2660220543880576,-0.465687005687875
2.464,0.47823243235121027,0.8068988744527665,-0.7943621744356911,0.5717314657097985,-2.265880682718646,-0.4660936674035897
2.472,0.48041583924545517,0.8077174338719517,-0.7952435657079484,0.5683106203758895,-2.2657323297322267,-0.46648985714379243
2.48,0.48261669943222,0.808539483949641,-0.7961267023094575,0.5649037376759967,-2.265575250099547,-0.4668738295792312
2.488,0.4848315222530008,0.8093632793565825,-0.7970080935817145,0.5615108176101197,-2.2654111891498596,-0.46724383938065395
2.496,0.4870637983663016,0.8101905654220277,-0.7978912301832237,0.5581318601782587,-2.2652401468831647,-0.4676016318773128
2.504,0.4893135277721222,0.8110178514874731,-0.7987761121139848,0.5547651200511616,-2.265060377970209,-0.46794720706920767
2.512,0.4915807104704629,0.8118486282114225,-0.799659248715494,0.5514123425580805,-2.2648753730694975,-0.4682805649563386
2.52,0.49386534646132346,0.8126794049353716,-0.8005441306462552,0.5480752730282673,-2.2646833868517784,-0.46859996020945355
2.528,0.496170926403208,0.813513672317825,-0.8014307579062682,0.5447539114617221,-2.2644826739877986,-0.46890539282855254
2.536,0.4984974502961164,0.8143479397002783,-0.8023208758247853,0.5414517485169489,-2.264274979806811,-0.4691986081428876
2.544,0.5008484087985527,0.8151839524119836,-0.8032127390725544,0.5381687841939475,-2.2640585589795643,-0.46947611549395474
2.568,0.5080409106460214,0.8177024625226114,-0.8059075274376337,0.5284350829555752,-2.2633621726080184,-0.4702248617430603
2.576,0.5104791356110575,0.8185454565513246,-0.8068063720024107,0.5252236771319055,-2.263116081183487,-0.47044477322881156
2.584,0.5129348138686135,0.8193901959092899,-0.8077034712379358,0.522027979271504,-2.2628647537712,-0.47065072208054687
2.592,0.5154096907479414,0.8202384259257591,-0.8086005704734609,0.5188479893743703,-2.262609935700409,-0.4708392176397623
2.6,0.5179055115782933,0.8210866559422284,-0.809497669708986,0.5156819621112526,-2.2623481363126094,-0.4710154958942137
2.608,0.5204187857011652,0.8219383766172016,-0.8103930236152591,0.5125351334699068,-2.2620828462663067,-0.4711743208561452
2.616,0.522951258445809,0.8227918426214268,-0.8112883775215323,0.509402267462577,-2.2618123202322473,-0.47131743785480873
2.624,0.5255064204707287,0.823647053954904,-0.8121837314278053,0.506288600077019,-2.2615365582104325,-0.4714448468902043
2.632,0.5280825264466723,0.8245040106176332,-0.8130790853340784,0.5031923859839812,-2.261255560200861,-0.47155654796233193
2.64,0.5306848123613959,0.8253627126096145,-0.8139761845696034,0.5001171158419672,-2.2609693262035346,-0.47165254107119164
2.648,0.5333132782148993,0.8262231599308477,-0.8148750291343805,0.4970662803094811,-2.260677856218451,-0.47172933555827934
2.656,0.5359696693364346,0.8270836072520809,-0.8157773643576616,0.49403813405727093,-2.2603794049163604,-0.4717904220820992
2.664,0.53865224039675,0.8279457999025661,-0.8166814449101947,0.4910309317560847,-2.260077462955765,-0.47183230998414705
2.672,0.5413575007373411,0.8288097378823032,-0.8175837801334757,0.48804292807667043,-2.259770285007414,-0.47185674459367494
2.696,0.5496024361237624,0.8314155144555309,-0.820282059157059,0.47918712745205116,-2.2588278072113375,-0.47182532866713905
2.704,0.5523932175977013,0.832288179081528,-0.821177413063332,0.4762724276012206,-2.258508411958222,-0.4717764594480832
2.712,0.5552066883519162,0.8331625890367771,-0.8220710216403532,0.47337518104291004,-2.2581872713758555,-0.47171188226575944
2.72,0.5580428483864069,0.8340387443212783,-0.8229628848881222,0.47049713310637137,-2.2578626401349844,-0.47162636113241174
2.728,0.5609016977011737,0.8349166449350315,-0.8238547481358914,0.46764002912085667,-2.2575345182356092,-0.4715216413772921
2.736,0.5637867269547203,0.8357962908780365,-0.8247448660544084,0.4648021237571139,-2.257206396336234,-0.47139772300040045
2.744,0.5666996814762988,0.8366776821502937,-0.8256367293021776,0.461990398332151,-2.2568730384491036,-0.4712511153432329
2.7520000000000002,0.5696440519244133,0.8375573280932989,-0.8265285925499467,0.45920485284596807,-2.2565379352327204,-0.47108530906429347
2.7600000000000002,0.5726198382990636,0.8384404646948079,-0.8274239464562197,0.45644548729856504,-2.256199341357834,-0.47089681350507806
2.7680000000000002,0.5756252952709978,0.8393236012963171,-0.8283193003624929,0.4537088110314379,-2.255857256824443,-0.4706856286655868
2.7760000000000002,0.578656932181712,0.8402084832270782,-0.8292129089395139,0.45099656937383875,-2.2555134269618002,-0.4704552452043235
2.7840000000000003,0.5817112583727021,0.8410951104870914,-0.8301030268580311,0.4483035263380115,-2.255169597099157,-0.47020217246278434
2.7920000000000003,0.5847917645024722,0.8419817377471044,-0.8309896541180442,0.4456314272532082,-2.2548240219072624,-0.46992815577022123
2.8000000000000003,0.587894959912518,0.8428718556656215,-0.8318745360488053,0.4429802721194288,-2.2544784467153676,-0.46963144979738225
2.824,0.5973563897875792,0.8455474454089289,-0.8345082378900648,0.43515072509498226,-2.2534399758104304,-0.4686104321849655
2.832,0.6005608142942408,0.84644105398595,-0.8353791571868099,0.43258509109455057,-2.253094400618536,-0.4682229690910228
2.84,0.6037949093981864,0.847334662562971,-0.8362500764835551,0.4300438917036468,-2.2527488254266412,-0.4678128167168041
2.848,0.6070604204286676,0.8482282711399921,-0.8371192504510483,0.427530617580775,-2.252403250234746,-0.4673764844038055
2.856,0.610360838044189,0.8491218797170133,-0.8379884244185414,0.42504526872593507,-2.2520559297135994,-0.4669157174812791
2.864,0.6136961622447501,0.8500137429647823,-0.8388575983860347,0.4225913357976311,-2.2517086091924523,-0.4664270252907206
2.872,0.6170646477010993,0.8509056062125515,-0.8397267723535278,0.4201653281373589,-2.2513612886713057,-0.4659138984906343
2.88,0.6204628037547322,0.8517992147895725,-0.840590710333265,0.41776375508661473,-2.251015713479411,-0.46537459175176804
2.888,0.623887139747145,0.8526910780373417,-0.8414511576544982,0.4153848713161465,-2.2506701382875156,-0.4648091050741218
2.896,0.6273376556783379,0.8535846866143627,-0.8423081143172274,0.4130304221552061,-2.250328053754125,-0.46421918378694776
2.904,0.6308178422068145,0.854476549862132,-0.8431580896629486,0.41069691694528965,-2.2499877145499863,-0.46360482789024576
2.912,0.6343242086740711,0.8553701584391529,-0.8440028290209138,0.4083895916741532,-2.249649120675099,-0.46296254672551185
2.92,0.6378585004093597,0.85626027635767,-0.8448440777203752,0.4061049556832926,-2.2493140174587163,-0.46229408562199803
2.928,0.6414207174126801,0.8571521396054391,-0.8456783451028285,0.40384649963121194,-2.2489806595715853,-0.4615994445797043
2.952,0.6522958639818568,0.8598102760562265,-0.8481584579699124,0.3972317017661534,-2.2479962938734603,-0.45934273385687563
2.96,0.6559942166668328,0.8606916673284837,-0.8489787627183497,0.3950901827739564,-2.2476734079618415,-0.4585311557546982
2.968,0.6597327119246046,0.8615678226129848,-0.8497990674667871,0.39298182503754725,-2.2473522673794744,-0.457686416396733
2.976,0.6635061137674163,0.8624422325682339,-0.8506141362274685,0.390904883227674,-2.2470346174556113,-0.4568102611122319
2.984,0.6673126768660159,0.8633131518649791,-0.8514239690003939,0.3888576120150847,-2.2467204581902527,-0.4559044352304468
2.992,0.6711489105618995,0.8641805805032203,-0.8522268204563112,0.3868365207412752,-2.2464097895833977,-0.4549689387513778
3.0,0.675016560184319,0.8650462638122095,-0.8530226905952206,0.3848433547354977,-2.2461043569642984,-0.45400551700427694
3.008,0.6789121350747703,0.8659084564626948,-0.853811579417122,0.3828746233392481,-2.2458024150037037,-0.4530106793306402
3.016,0.6828391258917575,0.866767158454676,-0.8545917415927635,0.38093381721103037,-2.245507454360116,-0.4519861710597195
3.024,0.6867957873060286,0.8676206244589011,-0.855364922451397,0.3790191910215926,-2.2452159843750334,-0.45093024686226296
3.032,0.6907838646468357,0.8684705998046225,-0.8561293766637704,0.37713249010018673,-2.2449297503777066,-0.4498429067382705
3.04,0.6948033579141787,0.8693153391625877,-0.8568851042298841,0.37527545977606475,-2.2446504976973873,-0.4487224053584902
3.048,0.6988577577665614,0.870153097203545,-0.8576338504789897,0.37344984537847864,-2.2443764810048243,-0.44757048805217386
3.056,0.7029505548624881,0.8709838739274942,-0.8583773607403391,0.3716591375659325,-2.244107700300017,-0.44638191883156575
3.08,0.7154802735625555,0.8734238442217823,-0.860567748951592,0.36650867094329725,-2.2433310287828796,-0.44259629968399
3.088,0.7197318956204136,0.8742197143606918,-0.8612833339449097,0.3648610801294146,-2.2430849373583484,-0.44126461346471835
3.096,0.7240149336048076,0.8750103485118451,-0.8619884469627155,0.36324141458356385,-2.2428458272508247,-0.4398980206604068
3.104,0.7283311328449897,0.8757940013459906,-0.8626830880050093,0.361653164964249,-2.24261369846031,-0.43849826660030733
3.112,0.7326770026824556,0.876568927533876,-0.863367257071791,0.3600945859422181,-2.2423885509868025,-0.43706535128442003
3.12,0.7370560337757094,0.8773351270755017,-0.8640392088338088,0.35856567751747104,-2.2421721301595556,-0.4355975293834928
3.128,0.741466480795499,0.8780925999708671,-0.8647006886203147,0.3570681850192599,-2.2419644359785678,-0.43409480089752567
3.136,0.7459100890710766,0.8788396008907207,-0.8653482057728046,0.3556003631183327,-2.241763723114589,-0.43255716582651865
3.144,0.750386858602442,0.8795743845058103,-0.8659852509497825,0.35416570247319334,-2.2415717368968693,-0.4309828788412198
3.152,0.7549002800480994,0.8802986961453879,-0.8666100788219965,0.3527659484130939,-2.24138847732541,-0.429371939941629
3.16,0.7594520987373006,0.8810072998216977,-0.8672226893894465,0.3514045915965383,-2.2412139444002106,-0.42771911313999034
3.168,0.7640492959870537,0.8817001955347393,-0.8678265733106365,0.35008512268203057,-2.2410463927920192,-0.4260261437655559
3.176,0.7686901264681066,0.8823773832845132,-0.8684182399270626,0.34880754166957073,-2.2408875678300877,-0.4242895411598215
3.184,0.7733710995219553,0.8830388630710191,-0.8689994345679767,0.34756835790065477,-2.240739214843668,-0.4225145413105433
3.208,0.7876164768767331,0.8849412719556929,-0.8706592426866233,0.3440585007748942,-2.240350006420473,-0.4169643942892013
3.216,0.7924300949537335,0.8855486465353869,-0.8711828414622216,0.3429554526876337,-2.2402400506775977,-0.41504104145350357
3.224,0.7972733836280177,0.8861403131518131,-0.871690732274552,0.34188382052690924,-2.2401405669102337,-0.4130810367035139
3.232,0.8021498335580899,0.8867162718049711,-0.8721829151236143,0.3408470949512246,-2.240053300447634,-0.4110826347099804
3.24,0.807057699414698,0.8872765224948613,-0.8726593900094087,0.33984527596057984,-2.2399747606312945,-0.409045835472903
3.248,0.8119969811978419,0.8878193198922315,-0.8731201569319352,0.338876618225723,-2.2399101834489707,-0.40696889366302974
3.2560000000000002,0.8169729148952777,0.8883429186678298,-0.8735652158911938,0.33794635773441,-2.2398543329129073,-0.40485355460961264
3.2640000000000002,0.8219872458362575,0.8888455734924042,-0.8739945668871845,0.3370597304743969,-2.239812445010859,-0.4026928369956437
3.2720000000000002,0.827045210008537,0.8893220483781986,-0.8744082099199071,0.3362167364456837,-2.2397792837550714,-0.40048674082112284
3.2800000000000002,0.8321450620828644,0.8897758339837172,-0.8748061449893618,0.33541912097752224,-2.239760085133299,-0.39823526608605014
3.2880000000000003,0.8372850567299878,0.8902069303089598,-0.8751866267662965,0.3346633934114087,-2.239751358487039,-0.39594015811967764
3.2960000000000003,0.8424582126328989,0.8906153373539265,-0.8755514005799634,0.333947808418091,-2.2397548491455432,-0.3936049075805092
3.3040000000000003,0.847662784462346,0.8910045457771212,-0.8758969757718583,0.33326713000981323,-2.239770557108811,-0.39123125979779694
3.3120000000000003,0.852895281559825,0.8913745555785441,-0.8762233523419811,0.33262310351582736,-2.239798482376843,-0.38881921477154074
3.336,0.8687707964359653,0.8923571759474168,-0.8770925263094744,0.33090395420261287,-2.239960797997279,-0.38135444156076104
3.344,0.874120230593328,0.8926399192862399,-0.8773421083925096,0.3304030447072906,-2.24004108314287,-0.37878880756032934
3.352,0.8794975900187226,0.8928982280155351,-0.8775707465245208,0.329940532455512,-2.240135330922478,-0.3761812856578498
3.36,0.884908110699905,0.8931303568060504,-0.8777801860347602,0.3295199081057814,-2.24024179600685,-0.3735318758533224
3.368,0.8903552832953793,0.8933345603285336,-0.8779704269232276,0.32914117165809864,-2.240362223725237,-0.3708370874882432
3.376,0.8958408531343974,0.893505602595229,-0.878139723860671,0.3288130497587237,-2.240496614077641,-0.36809517523336005
3.384,0.9013665655462115,0.8936434836061365,-0.8782898221763424,0.3285320517491526,-2.2406449670640605,-0.36530439375942114
3.392,0.9069254392138135,0.8937516940197602,-0.8784189765409901,0.3282964323001334,-2.240807282684496,-0.3624699790541824
3.4,0.9125139834786993,0.8938302338360999,-0.8785254416253617,0.32810095542391005,-2.2409835609389472,-0.3595936764468957
3.408,0.9181287076823651,0.8938843390429119,-0.8786109627587094,0.32794562112048253,-2.2411720564981623,-0.35668072192531713
3.416,0.9237696118248108,0.8939105189816918,-0.8786737946117812,0.32782693873134694,-2.241376260020646,-0.35372937016019473
3.424,0.9294332052475324,0.8939122643109437,-0.8787139371845771,0.32774665358575517,-2.241594426177145,-0.35073962115152846
3.432,0.9351212332797818,0.8938843390429119,-0.878731390477097,0.3277047656837073,-2.241826554967661,-0.3477149655578223
3.44,0.9408336959215593,0.893828488506848,-0.878726154489341,0.3277012750252033,-2.2420726463921916,-0.34465016739132026
3.464,0.9581107101870512,0.8934829133149531,-0.8785673295274096,0.32792816782796264,-2.242898187128385,-0.3352236441012989
3.472,0.9639244019254443,0.8932979084142417,-0.8784661004307939,0.3280922287776501,-2.243201874418232,-0.3319965303143613
3.48,0.9697712549196252,0.8930745062699865,-0.8783404367246503,0.32830864960489736,-2.243521269671347,-0.32872229263762
3.488,0.9756512691695942,0.8928109615529353,-0.8781920837382308,0.3285739396512005,-2.24385637288773,-0.3254009310710748
3.496,0.981557463358343,0.8925107649215922,-0.8780175508130313,0.3288863535873075,-2.244203693408877,-0.32203593627322974
3.504,0.9874863468273678,0.8921739163759574,-0.8778168379490521,0.32924240075471434,-2.244566721893291,-0.3186325442318408
3.512,0.9934361742474164,0.8918073972330386,-0.8775916904755448,0.32963859049491706,-2.2449437130117222,-0.315194245605412
3.52,0.9994017096307329,0.891407716834332,-0.8773421083925096,0.3300731774786636,-2.245336412093421,-0.3117210403939432
3.528,1.0053846983065695,0.8909766205090892,-0.8770646010414425,0.33054965236445805,-2.245741328479884,-0.30821467392668667
3.536,1.011385140274926,0.8905123629280587,-0.8767609137515954,0.33106452449379636,-2.2461602075003624,-0.3046734008743901
3.544,1.0173995448772986,0.8900149440912405,-0.8764293011937165,0.33161953919593057,-2.246594794484109,-0.30109896656630575
3.552,1.023429657442939,0.8894826186693822,-0.8760732540263098,0.33221469647086066,-2.2470415987726198,-0.29748962567318143
3.56,1.0294754779718474,0.888915386662484,-0.875687536261619,0.33284999631858664,-2.2475041110243983,-0.29384712352426934
3.568,1.0355387517932757,0.888309757412042,-0.8752756385581483,0.3335306747268644,-2.2479805859101925,-0.29016796946106527
3.592,1.053861218280712,0.8862293249436647,-0.8738706485102928,0.33587465191229277,-2.249493786371672,-0.27887568920066197
3.6,1.0600117585647402,0.8854456721095193,-0.8733453044054426,0.3367560431845499,-2.25002611179353,-0.2750307288585185
3.608,1.06617277082428,0.88462362203183,-0.8727902897033083,0.33768281301735886,-2.2505706545201525,-0.27115260726058704
3.616,1.072346000388584,0.8837649200398487,-0.8722056044038903,0.33864972542296373,-2.25112915988079,-0.26724481506537173
3.624,1.078526211269896,0.8828713114628276,-0.8715912485071882,0.33965678040136443,-2.2516998825461925,-0.2633108429313765
3.632,1.084713403468216,0.8819410509715147,-0.8709489673424543,0.3407039779525611,-2.2522845678456105,-0.2593489455293494
3.64,1.0909075769835437,0.8809758838951618,-0.8702735249219326,0.3417895727473016,-2.2528797251205406,-0.25535912285929036
3.648,1.0971052411573756,0.879972319575265,-0.8695701572333788,0.34291880077334186,-2.2534888450294863,-0.25134486557970337
3.656,1.1033081413189634,0.8789303580118244,-0.8688336282890373,0.3440864260429261,-2.254110182243197,-0.2473044283613365
3.664,1.1095162774683072,0.8778517445340919,-0.8680674287474117,0.34529419388530613,-2.2547437367616703,-0.24323955653344173
3.672,1.115729649605407,0.8767312431543115,-0.8672698132792502,0.3465473402882381,-2.2553895085849085,-0.239146759437515
3.68,1.1219517483887669,0.8755636178847274,-0.866437291226049,0.34784935591022587,-2.25604749771291,-0.23502254641505244
3.688,1.1281860644768906,0.8743453780668353,-0.8655733532463118,0.34920198608052144,-2.256717704145676,-0.23086691746605395
3.696,1.1344291072112744,0.8730782690298874,-0.8646745086815347,0.35060697612837693,-2.2574018732124577,-0.22667638193201556
3.72,1.1531791793654493,0.8690168878604966,-0.8617790074524762,0.35509421763525434,-2.259513721607371,-0.21396165833123684
3.728,1.159423967429085,0.8675874632031133,-0.8607457725352956,0.3566685046205532,-2.260238033246949,-0.20968560166385072
3.736,1.165665264834217,0.866119641302186,-0.8596793763623269,0.3582829341786479,-2.260972816862038,-0.2053938370331967
3.744,1.1718978355930887,0.864615167486967,-0.8585798189335705,0.3599357609802866,-2.26171807245264,-0.20108810976852667
3.7520000000000002,1.1781251703642044,0.863074041757456,-0.8574436095905221,0.3616269850254691,-2.2624703093602494,-0.1967684198698407
3.7600000000000002,1.1843437784890603,0.8614962641136531,-0.856274238991686,0.3633583516434475,-2.263233018243371,-0.19243651266639078
3.7680000000000002,1.190553659967656,0.8598783438970543,-0.8550682164785579,0.36512637017571775,-2.264004453772752,-0.1880923881581769
3.7760000000000002,1.1967548147999918,0.8582202811076598,-0.8538272873803899,0.3669380219392879,-2.264786361277646,-0.18373430101594707
3.7840000000000003,1.2029524789738235,0.8565150944284612,-0.8525479610386781,0.36879505226340986,-2.265575250099547,-0.1793587605811973
3.7920000000000003,1.2091466524891514,0.854761038530207,-0.8512319827826744,0.37070095180658763,-2.266374610896961,-0.17496576685392756
3.8000000000000003,1.2153355900167235,0.8529563680836448,-0.8498758619538748,0.3726574658980733,-2.267180953011382,-0.17055706516338986
3.8080000000000003,1.2215158008980354,0.8511063190765308,-0.8484830892107833,0.3746576132208588,-2.267997767101315,-0.16613440083883624
3.8160000000000003,1.2276837944745833,0.849216127496621,-0.847051919224148,0.37669964844569215,-2.2688180718497524,-0.16170126453877062
3.8240000000000003,1.2338378254171154,0.8472910293316712,-0.8455840973232207,0.3787783355848174,-2.2696471032444503,-0.15726638290945305
3.848,1.2521934531603398,0.8413097859850867,-0.8409554841469318,0.3852290725001884,-2.2721656133550776,-0.14394603005823234
3.856,1.258274180274288,0.8392485521384814,-0.839337563930333,0.3874491313087252,-2.273015588700799,-0.13950591244115876
3.864,1.2643339634372124,0.8371541570360882,-0.8376812464701905,0.3897040967023018,-2.273869054705024,-0.13506928548258917
3.872,1.2703710573198608,0.835026600677907,-0.8359847864372519,0.39199571401017047,-2.2747295020262577,-0.13063614918252356
3.88,1.2763872072514852,0.832862392405434,-0.8342516744900216,0.39432398323233087,-2.2755916946767427,-0.12620650354096197
3.888,1.2823841585613376,0.8306562962309133,-0.8324766746407434,0.39669414035653916,-2.276460868644236,-0.12177685789940035
3.896,1.2883636565786702,0.8284048214958406,-0.8306597868894172,0.3991096760412993,-2.277333533270233,-0.11734721225783874
3.904,1.2943222106449788,0.826109713529468,-0.8288027565652952,0.4015688449573593,-2.2782096885547345,-0.11291756661627714
3.912,1.3002598207602634,0.8237744629902995,-0.8269020930098735,0.4040699017754672,-2.2790875891684874,-0.10849315696247151
3.92,1.3061729962660202,0.8214043058660914,-0.8249630322109077,0.40660586517861497,-2.2799689804407444,-0.10407572862567387
3.928,1.3120582465037451,0.8190062234738511,-0.8229838288391462,0.40917498983755063,-2.2808521170422535,-0.0996687722643882
3.936,1.31791731680269,0.816580215813579,-0.8209644828945887,0.41177378509377016,-2.2817352536437627,-0.09527403320786647
3.944,1.3237449711750993,0.814126282885275,-0.8189049943772355,0.41440574160577764,-2.282618390245272,-0.0908915114561087
3.952,1.3295447002794765,0.8116461700181911,-0.8168071086163382,0.417067368715069,-2.283501526846781,-0.08652469766761887
3.976,1.3467536467041406,0.8040592237597717,-0.8102778318846274,0.4252337642851505,-2.2861474459928046,-0.07352024941100914
3.984,1.352425966773122,0.80147613646682,-0.8080228664910508,0.4280175644420814,-2.2870288372650616,-0.06921975813409512
3.992,1.3580686162448197,0.7988616332473325,-0.8057277585246783,0.43083976184255623,-2.2879084832080667,-0.06493497482044903
4.0,1.3636798497899816,0.7962122234428052,-0.8033890173270058,0.43369861115732294,-2.2887863838218196,-0.0606658994700709
4.008,1.3692596674086073,0.7935261617239858,-0.8010101335565376,0.43659760304488554,-2.289662539106321,-0.05641253208296072
4.016,1.3748080691006974,0.7908121747371347,-0.7985876165547694,0.439531501517488,-2.2905352037323183,-0.052178363317622475
4.024,1.3803233095369993,0.7880720078115035,-0.7961267023094575,0.44249507058737436,-2.2914061230290637,-0.04796513850330817
4.032,1.3858018980590097,0.7853126422641006,-0.7936239001620976,0.44548656492529265,-2.2922718063380527,-0.043774602969269785
4.04,1.39124557999598,0.7825358234241776,-0.7910844461004458,0.4485042392019908,-2.2931322536592855,-0.03960850204475932
4.048,1.3966526100186585,0.7797432966209867,-0.7885048494659982,0.451546348088217,-2.293987464992763,-0.03546683572977677
4.056,1.402021242797793,0.7769315711960237,-0.7858868555880066,0.45461638224247497,-2.294837440338484,-0.03135134935357414
4.064,1.4073532236626356,0.774107628466297,-0.7832322097957234,0.4577091056770089,-2.2956804343671977,-0.027260297586899435
4.072,1.4126485526131864,0.7712679777733021,-0.780540912089148,0.46082800905032284,-2.296516447078903,-0.023197171088256634
4.08,1.4179037389909415,0.7684143644462914,-0.777811217139029,0.4639696017039126,-2.297347223802852,-0.019161969857645747
4.104,1.4334476413092028,0.7597330967468716,-0.7693987301444163,0.4735758939068894,-2.299794175414148,-0.007209955139988576
4.112,1.4385544747005383,0.7567939622865132,-0.7665189368786257,0.4768431502666228,-2.3005952815408137,-0.0032777283352453507
4.12,1.4436246561775818,0.7538338838751308,-0.7636007463692911,0.4801400772236401,-2.301387661021219,0.0006230825429619757
4.128,1.4486546950818295,0.7508598428297325,-0.7606459039456648,0.4834614387901852,-2.302169568526112,0.004497713482389387
4.136,1.4536463367425332,0.7478770751380742,-0.7576544096077464,0.48680548963700637,-2.302941004055494,0.0083409284952809
4.144,1.4585995811596932,0.7448873261294079,-0.7546262633555363,0.49016873910559944,-2.3037037129386158,0.012152727581636517
4.152,1.463512683004057,0.7418888504744817,-0.7515632105182862,0.4935546778544685,-2.3044542045169734,0.015933110741456234
4.16,1.4683838969463732,0.7388851388317994,-0.7484652510959963,0.4969598152251094,-2.3051942241198184,0.019682077974740052
4.168,1.4732184589743975,0.7358761912013612,-0.7453358757471704,0.5003858965467743,-2.3059220264179,0.023399629281487977
4.176,1.4780111331003742,0.732863752912419,-0.7421715938133047,0.5038311764902111,-2.3066393567404697,0.027084019332448007
4.184,1.4827636646535547,0.7298460786357208,-0.7389776412821552,0.5072956550554198,-2.3073427244290237,0.03073524812762014
4.192,1.4874777989631913,0.7268214230420146,-0.7357505274952176,0.5107810775716525,-2.3080338748128133,0.034356806325508374
4.2,1.4921535360292841,0.7237862954727965,-0.7324919977817441,0.5142944253559171,-2.3087110625625873,0.03794869392611271
4.208,1.496789130522581,0.7207354599403103,-0.7292020521417348,0.5178339530789616,-2.309376033007597,0.041509165600181135
4.232,1.5104655305412087,0.7115236121482843,-0.7191437196624915,0.5286026345637665,-2.3112889138677826,0.05200732105092703
4.24,1.514945790731078,0.7084465966770184,-0.7157281103163387,0.5322294287494108,-2.311896288447477,0.05543863836034789
4.248,1.5193859083481516,0.7053695812057523,-0.7122828303729019,0.535873676227575,-2.312487955063903,0.05883679441398085
4.256,1.5237876287216814,0.7022943110637383,-0.7088078798321811,0.5395336316690071,-2.313065659046313,0.06220178921182591
4.264,1.5281509518516672,0.6992207862509762,-0.7053050040234286,0.5432092950737072,-2.3136259097362033,0.0655318774246311
4.272,1.5324776230673611,0.6961490067674663,-0.701775948275896,0.5468989211124232,-2.3141704524628253,0.06882880438164837
4.28,1.5367641517102593,0.6930824632717123,-0.6982207125895835,0.5506042551144071,-2.3146975418969276,0.07209431541212977
4.288,1.5410140284388654,0.6900176651052102,-0.6946410422937431,0.554325297079659,-2.31520717803851,0.07532666518682327
4.296,1.5452272532531797,0.686952866938708,-0.6910369373883748,0.5580637923374309,-2.3156993608875727,0.07852585370572887
4.304,1.54940208082395,0.6838845781137022,-0.6874083978734786,0.5618214862169747,-2.316172345114863,0.08169886228585457
4.312,1.5535420018096806,0.68081105330094,-0.6837589144075584,0.5656036147060464,-2.3166278760496337,0.08484045493944435
4.32,1.5576452708811193,0.6777322925004221,-0.6800884869906144,0.569408432475394,-2.317065953691884,0.08795412232500224
4.328,1.5617136333675181,0.6746482957121481,-0.6763936249641425,0.5732307035372616,-2.317484832712363,0.09103811911327622
4.336,1.565743598610373,0.6715677895823782,-0.6726778189866466,0.5770704278916491,-2.3178827677818172,0.09408895464576232
4.36,1.5776223094994464,0.662361177778108,-0.6613890293847471,0.5886611594541435,-2.318963126588802,0.10304423903774522
4.368,1.5815126484021418,0.6593051062578659,-0.6575842116153996,0.5925462623690829,-2.3192825218419166,0.10596417487633172
4.376,1.5853680807197974,0.6562542707253799,-0.65376019522428,0.5964453279180382,-2.3195827184732596,0.10885444011763434
4.384,1.5891920971109168,0.6532121618391538,-0.6499187255406405,0.6003531201132535,-2.319860225824327,0.11171328943240104
4.392,1.5929812069169966,0.6501770342699357,-0.646059802564481,0.6042731296132328,-2.3201150438951177,0.11454421347913585
4.4,1.5967406461257925,0.6471453973592214,-0.6421869169543056,0.608207101747228,-2.3203489180148855,0.11734895758709074
4.408,1.6004669240788003,0.6441137604485073,-0.6383018140393663,0.6121585271737432,-2.320560102854377,0.1201275217562657
4.416,1.6041652767637762,0.6410803782085412,-0.6344062391489148,0.6161274058927781,-2.32074685308434,0.12288339664516476
4.424,1.6078322135222163,0.638043505310071,-0.6304984469536995,0.6201172285628372,-2.3209091687047754,0.12561658225378788
4.432,1.6114694796833724,0.6350066324116009,-0.6265801827829722,0.6241210138669123,-2.321048795044935,0.1283253332528831
4.44,1.6150753299179927,0.6319732501716347,-0.622646210648977,0.6281387618050032,-2.3211657321048187,0.13100441365469437
4.448,1.618651509555329,0.6289485945779285,-0.6186982758809658,0.6321634910601022,-2.321258234555174,0.13365556878847376
4.456,1.6221962732661295,0.6259309203012304,-0.6147363784789388,0.636196946961461,-2.321328047725254,0.13627705332496923
4.464,1.625711366379646,0.6229202273415402,-0.6107622637721477,0.6402373841798279,-2.321375171615058,0.1388706125934328
4.488,1.6360908394412566,0.6139370176815254,-0.5987718518109466,0.6524040743954804,-2.3213646996395463,0.14649246543689204
4.496,1.6394959768118973,0.610957740648371,-0.5947575945313597,0.6564741822111312,-2.321310594432734,0.14898305027948797
4.5040000000000004,1.6428766795730105,0.6079819542737207,-0.5907381012640167,0.6605547620022939,-2.3212285639578907,0.15145269117105994
4.5120000000000005,1.6462329477245954,0.6050044225698183,-0.5867168626674217,0.6646493044274726,-2.321120353544267,0.15390313344085998
4.5200000000000005,1.6495665265959045,0.602025145536664,-0.5826973694000789,0.6687595548159193,-2.320982472533359,0.15633961307664404
4.5280000000000005,1.652877416186938,0.5990406325157537,-0.578676130803484,0.6728837678383819,-2.32081666625442,0.1587586394199082
4.5360000000000005,1.6561656164976952,0.5960561194948434,-0.574654892206889,0.6770201981656083,-2.3206211893781967,0.1611602124706524
4.5440000000000005,1.6594276368696725,0.5930750971324371,-0.5706284176225381,0.6811653551390949,-2.3203995325631928,0.16354084157037269
4.5520000000000005,1.6626669679613741,0.5901010560870388,-0.5665967070504312,0.6853122574418335,-2.320149950480158,0.16589703606056502
4.5600000000000005,1.6658766284557915,0.5871357416879004,-0.5625632511490724,0.6894591597445721,-2.3198759337875945,0.16822355995347346
4.5680000000000005,1.6690548730236734,0.584184389922778,-0.5585332859062174,0.6935990807303025,-2.319573991827,0.17052215857835
4.5760000000000005,1.6721982110065152,0.5812522367794275,-0.5545120473096224,0.6977267844112691,-2.3192476152568773,0.17278759594743864
4.5840000000000005,1.675304897075065,0.578339282257849,-0.5505047713470435,0.7018370347997157,-2.318895058747974,0.17502161738999136
4.5920000000000005,1.6783731859000712,0.5754490170165464,-0.5465149486769844,0.7059263412371385,-2.318518067629543,0.17721898691825222
4.616,1.68731625298729,0.566935300925318,-0.5347374668845267,0.7180249636119632,-2.3172439772755875,0.1836016559927955
4.624,1.6902117542163486,0.5641392834636232,-0.5308925065423832,0.7220043143065104,-2.3167692477190447,0.18566987115640876
4.632,1.6930880568236353,0.5613397753434242,-0.5270632541635076,0.7259871556595613,-2.3162648475652183,0.1877276143445101
4.64,1.695952142126158,0.5585315405769654,-0.523239237772388,0.7299839596466284,-2.3157307768141084,0.18977837621560342
4.648,1.6988057554531688,0.5557163244934985,-0.5194134760520165,0.7339929809384592,-2.3151687807949664,0.1918204114404368
4.656,1.7016506421339195,0.5528906364345197,-0.5155737516976289,0.7380177101935582,-2.314575368849288,0.19385197468975818
4.664,1.7044920381561663,0.5500527310707769,-0.5117148287214695,0.742063383399681,-2.3139540316355784,0.1958765566220716
4.672,1.707336924836917,0.5471973724145142,-0.5078314711357821,0.7461387272030878,-2.3132995331660804,0.19789764789588105
4.68,1.710187047505424,0.5443193244779756,-0.5039114616358028,0.7502489775915345,-2.312613618770046,0.19991699384043848
4.688,1.7130511328079463,0.541415096602657,-0.4999478189045237,0.754401115882029,-2.3118910524597207,0.20193633978499592
4.696,1.715929180744485,0.5384777074715505,-0.49593356162493674,0.7586021233915794,-2.3111335795643555,0.20396092171730934
4.704,1.7188246819735435,0.5355123930724122,-0.49186694446778995,0.7628502547909336,-2.310335964096194,0.20598724897887474
4.712,1.7217184378733503,0.5325278800515019,-0.48777589270111527,0.7671245661290678,-2.3095069327014963,0.20800659492343218
4.72,1.7246104484439049,0.5295276590673236,-0.4836656423126686,0.7714215667474776,-2.308639504063255,0.21002070488023367
4.744,1.7332952068018288,0.5203838791161253,-0.47121620875819303,0.7844905921864113,-2.3058085800165204,0.21605954409213404
4.752,1.7361889627016351,0.5172946463400954,-0.4670274185534067,0.788895803218445,-2.304787562404104,0.21806143674417153
4.76,1.7390739919551819,0.5141949415885535,-0.46282292038535233,0.7933167222137465,-2.3037298928773953,0.22005285742069708
4.768,1.7419502945624685,0.5110847648614996,-0.45860271425403004,0.7977463678553083,-2.302637316765647,0.22202857013395463
4.776,1.7448143798649913,0.5079658614881857,-0.45437378147644775,0.8021829948138778,-2.301508088739607,0.2239868295546923
4.784,1.747662757204246,0.5048452127856198,-0.45013612205260556,0.8066213671016994,-2.300345699457778,0.22592763568290997
4.792,1.7504936812509808,0.501724564083054,-0.4458967172995113,0.811056248731017,-2.2991518942494142,0.22784924318935573
4.8,1.7533054066759435,0.4986039153804881,-0.44165905787566906,0.8154858943725786,-2.297924927785262,0.22974641608627358
4.808,1.7560944428206304,0.4954885026656782,-0.43742488911033084,0.8199033227093762,-2.2966682907238263,0.23161915437366348
4.816,1.7588590443557897,0.4923800712678763,-0.43319770166200056,0.8243067884121579,-2.2953819830651065,0.23346920338077745
4.824,1.7616009566106727,0.4892751305285784,-0.4289827315184343,0.8286962914809236,-2.294066004809103,0.23529656310761554
4.832,1.7643184342560279,0.48617193511853246,-0.42478346933813593,0.8330753225741774,-2.292720355955815,0.23710646954193365
4.84,1.767013222621107,0.48307223036699054,-0.42059467913334947,0.8374386457041632,-2.2913450365052435,0.23889543202522784
4.848,1.7696835763766583,0.47997776160320454,-0.41641461557482307,0.8417862608708812,-2.2899400464573882,0.2406599598989941
4.872,1.7775567566324049,0.47073100722613864,-0.40393202076455964,0.8547261319451671,-2.2855575247056303,0.24581042652162938
4.88,1.7801363532668524,0.46766097307188065,-0.3997903544495771,0.8590039339418052,-2.2840390882563955,0.24748070661578797
4.888,1.7826932606210242,0.4645961749053785,-0.39565741478085453,0.8632642826459233,-2.28249447186838,0.24912829742967058
4.896,1.7852257333656678,0.4615366127266325,-0.3915349470876439,0.8675036873990176,-2.2809201848830813,0.25075319896327736
4.904,1.7877390074885398,0.45848403186489445,-0.3874212060406933,0.8717238935303399,-2.2793179726297508,0.2523554112166081
4.912,1.7902295923311355,0.45543668699091233,-0.3833196822985066,0.8759249010398902,-2.2776895804376402,0.25393667951891497
4.92,1.7926974878934556,0.4523910874461822,-0.3792338665195879,0.8801067099276686,-2.2760332629774975,0.2555004945287019
4.928,1.7951461848340036,0.4493472332307041,-0.37516201337468513,0.8842693201936751,-2.2743455295908186,0.25704860157522086
4.936,1.7975756831527798,0.446305124344478,-0.3711058681930503,0.8884144771671616,-2.27263161626536,0.2585792553292199
4.944,1.79998249219128,0.44326825144600784,-0.3670619403161794,0.8925386901896242,-2.2708897776718704,0.260090710461447
4.952,1.8023683572787563,0.44023312387678976,-0.3630267390855686,0.8966402139318108,-2.2691217591396,0.26158122164265013
4.96,1.8047350237444606,0.4372032322953276,-0.3590055004889736,0.9007207937229736,-2.2673240700100457,0.26305253420208136
4.968,1.807082491588393,0.4341768313723694,-0.35499473386789065,0.9047804295631124,-2.2654984556124598,0.2645046481397406
4.976,1.8094107608105534,0.4311521757786632,-0.3509979298808237,0.9088156307937233,-2.2636466612760935,0.26593756345562797
5.0,1.816290848721915,0.4220904263023087,-0.33908605773596234,0.9207920801209084,-2.2579150000125443,0.27013682563592634
5.008,1.8185493047739956,0.41907100669635844,-0.3351433589557072,0.9247382695596676,-2.2559462686162948,0.2715051637694899
5.016,1.8207937981920606,0.4160480964319043,-0.3312198587972239,0.9286635150474029,-2.2539461212935095,0.2728630299275415
5.024,1.8230208383176052,0.41302169550894613,-0.3273173025897646,0.9325660712548621,-2.2519163033734393,0.2742121694393331
5.032,1.825233915809134,0.40999005859823195,-0.3234339450040772,0.9364476835112975,-2.2498550695268342,0.27555258230486473
5.04,1.8274312853373949,0.4069566763582658,-0.31956455005240575,0.940303115828953,-2.247765910412197,0.27687728720712845
5.048,1.8296094562438838,0.40392853010605567,-0.3157143537225062,0.9441323682078285,-2.24565057135878,0.2781862841461242
5.056,1.831768428528601,0.4009038745123495,-0.31188510134363073,0.9479284593309163,-2.243509052366583,0.27947782779259994
5.064,1.8339029662037898,0.3978879455649033,-0.30807853824503106,0.951687898539712,-2.241346589423362,0.2807519181465558
5.072,1.8360148145987027,0.39488423392222105,-0.3042999004144633,0.955410685834216,-2.2391649278583694,0.28200506454948776
5.08,1.8381022283840882,0.3918944849135548,-0.30055442383968356,0.959088094568168,-2.2369675583301083,0.2832372670013958
5.088,1.8401599715721895,0.3889221891974084,-0.2968403631914396,0.9627201247415681,-2.2347544808385793,0.28444852550227984
5.096,1.842189789492259,0.385970837432286,-0.29316644511599155,0.9663032856959125,-2.2325309313715387,0.285637094722888
5.104,1.8441899368150443,0.3830404296181875,-0.2895344149425913,0.9698358321019491,-2.23030040058749,0.2868047199924722
5.128,1.8500245725044613,0.3743434539554998,-0.27890535979794584,0.9801489826519836,-2.2235407403945158,0.29022556532638105
5.136,1.8519409440231511,0.37143748075092925,-0.2754042293184452,0.9835366667301045,-2.2212386511111353,0.2913530480231694
5.144,1.853850334224833,0.3685192902415947,-0.2719065894974486,0.9869121335034616,-2.2189034005719668,0.29247704006145375
5.152,1.8557544884387587,0.36558190111048827,-0.26840720434719995,0.9902823642890626,-2.2165314981185067,0.2935975414412341
5.16,1.8576586426526847,0.3626235680283579,-0.26489734722143937,0.9936508497454117,-2.2141177077629983,0.2947162974917625
5.168,1.8595627968666104,0.3596373096781955,-0.2613717821324108,0.9970228258602647,-2.2116602841761903,0.2958333082130388
5.176,1.8614721870682922,0.35662138073074934,-0.25782178243385434,1.000401783292126,-2.2091522460410746,0.2969485736050632
5.184,1.86338681325773,0.35357054519826325,-0.254242112138014,1.0037947033580028,-2.206590102699147,0.2980638389970876
5.192,1.8653101660934277,0.3504813124222333,-0.25062404459862975,1.0072050767163996,-2.2039703634919032,0.29917735905986
5.2,1.8672405002461334,0.34735542773191147,-0.2469675798157016,1.0106294127088125,-2.201293028419344,0.3002891337933804
5.208,1.8691690890695871,0.3442051084320617,-0.24329366174025355,1.0140520033719735,-2.198568569456981,0.3013939272098928
5.216,1.8710941872345368,0.341032099851936,-0.23960752636004154,1.0174711033766302,-2.195798731934066,0.30249522996790124
5.224,1.8730140494117307,0.3378364019915344,-0.23591091900431754,1.0208849673935312,-2.192983515850599,0.30359129673815366
5.232,1.8749286756011685,0.3346215055093608,-0.23220383967308159,1.0242901047641721,-2.1901246665358323,0.3046821275206501
5.256,1.880614958304166,0.3248825682832325,-0.2210546764113418,1.0344147597549913,-2.181305517825505,0.30790575064908365
5.264,1.882485951262304,0.32161531192349907,-0.2173353797753419,1.0377500839555525,-2.1782930795365627,0.30895992951728823
5.272,1.8843412362571739,0.3183410742467577,-0.21362131912709795,1.0410609735465857,-2.175249225321085,0.31000014575147683
5.28,1.8861790679595238,0.31506509124076437,-0.20991249446661003,1.044342192540335,-2.172173955179071,0.31102989001015346
5.288,1.888001191698606,0.31178736290551906,-0.206212396452382,1.0475937409368004,-2.1690707597690246,0.31204218097631015
5.296,1.8898006261574123,0.3085113798995257,-0.20252626107217,1.050812128077478,-2.165943129749451,0.31304225463770297
5.304,1.8915808619944463,0.30524063288128833,-0.19885408832597393,1.0539956086331157,-2.1627910651203495,0.31402836566507975
5.312,1.8933401538804566,0.3019733765215549,-0.1951958782137938,1.0571424372744613,-2.1596180565402237,0.31499876872918864
5.32,1.895076756486191,0.29871310147882946,-0.19155163073562964,1.0602526140015154,-2.156425849338326,0.3159534638300295
5.328,1.8967906698116495,0.29546155308236405,-0.18792134589148143,1.0633278841435294,-2.1532144435146563,0.3168907056383505
5.336,1.898478403198328,0.29222222199066256,-0.1843050236813492,1.0663699930297554,-2.1499873297277188,0.3178122394834034
5.344,1.9001417019754785,0.28899685353297705,-0.1806974281174769,1.0693754500016897,-2.146746253306765,0.3187128293774325
5.352,1.9017770754845973,0.2857889383678115,-0.1771020498583686,1.072349491047088,-2.1434947049103,0.31959247532043766
5.36,1.903386269054936,0.2825984764951659,-0.17351539824552029,1.0752886255074463,-2.1402344298675744,0.32045117731241884
5.384,1.908030590194493,0.2731719532051445,-0.16280954861378705,1.0839105520122985,-2.1304256794713665,0.322887656948203
5.392,1.9095176107171923,0.2700862110876185,-0.15925431292747458,1.0867240227665134,-2.127154932453129,0.3236486205020725
5.4,1.9109714699841034,0.2670301395673764,-0.15570605855817013,1.0895060775941923,-2.1238824401056395,0.32438689477566607
5.408,1.9123956586537307,0.26400024798591426,-0.15216478550587365,1.0922584618245874,-2.1206116930874024,0.32510073443973175
5.416,1.9137901767260743,0.26099828167248407,-0.1486339844290891,1.0949811754576986,-2.117339200739913,0.3257918848235215
5.424,1.915156769530386,0.2580224952978337,-0.14511016466931254,1.0976759638227778,-2.1140632177339196,0.32646209125628733
5.432,1.9164971823959174,0.2550676528742073,-0.14159856221429995,1.100342826919825,-2.110783744069422,0.3271148443965332
5.44,1.917811415322669,0.25213549973085686,-0.1380991770640513,1.1029800194195885,-2.1075007797464207,0.3277501442442592
5.448,1.919101213639893,0.2492225452092783,-0.13461200921856664,1.105591031980572,-2.1042108341064116,0.3283697361287171
5.456,1.9203665773475886,0.2463287893094717,-0.13113880400709793,1.1081741192735235,-2.1009121618201423,0.32897536537915917
5.464,1.9216092517750087,0.24345248670218506,-0.12768130675889716,1.1107310266276953,-2.097608253546117,0.32956703199558524
5.472,1.922829236922153,0.24059014672891435,-0.12423777214471235,1.1132582633845831,-2.0942921279673277,0.3301482266364994
5.48,1.924030023447525,0.2377417693896596,-0.12081343615229949,1.115761065531943,-2.0909655304130266,0.3307189493019015
5.488,1.925209866021873,0.23490386402591681,-0.11740480812315456,1.118235942411271,-2.0876284608832134,0.3312791999917917
5.5120000000000005,1.928651655306806,0.22643901715374432,-0.10726095451056351,1.1255244373675992,-2.0775090418801505,0.3328971202083904
5.5200000000000005,1.9297721566865864,0.22361856508252148,-0.10390119570047443,1.1279172837720834,-2.074084705887737,0.3334102470084768
5.5280000000000005,1.9308821860908547,0.22079636768204666,-0.10054667287814134,1.1302926768840478,-2.0706272086395368,0.33390766584529513
5.5360000000000005,1.931985234178115,0.21796544363531184,-0.09719738604356422,1.132654107361996,-2.067131314147792,0.33438937671884555
5.5440000000000005,1.9330830462776194,0.21512579294231707,-0.09385158986749108,1.1350015752059284,-2.0635935317539995,0.3348501436413721
5.5520000000000005,1.934175622389368,0.21227217961530634,-0.09050404836216597,1.1373385710743489,-2.060010370799655,0.33529171194212665
5.5600000000000005,1.9352647078426124,0.20940111299577566,-0.08715650685684083,1.1396668402965093,-2.056373104638499,0.3357105909626053
