1077900.8783999998,-0.020970360843448214,-0.041127252474029,0.06004529358036996,0.03261007673347861,-1.7181702553028686,-1.5799400773447967
1077900.8822,-0.020969977597922594,-0.04112757205335981,0.06004548333059763,0.03261007673347861,-1.7181697226706507,-1.5799390387119712
1077900.8862,-0.020969977597922594,-0.041128051422356024,0.06004548333059763,0.03261007673347861,-1.7181696960390398,-1.5799400773447965
1077900.8901999998,-0.02097074450509276,-0.041127252474029,0.06004510299790446,0.03261007673347861,-1.7181702020396468,-1.5799400773447965
1077900.8944,-0.020970360843448214,-0.04112757205335981,0.06004510466238013,0.03261007673347861,-1.7181697226706507,-1.5799393849229133
1077900.8984,-0.020969594352396974,-0.041128051422356024,0.06004453374722145,0.032610578156777606,-1.7181699889867594,-1.5799397311338548
1077900.9024,-0.02097036125956714,-0.041127252474029,0.06004510299790446,0.03260957531017962,-1.7181697226706507,-1.5799404235557382
1077900.9064,-0.020967293630886497,-0.04112853079135224,0.060044912415438946,0.03260806979192589,-1.718171000987974,-1.5799408762931235
1077900.9104,-0.02095732342155551,-0.04113220595365655,0.06004187724403409,0.03259678964023372,-1.7181707613034756,-1.5799400773447967
1077900.9144,-0.020919165732680645,-0.04114754243258404,0.06003048557247128,0.0325779927163648,-1.7181727853059043,-1.5799404235557382
1077900.9184,-0.020803350266419062,-0.041175988321977455,0.06000865347719753,0.03252811212526654,-1.7181733445697334,-1.5799400773447965
1077900.9226000002,-0.02058379968227185,-0.04121721322341404,0.05997087237594554,0.03246695554366531,-1.7181748892031656,-1.579939384922913
1077900.9266,-0.020294259976320596,-0.04126578844945923,0.05992303201591363,0.032342632526077685,-1.7181776322590885,-1.5799390387119712
1077900.9305999998,-0.019969055549946137,-0.0413229923174363,0.05987139415461483,0.03203132522328532,-1.718180987842062,-1.5799379201843136
1077900.9345999998,-0.019609912048311057,-0.04139186249546359,0.059811780125851255,0.03172903937868558,-1.718187592481565,-1.5799379201843136
1077900.9386,-0.019233512511169025,-0.041465683656404906,0.05974400434058441,0.031472123396087806,-1.7181944368055664,-1.5799379201843138
1077900.9426,-0.01884541503893882,-0.041539987515293794,0.05967053271953617,0.031164575311621652,-1.7182041040803238,-1.5799363755508815
1077900.9467999998,-0.018442745082118843,-0.041619881515758336,0.059592124263617194,0.030813413386997324,-1.7182163279897271,-1.5799363755508815
1077900.9510000001,-0.01803298029770732,-0.04170632855698016,0.059512767888797724,0.03047077482621801,-1.7182287383204067,-1.5799326204937443
1077900.9548,-0.01761362854949044,-0.04179724887659545,0.05943473976557192,0.030127884513491902,-1.7182463418152125,-1.5799333395472386
1077900.9588,-0.017186606689274665,-0.04188465548804753,0.059357091975039286,0.029757424241699672,-1.7182669014188279,-1.5799295045952688
1077900.9628,-0.016751723302356653,-0.04197253730730663,0.05927583726570529,0.029373928628609342,-1.718291322606024,-1.5799295045952688
1077900.9668,-0.016299965669041083,-0.042060580580706816,0.05919021497218356,0.029001211327793264,-1.718316516109936,-1.5799287056469418
1077900.9708,-0.015838429449157344,-0.04214750699092483,0.05910801067947339,0.028626989340961296,-1.7183413634029066,-1.5799279066986147
1077900.975,-0.015375934283221718,-0.042235873172607186,0.059030552639168433,0.028241990706330756,-1.7183671161706475,-1.5799263620651822
1077900.979,-0.01492666941029836,-0.04232407623567276,0.05895518185136783,0.027862254727685554,-1.7183955587310897,-1.5799244712208087
1077900.9832000001,-0.014485841556544046,-0.042413078247065375,0.05888208806629924,0.02749580334557173,-1.718422003920714,-1.5799221542706605
1077900.9870000002,-0.014049807808870796,-0.04250224088036123,0.058805200108915136,0.027119076322839403,-1.7184492746902762,-1.5799182926870796
1077900.9911999998,-0.013612047999916041,-0.04259092497689872,0.05872850190175869,0.026738840169251977,-1.7184757198799008,-1.5799164018427057
1077900.9952,-0.013170453863169947,-0.04267609370079729,0.058653701196878925,0.026367876393566154,-1.71849963506649,-1.579916029000153
1077900.9994,-0.01273365195996978,-0.04276030118998991,0.058577002157484646,0.026000674332920064,-1.7185212333029305,-1.5799103032038093
1077901.0031999997,-0.01229896040387404,-0.04284546658493711,0.058499921120921505,0.02562946046976312,-1.7185453615424067,-1.5799080661484937
1077901.0072,-0.01186772034616293,-0.04293143758611408,0.058422086076874734,0.025259500789032042,-1.7185711409417586,-1.5799037518275276
1077901.0112,-0.011442806960516447,-0.04301612361206507,0.058346335788618794,0.02490157152240647,-1.71859572191862,-1.579899117927231
1077901.0154,-0.011012526056916687,-0.04310400959251337,0.058269065834065825,0.02454439543102669,-1.718620143105816,-1.5798936584469967
1077901.0196000002,-0.010583202851012056,-0.04318789916685087,0.05819103854307787,0.02417643977901589,-1.718645363241339,-1.5798872135971584
1077901.0234,-0.010149278410145934,-0.04327162728704728,0.0581124420014069,0.02381700665861227,-1.718669731165313,-1.5798841509619046
1077901.0274,-0.009718230183257097,-0.04335487936719884,0.058033844627498096,0.023460833413830467,-1.7186959899336611,-1.5798791708506663
1077901.0314,-0.00928718112413042,-0.04343749145645094,0.05795638658719314,0.0231049085920441,-1.7187204111208572,-1.5798753092670856
1077901.0354,-0.008859967641151838,-0.04351770586848412,0.05788158588231339,0.022745727223587274,-1.7187452850454386,-1.57986803883731
1077901.0394,-0.008432753638024603,-0.0435976007011865,0.05780868267971031,0.02238879997132185,-1.7187689871791405,-1.5798626326202967
1077901.0436,-0.008005539842956832,-0.04367525681409753,0.05773976756083963,0.02204215044026952,-1.7187908517316899,-1.579858824299938
1077901.0474,-0.007587913635872802,-0.04375211647539505,0.05767142252488979,0.021693746551849115,-1.7188117042830253,-1.5798496097625665
1077901.0518,-0.0071775739831728535,-0.043827695322655826,0.05760079798949441,0.021336570044350408,-1.7188328497820806,-1.5798439372294444
1077901.0555999998,-0.006767234226443175,-0.04390295791953715,0.057531311955465035,0.020982151573055618,-1.7188543414920772,-1.5798365869048359
1077901.0595999998,-0.006355360135224528,-0.04397598262886497,0.05746163866792152,0.020634497947048552,-1.7188745016215292,-1.5798316866884303
1077901.0636,-0.005939459677332818,-0.04405284062568681,0.057388736297556274,0.020287848832115145,-1.7188958601734718,-1.5798198089899684
1077901.0676,-0.005526626952151473,-0.04413385481828485,0.0573110893392615,0.019935935812839638,-1.71891857693757,-1.579812405402138
1077901.0716,-0.005112068997926459,-0.044220620606599634,0.05723609805191623,0.019587782428009258,-1.718941959491941,-1.579802471811272
1077901.0758000002,-0.0046929084563534645,-0.0443077034775317,0.05716167684749181,0.019249905516035223,-1.7189653154147009,-1.5797932839055115
1077901.0799999998,-0.004276049208454461,-0.04439526987864919,0.05708497864033537,0.01890400791187193,-1.7189910681824419,-1.579779888205228
1077901.0838,-0.003856888978970655,-0.04448331231981153,0.05700846851893091,0.018554099753554536,-1.7190137050517076,-1.579772165038067
1077901.0878,-0.0034369617903018262,-0.044572315995679825,0.05692987031278427,0.018212211871307494,-1.719037034342857,-1.5797586894429512
1077901.0918,-0.0030170345496181314,-0.044659720942656224,0.05685108402088564,0.01787558830952148,-1.7190617484777728,-1.5797475840612054
1077901.096,-0.002592888851364779,-0.044745688614881825,0.05677324481564966,0.017528437771289082,-1.7190866224023544,-1.5797341350977008
1077901.0998,-0.0021735367910587036,-0.04483181441229713,0.0566952175246617,0.017177778102201592,-1.719110830536663,-1.5797239085591146
1077901.1042000002,-0.001752459085590041,-0.044919859350172994,0.056618709899970775,0.016839901606346474,-1.7191359974089644,-1.579708515488014
1077901.108,-0.0013325318449063468,-0.0450072642971494,0.05654106127720031,0.016508290821134152,-1.7191624958618106,-1.5796927762059716
1077901.1122,-0.0009129882008486108,-0.045091312828914466,0.0564662597400827,0.016161389538135035,-1.7191855322052398,-1.579679007663136
1077901.1161999998,-0.0004951701239311644,-0.04517136745128224,0.05639373770241065,0.015810480197695344,-1.719206704335906,-1.5796659848054055
1077901.1204,-8.310454648872872e-05,-0.045253660793441376,0.05632140375049057,0.015470848304174842,-1.719227796571739,-1.5796479552048255
1077901.1242,0.0003295362763499074,-0.04533499040418103,0.05624698254606615,0.015126203426021181,-1.7192502203881177,-1.5796337339246047
1077901.1281999997,0.0007419853268829968,-0.04541552606002071,0.05617465275533527,0.0147760455963516,-1.7192701940962933,-1.5796215100152011
1077901.1322,0.001157694227030479,-0.045494941523726865,0.05610307863656372,0.014424132160957165,-1.7192929641236134,-1.5796064365234312
1077901.1362,0.0015781965440620621,-0.04557291804820655,0.0560305574311295,0.014080741049110449,-1.719313497095618,-1.5795888330286258
1077901.1401999998,0.0019969733459682206,-0.045651215816492716,0.05595860297966476,0.013740106517051421,-1.719333630593459,-1.5795742389058525
1077901.1444,0.0024203521110439823,-0.04572695778237025,0.05589082719439792,0.01338919613631443,-1.7193517400888716,-1.5795586061502536
1077901.1484,0.0028410462588978353,-0.04580221705030021,0.05581944449032972,0.013035026504133995,-1.7193704621113348,-1.5795436125533164
1077901.1524,0.0032669176023137755,-0.04587859567812585,0.055749768706072664,0.012689881034919187,-1.719389503713129,-1.5795293912730952
1077901.1564,0.0036924055441595015,-0.04595753426954932,0.05568142200564715,0.012345989123951856,-1.7194088648942536,-1.5795160488360338
1077901.1604,0.0041111822680433615,-0.04603918512409547,0.05560833154952993,0.011997083604172992,-1.7194279863908803,-1.579501055239097
1077901.1646,0.004530917625889921,-0.04612163659144432,0.055537327513679215,0.0116474261575051,-1.7194485992577178,-1.5794880057497556
1077901.1684,0.00494835231424087,-0.046204888671595876,0.05546461489354164,0.011304786764487948,-1.719468732755559,-1.5794734382585929
1077901.1724,0.005365595275799278,-0.046285741410052844,0.05539247485303844,0.010965656918444814,-1.7194879874102398,-1.5794584979248771
1077901.1764,0.005783605040498116,-0.046366115611751434,0.05531786306614851,0.010616751190606488,-1.7195103579633966,-1.5794477387540735
1077901.1805999998,0.006199313563537827,-0.046445690032885165,0.055242682028575574,0.010266342441227951,-1.7195304648296268,-1.5794366333723278
1077901.1845999998,0.006615022606726187,-0.046528461079564834,0.05517073007382436,0.009923953759860295,-1.7195515570654603,-1.5794239833571502
1077901.1886,0.007032648813810214,-0.04661107316881692,0.055099536287745964,0.009579811137243469,-1.7195721433006868,-1.5794128247121826
1077901.1926,0.007449699736486894,-0.04669304443493172,0.05502435691464871,0.009232659766773234,-1.719593262168131,-1.579401666067215
1077901.1967999998,0.007870586027252206,-0.04677741421050328,0.05494936396282777,0.008885006973004006,-1.719613555455637,-1.579390986791244
1077901.2008000002,0.008286294446262187,-0.04686306313563589,0.05487209650498831,0.008544623360653935,-1.719633688953478,-1.5793817456222612
1077901.2048,0.0087071807370275,-0.04695030662847121,0.05479445037893138,0.008205995354028713,-1.7196558198221368,-1.5793729305590531
1077901.2088,0.00913036774930329,-0.04703691262712059,0.05472135659386279,0.007857591049489382,-1.7196744353181566,-1.5793641687590667
1077901.2128,0.009555471717415286,-0.047119523884134845,0.05464864397372522,0.007501667163970586,-1.7196929176561215,-1.5793553004326368
1077901.217,0.00998249357763106,-0.04720133619282208,0.05457460559870749,0.007156271503254932,-1.7197117728366393,-1.5793449673676077
1077901.2208,0.01040472195594415,-0.047281070403621214,0.05450549823289561,0.006814383516978157,-1.7197272990657946,-1.579338069780384
1077901.225,0.01082810048695302,-0.047359847540903596,0.05443468311503473,0.006461217563633545,-1.7197438905593856,-1.5793288019797909
1077901.229,0.01124879463480687,-0.0474365449158222,0.05436140374092767,0.006104541855255455,-1.7197610945800275,-1.579321158707462
1077901.233,0.011669680821542456,-0.04751180751270353,0.05429381687365067,0.005761401351028501,-1.7197773398626772,-1.5793135154351337
1077901.2370000002,0.012088457493411451,-0.04758754781410537,0.05422642225331485,0.0054150025316256735,-1.7197898034565788,-1.5793073901646264
1077901.2411999998,0.012501482569563715,-0.04766169021885318,0.05415826280640348,0.005054567084772717,-1.7198062351605041,-1.5793016111050608
1077901.2452,0.012914314982655873,-0.04773838842600962,0.05409086901830551,0.004702403041758518,-1.719822720127652,-1.5792947667810595
1077901.2492,0.013326955356866297,-0.04781556683440012,0.05401853340190975,0.004360766391309617,-1.719839711095407,-1.5792889344582721
1077901.2531999997,0.013742664191995196,-0.047894183349779254,0.05395095152805979,0.004011109204716051,-1.719855983009667,-1.5792843005579753
1077901.2572,0.0141639336242564,-0.047971362590407594,0.05387975524526788,0.0036519271080511133,-1.7198738794521926,-1.5792786013932427
1077901.2612,0.014582710296125396,-0.04804742163890242,0.05381178721305986,0.003302269505338626,-1.7198902845245072,-1.5792717304376303
1077901.2654,0.015006280866015995,-0.0481241206782967,0.053740025840774155,0.0029581264666028798,-1.7199094592843558,-1.5792686411707657
1077901.2692000002,0.015431576873009719,-0.048202579068486115,0.05366655338748806,0.0026107250086615293,-1.719928474254539,-1.579263980638858
1077901.2734,0.015857640619411445,-0.048279118318214985,0.05359194076836029,0.002255553102046627,-1.7199466370131735,-1.5792579086315726
1077901.2774,0.016285045517093377,-0.04836109041656763,0.05351638355928338,0.0019063971046851592,-1.7199691939876065,-1.5792521029403965
1077901.2814,0.01670727327122809,-0.048448014330072134,0.053437405020443564,0.0015607502121713587,-1.7199951598082344,-1.5792482147252047
1077901.2854,0.017134679417266784,-0.04853973359801446,0.053355392974674565,0.0012108421318762688,-1.7200239485796185,-1.5792429150346357
1077901.2894,0.01756265980741552,-0.04863784528481083,0.053267300599241785,0.0008586782449066649,-1.7200577440938516,-1.579236017447412
1077901.2936,0.017991983013320154,-0.048740749829331485,0.05317237638337511,0.0005162897130817453,-1.7200985969849731,-1.5792280013325308
1077901.2974,0.01842360652461634,-0.048852602595114814,0.05306966824698485,0.00017916486778668788,-1.720145947989155,-1.5792241663805613
1077901.3016,0.01885197057640962,-0.048973244624733236,0.0529582266066948,-0.0001614691148653274,-1.7202032325842027,-1.5792172421617272
1077901.3054000002,0.019281868026424297,-0.049103471537562435,0.05283767362652532,-0.0005023537539010443,-1.7202733269840933,-1.5792107440486673
1077901.3095999998,0.019708890510818457,-0.049246962657095904,0.05270800764200072,-0.0008382253237794516,-1.7203540473967336,-1.5792008104578013
1077901.3136,0.020143582066914197,-0.0494011596842115,0.052568090151754995,-0.0011730943201379172,-1.7204476308774392,-1.579191249709488
1077901.3176,0.020583834636261157,-0.04956558491438867,0.052422094828559015,-0.001504203682051248,-1.720546274364216,-1.5791838727532685
1077901.3216,0.021024469618895897,-0.04974278998884686,0.05226167266239538,-0.001836315474443641,-1.7206533600716476,-1.5791716754754757
1077901.3258000002,0.021469899539849548,-0.049928785159378,0.052095554660450315,-0.0021661714341540883,-1.7207732023207014,-1.5791605168305085
1077901.3298,0.021913987893404065,-0.050118136745120466,0.05192051173990213,-0.0024875054344208765,-1.720894003307747,-1.57914637544512
1077901.3338,0.022360570047648083,-0.05031164202992562,0.05173806772823706,-0.002807335424865016,-1.7210200773537516,-1.579132953113226
1077901.338,0.02281328413030202,-0.05051872943629019,0.051545371378613015,-0.003132679615181841,-1.7211554192003498,-1.5791164148828567
1077901.3418,0.02326753494012871,-0.05074099602863036,0.05134222961185096,-0.0034577735099680894,-1.7213062872761025,-1.5790995570731565
1077901.3458,0.0237248525463982,-0.05097237229637428,0.0511354859197146,-0.003770584926612839,-1.7214659704150634,-1.5790806752610278
1077901.3498,0.024176801386357652,-0.0512101401507344,0.05092114556056877,-0.004079135753647246,-1.721633856090182,-1.5790584644975367
1077901.354,0.024625490350695285,-0.05146116971508526,0.050697125443098345,-0.0043957074809303776,-1.7218131134631556,-1.5790362271024345
1077901.3577999999,0.025068236304612836,-0.05172338372377663,0.05046360865962827,-0.004708769869298949,-1.7220041153765357,-1.5790128978112854
1077901.3622,0.025515583285432415,-0.051989433516675544,0.0502181334506259,-0.005009800907294436,-1.7222030268783537,-1.5789869053590462
1077901.3661999998,0.025965806064110364,-0.05225772202936581,0.049965636650961966,-0.005302310037861129,-1.7224136829205794,-1.5789572377445027
1077901.3702,0.02642312450261769,-0.052537031035541956,0.049706493599902604,-0.005607101022390941,-1.7226163228479234,-1.5789299669749406
1077901.3742,0.026885236214968238,-0.05282321599075755,0.0494395657960818,-0.005912643933809782,-1.7228297219460713,-1.5789001662023423
1077901.3781999997,0.027343705222290265,-0.053119784777510934,0.04916751307163828,-0.006210918079928387,-1.7230565700077243,-1.5788705784826318
1077901.3822,0.027802172981255528,-0.053432012951474,0.048889950100451815,-0.006493902352438574,-1.7232979056657072,-1.5788391531817687
1077901.3864,0.028267353154524555,-0.05375159394675918,0.048597586611507225,-0.006785409052526205,-1.7235527701820281,-1.578804984824983
1077901.3901999998,0.02874077789196198,-0.05408411540822864,0.04829496662341449,-0.0070741580284991125,-1.7238178079737125,-1.5787693250979866
1077901.3944,0.029210176678845252,-0.05442990024416452,0.04798379955269827,-0.007358395859256779,-1.724082073448681,-1.5787328930542746
1077901.3984,0.029677464078326804,-0.05478047960230039,0.04765896796887641,-0.0076346123736468026,-1.7243533963005384,-1.5786980056439943
1077901.4024,0.03014417764981723,-0.05514272277377297,0.047326734461699826,-0.007905816215492861,-1.7246393132751692,-1.5786612007577296
1077901.4065999999,0.030612042622360187,-0.055515034358641725,0.04698633503683078,-0.008179275838006001,-1.724943472903267,-1.5786221588161489
1077901.4104,0.031080482255132113,-0.05589645145772504,0.04663530460578528,-0.008457247333942496,-1.725246913477871,-1.5785849278241095
1077901.4144,0.0315494961320141,-0.05629049277261315,0.04626946283788973,-0.008728702511616435,-1.7255458000470107,-1.578541891140894
1077901.4184,0.03202081197876332,-0.05669763684006447,0.04589356181121425,-0.00899238583621546,-1.7258644472714384,-1.5785009317233285
1077901.4226000002,0.03249078584199448,-0.05711484848867413,0.04551215303450935,-0.00925732375935927,-1.726205465049023,-1.578460211990261
1077901.4264,0.03296689579482476,-0.05753173806123946,0.0451237251638564,-0.009520005693776536,-1.7265475747226546,-1.5784180008869835
1077901.4305999998,0.03344242900683146,-0.05795677940345393,0.04473092721230222,-0.009783939730025061,-1.7268805497537474,-1.5783766686268654
1077901.4345999998,0.03392620844748225,-0.05839540369946568,0.04432825559100655,-0.010045869945612759,-1.7272281721708354,-1.5783314481515558
1077901.4388000001,0.034407877749088066,-0.05884888593764652,0.04391571529339647,-0.010301031778901914,-1.727594170399445,-1.5782850825169774
1077901.4426,0.034896066801937534,-0.05930284754482359,0.04349823649643997,-0.010552434601924315,-1.72796062136544,-1.5782412202538239
1077901.4466,0.035384256270905926,-0.05976192325353145,0.043073735276584056,-0.010803586505237762,-1.7283231841162432,-1.5781941089341402
1077901.4508000002,0.0358720624943487,-0.060232503818148445,0.042640118555659516,-0.011052983843123653,-1.728704096046957,-1.578149208038162
1077901.4548,0.03635833490345115,-0.06072002291953619,0.0421935938258265,-0.011301127622762069,-1.729103117473084,-1.5781029222984162
1077901.4588,0.03684422198643338,-0.06121201280260391,0.041733020089005465,-0.011543757826706181,-1.729505254797686,-1.5780534673969735
1077901.4628,0.03732646802886277,-0.06171343360488187,0.0412692189338384,-0.011785384975992848,-1.7299142364462896,-1.5780030803891492
1077901.467,0.03780679576306946,-0.062224921156080325,0.04079763302590989,-0.01202400379354503,-1.7303298759976176,-1.577955116857917
1077901.4708,0.038287121832800475,-0.06274375736741174,0.04031997427845816,-0.012262372315566632,-1.7307550496656492,-1.5779065407996338
1077901.4748,0.03877128535121472,-0.06327106575996093,0.03983244269350281,-0.01249472459023818,-1.7311838984959844,-1.577856313581475
1077901.4788000002,0.039263503267450775,-0.06381211190254575,0.039335984525468645,-0.01272582497113793,-1.7316287262928605,-1.577805207520156
1077901.483,0.03975437711957418,-0.06436322479405106,0.03883592276758446,-0.012955922297380235,-1.732092915270861,-1.5777503996649223
1077901.4870000002,0.04024716844768244,-0.06491258332818829,0.03832750700625585,-0.013182509036351223,-1.7325443743388516,-1.5776943667555874
1077901.4911999998,0.04074072709907979,-0.065466415140719,0.03780694140469158,-0.013398320583939855,-1.7330036631004464,-1.5776395855319643
1077901.4952,0.041244829371680315,-0.06604101711303884,0.03727194479897045,-0.013615633696652479,-1.733485908310638,-1.5775820346208076
1077901.4992,0.04174567260089687,-0.06662744768178781,0.03673011635281541,-0.01383194521112388,-1.7339626141457622,-1.5775302095059947
1077901.5031999997,0.04224326011568079,-0.06721755008388972,0.03618695799059103,-0.014050011499082296,-1.7344432880909106,-1.577475055439819
1077901.5074,0.04273662818461262,-0.06781899755223537,0.03562956087115096,-0.014262312043280687,-1.7349488359606404,-1.577415986526841
1077901.5112,0.04323478661455523,-0.06843179008682476,0.035058873745633566,-0.014469599602845926,-1.7354536914084868,-1.5773562251919797
1077901.5151999998,0.04373256471180467,-0.06906008305119625,0.03448382153264197,-0.014674131622920772,-1.7359630742301864,-1.5772947594340208
1077901.5192000002,0.04422746493060113,-0.06969189388492018,0.0339051607363733,-0.014874651424365845,-1.7364896078093057,-1.5772348915727157
1077901.5234,0.04471872161213125,-0.0703249763780646,0.033302200675752264,-0.015073166780971713,-1.7370084981160967,-1.5771758759229595
1077901.5274,0.04521285533987648,-0.0709756382311171,0.03269411403003282,-0.015269926947971654,-1.7375575620380386,-1.5771160080616546
1077901.5314,0.04571350798662751,-0.07164100239786249,0.032081281964146,-0.01546919423146655,-1.7381067324864237,-1.5770504410356172
1077901.5354,0.04621339331008948,-0.07230445574652575,0.03146237414590351,-0.01566294585867254,-1.7386535060898278,-1.5769876170655022
1077901.5394,0.04671826706716829,-0.07298228184269703,0.030834161492483643,-0.015850182728061924,-1.7392245410907627,-1.5769204521428102
1077901.5434,0.04722466964516038,-0.07367289111210071,0.030201964916520586,-0.01602939765690528,-1.7398005828345469,-1.5768630077580972
1077901.5474,0.04773529250124241,-0.07436413954016599,0.02956274258870676,-0.016210366526997814,-1.7403832824810563,-1.5767958960986272
1077901.5516,0.048239972346904345,-0.07506273995731558,0.028903397166024934,-0.01638908128089894,-1.740971494871022,-1.5767280387540519
1077901.5554000002,0.04874446327457647,-0.07577285022380134,0.028242911577501428,-0.016568295793623383,-1.7415610122099217,-1.5766663066799838
1077901.5595999998,0.04924971486763493,-0.07649653928289515,0.027581288319849757,-0.016747511138585663,-1.7421683993597363,-1.5766036158679235
1077901.5636,0.04975842524115915,-0.0772202266775133,0.026899729636963153,-0.016924721414530358,-1.7427735494542351,-1.5765435349537311
1077901.5676,0.05025888147977979,-0.0779555770532303,0.026210766950127213,-0.01709741929690305,-1.7433960633590408,-1.5764745590814981
1077901.5716,0.0507539747777553,-0.07870322790423209,0.02552617018300332,-0.017267110512016938,-1.7440240101124709,-1.5764082197387441
1077901.5756,0.05124714976750809,-0.07944865168677231,0.02482107206891286,-0.017432288085202058,-1.7446640209856388,-1.5763471800865596
1077901.5798,0.05175355733892721,-0.0802018935115876,0.02411293420610943,-0.017597215570916064,-1.7453053900709627,-1.57629042812373
1077901.5838,0.05226264721290678,-0.08096968618280881,0.023406314761246265,-0.01776264572828582,-1.7459590629605226,-1.576227923732946
1077901.5878,0.052772122413006536,-0.08174339273612567,0.02267710546855542,-0.017927071790700834,-1.7466096732148286,-1.5761673101865354
1077901.5918,0.05328063637840036,-0.08252588106313706,0.021946566259795217,-0.01808799038673643,-1.747258738835703,-1.576100651264451
1077901.5958,0.053791833478592434,-0.08332051673367061,0.021218115551896125,-0.018247904887817284,-1.7479220523684087,-1.576040810034757
1077901.5998,0.054304760801255215,-0.08411658884671709,0.02046574383174324,-0.01840230581320383,-1.7485919971722292,-1.5759801698567357
1077901.604,0.054815385321812925,-0.08491409906675221,0.019713370863233593,-0.01855570347587347,-1.7492733935687368,-1.5759165469382939
1077901.6077999999,0.055320443835692366,-0.08572406955173756,0.01895397547182454,-0.018699577008694724,-1.7499605157615883,-1.5758505005432597
1077901.6122,0.05582608408382241,-0.08653883705563639,0.018179958909912034,-0.01884269903074586,-1.7506540828042776,-1.5757857324655489
1077901.6160000002,0.05632750405386253,-0.08736303048531843,0.017413349472840768,-0.018988577008406313,-1.7513507657454421,-1.5757251988139716
1077901.6202,0.05682566414828083,-0.08819825605981613,0.016638004867394047,-0.01913595925596374,-1.7520629216525403,-1.5756638129508453
1077901.6242,0.0573228655047067,-0.0890344353788792,0.01583968987336701,-0.019282339905279947,-1.7527798712496008,-1.5755983524512511
1077901.6281999997,0.05782524670945276,-0.08987588442794928,0.015052765094486567,-0.01942245297141822,-1.7534953561080613,-1.5755360877449651
1077901.6322,0.058333374516488526,-0.09072916124121067,0.014235654216887916,-0.019559810081947182,-1.7542024520090884,-1.5754759003043293
1077901.6362,0.058840168246265714,-0.09158115807267313,0.013425947967416984,-0.01969666452082039,-1.754926166035317,-1.5754129964393817
1077901.6401999998,0.05934350153110148,-0.09244338643614855,0.01262307667927185,-0.019827504792938138,-1.7556624235502807,-1.575347402781733
1077901.6444,0.05984645531548192,-0.09331871588771148,0.011796283754694539,-0.01995834340058021,-1.7564005452780074,-1.5752825814408005
1077901.6486,0.060356121930285035,-0.09419739759329654,0.010976324959205183,-0.020083167009228985,-1.7571405312184964,-1.5752163486244903
1077901.6524,0.06086290983439735,-0.09508071319917835,0.010136432819075506,-0.020207741362644485,-1.7578762561012418,-1.5751518202312775
1077901.6564,0.06136835783558622,-0.09596914540330445,0.009288946508649898,-0.02033381832148128,-1.7586225271019036,-1.5750908072107037
1077901.6604,0.061871503034670004,-0.09686188527049377,0.008452661495381058,-0.02045588555840182,-1.759378891483097,-1.5750283294515304
1077901.6644,0.062374457651288275,-0.09776805745643118,0.007593214262709631,-0.020577951130846685,-1.7601475330369158,-1.5749650261124195
1077901.6684,0.06286897670515372,-0.09867262342333613,0.0067394625537304225,-0.020700771959131933,-1.7609071464746389,-1.5749045190924529
1077901.6726000002,0.06336310627170975,-0.09958342950957029,0.0058728017955454355,-0.02081907706489382,-1.7616668664388058,-1.5748403901734038
1077901.6764,0.0638559034254829,-0.1004982236795368,0.00500689983021166,-0.020935880397472253,-1.7624339100959705,-1.5747817473662002
1077901.6807999997,0.06436114836063866,-0.10141429783130226,0.004137960508848704,-0.021048924511724472,-1.763215814192018,-1.5747126383359127
1077901.6845999998,0.06486238274164031,-0.1023425143331628,0.003252693981423826,-0.02115971118083393,-1.763991273438227,-1.5746533830016582
1077901.6886,0.06536207498592322,-0.10327345058828659,0.0023856532026348513,-0.02126623928891278,-1.7647618857312524,-1.5745942608254588
1077901.6926,0.06586234313879188,-0.10420454663307577,0.0014886162053925009,-0.021370758790963222,-1.7655483704643746,-1.5745363104401384
1077901.6966,0.06636894129267654,-0.10514282655490544,0.0005961355152719635,-0.02147904042417232,-1.766348517213889,-1.5744733799435802
1077901.7006,0.06687228373212856,-0.10607776088061571,-0.00029406693026165314,-0.021586569298254553,-1.7671562539725099,-1.5744129261868351
1077901.7048,0.06737082332700217,-0.10702211613868214,-0.0011945212716278812,-0.021694598763397938,-1.7679454018667222,-1.574354150221577
1077901.709,0.06786284317063215,-0.10796807262235394,-0.002092507566164656,-0.021800625032058873,-1.7687422729280957,-1.574291645830793
1077901.7128,0.06835199429042542,-0.10891658740514794,-0.003000366022011813,-0.02190915675273909,-1.7695454556812529,-1.5742351601840723
1077901.7168,0.06883999692199858,-0.10987100774765916,-0.003900630515622501,-0.022014931685572153,-1.7703514613851652,-1.574176970114254
1077901.7208,0.06932453827639248,-0.1108214333485353,-0.004821398488809222,-0.022115190545997393,-1.771163006464145,-1.5741236802608416
1077901.725,0.06980544441589843,-0.1117777778249341,-0.005732674165244952,-0.0222172054282664,-1.7719654967954188,-1.574069591459102
1077901.7288000002,0.07028922510490598,-0.11273363627443397,-0.006653632304778262,-0.022317466369286235,-1.7727735265017597,-1.5740181924500634
1077901.733,0.07077932996926461,-0.11369589130397709,-0.007578007612885279,-0.022412211654017165,-1.7735981477016918,-1.573970255550442
1077901.7370000002,0.0712648308938888,-0.11466821308244071,-0.008503142650111078,-0.022510718653787832,-1.7744285213295783,-1.5739223719140423
1077901.7410000002,0.07175053155559472,-0.1156358992961319,-0.00944745161494761,-0.022605462690162004,-1.7752461117842326,-1.5738755801736901
1077901.7452,0.07223488732095015,-0.1166139718380744,-0.010379800801865353,-0.02270196358061779,-1.7760663920315882,-1.5738264981147996
1077901.7494,0.07272729249070034,-0.11758565279340069,-0.011317465699930787,-0.02279696061729551,-1.7768935166029447,-1.573780531954385
1077901.7531999997,0.07321222250016583,-0.11855174111043784,-0.01224848559495755,-0.022893963763288127,-1.7777172589597172,-1.573726815995198
1077901.7572,0.07369465246715802,-0.11952390143476037,-0.013194123747655329,-0.022988957471014492,-1.7785398028939992,-1.5736792253065182
1077901.7612,0.0741728796330549,-0.12049797923506775,-0.014127422101830333,-0.02308320299692212,-1.7793503892349865,-1.5736350700956447
1077901.7651999998,0.07465454727018503,-0.12147844862199134,-0.015067934917786468,-0.023179452551550024,-1.780161188628861,-1.5735859880367546
1077901.7692000002,0.07513141955287736,-0.12244965020832141,-0.016004839774643932,-0.023279460908385223,-1.780979711189897,-1.5735411404039976
1077901.7734,0.07560235132186312,-0.12341670225677803,-0.01694706055070854,-0.023374458777300787,-1.7817953309053447,-1.5734966922454041
1077901.7774,0.07606849605878944,-0.12439013590499674,-0.017896685954900873,-0.023471211419703368,-1.7826163035745837,-1.5734506195585458
1077901.7814,0.0765346308088617,-0.12536405391563873,-0.01883871760491619,-0.02356745972597451,-1.7834356250839463,-1.5734055056096796
1077901.7854,0.07700844045630043,-0.1263442053877072,-0.019780559088584927,-0.023661202580226384,-1.7842503659562343,-1.5733578616577784
1077901.7894,0.07747975505469289,-0.12731508406575515,-0.020714615819492223,-0.02375344324517588,-1.785082097796277,-1.5733102443374878
1077901.7936,0.07795337162295257,-0.12828533190751984,-0.021657976553339064,-0.023849190960385874,-1.785909968052739,-1.5732641982822402
1077901.7974,0.07842526379440644,-0.1292566866256126,-0.022595261950949158,-0.023944689420362594,-1.7867263867165135,-1.5732163945406736
1077901.8014,0.07889657506384753,-0.13022118037494707,-0.023540331269082854,-0.024042192325178513,-1.787541234115245,-1.5731684043778302
1077901.8054000002,0.07936424945392498,-0.13119014657043715,-0.024477426084227445,-0.02413668752243834,-1.78835440372249,-1.573120414214987
1077901.8095999998,0.07982943378838321,-0.13214584356579598,-0.025412813147323014,-0.024233438500365228,-1.7891611551115076,-1.5730694945749446
1077901.8136,0.08029250090977483,-0.13310395072194128,-0.026341364208795497,-0.024332445258959213,-1.7899621540725708,-1.573021557675323
1077901.8176,0.08075269681061621,-0.13406188310814005,-0.027275043103723133,-0.024430949345897436,-1.7907662689321093,-1.5729758844626285
1077901.8216,0.08121366169922233,-0.13501854549939402,-0.028202265913601938,-0.024534721082248058,-1.7915565619855904,-1.5729236332420409
1077901.8258000002,0.08166714144068966,-0.1359723266832436,-0.029121892888709127,-0.02463648462868918,-1.7923566821034935,-1.5728795845576111
1077901.8298,0.08211602556480092,-0.13690965618945924,-0.030050635364884955,-0.02474100413073963,-1.7931481735794652,-1.5728301030245573
1077901.8338,0.08255819352953814,-0.13784394469860517,-0.030963809167775747,-0.0248462797208683,-1.7939340724171475,-1.572781367176609
1077901.8378,0.08300687791656765,-0.1387755184479149,-0.03188192063777511,-0.02495230474117248,-1.7947199179916082,-1.5727342824885364
1077901.8418,0.08345940224899391,-0.13970613845265922,-0.03278996910392426,-0.02506033462243478,-1.795497188187359,-1.5726890886448377
1077901.8458,0.08391116258708245,-0.14063675013502513,-0.03369934623778601,-0.02517162188260539,-1.7962655367934577,-1.5726384619525153
1077901.8498,0.08436157802882051,-0.141552185128129,-0.03459543378168935,-0.025282659471423802,-1.7970194510664481,-1.5725951323215797
1077901.854,0.08480758094552746,-0.14246378184031175,-0.0354943696596023,-0.025393199382013502,-1.797776294816638,-1.57254399962865
1077901.8577999999,0.08525492709410919,-0.14337314815508156,-0.03639444320664342,-0.02550799618915813,-1.7985306884586243,-1.5724996313648896
1077901.8620000002,0.08570266273000035,-0.14426892901934063,-0.03727648299191551,-0.02562354492319178,-1.7992903551595696,-1.572449776989283
1077901.8660000002,0.08615365740927551,-0.14516758609757696,-0.038165547696800514,-0.025740600423835934,-1.8000383039517183,-1.5724048760933045
1077901.8702,0.08660234678973207,-0.14606097011685493,-0.03902765288907552,-0.025861663981920652,-1.8007913127499382,-1.572358057721341
1077901.8742,0.08704527541985563,-0.14694684402185892,-0.03990323534094199,-0.02597896873779808,-1.801540513227799,-1.5723096414527233
1077901.8781999997,0.08748054579736954,-0.1478284036058969,-0.0407717937054334,-0.026101785404894128,-1.8022826829603826,-1.572256830968307
1077901.8822,0.08790641854518683,-0.14869318527506747,-0.041633330479263236,-0.02622936829810358,-1.8030075421458804,-1.572203967220669
1077901.8862,0.08833439851921666,-0.14955238096385154,-0.04248670383211414,-0.02636121183293823,-1.8037206035277489,-1.5721517426316924
1077901.8901999998,0.08876294940840516,-0.15040772838486044,-0.04332697526463969,-0.02649230094417034,-1.8044234383710323,-1.572100849623261
1077901.8944,0.08919534690089317,-0.15125077865953598,-0.04417104253395645,-0.026621385194444312,-1.8051210001553564,-1.572053125776527
1077901.8982000002,0.08962945880333287,-0.1520922310375574,-0.044992140871109115,-0.026754227830806675,-1.8058227431025924,-1.572001460451379
1077901.9024,0.09005667311854933,-0.15291802735732052,-0.04580697162508385,-0.026887575219419386,-1.8065120224559261,-1.5719545621845827
1077901.9064,0.09048695339797068,-0.15373455587649015,-0.046626172459959835,-0.027024180403059317,-1.8072081461332623,-1.5719036159129298
1077901.9104,0.09091129815711256,-0.15454771882583224,-0.04742239853700684,-0.027164794476377662,-1.8078928182179108,-1.5718506456388481
1077901.9144,0.09134502723014559,-0.1553543403857468,-0.04823210520259669,-0.027308918928907865,-1.8085693410296237,-1.5717927485167498
1077901.9184,0.0917779923088409,-0.15614849169385708,-0.04902035760889243,-0.027456552928412092,-1.8092308436127884,-1.5717391390840063
1077901.9226000002,0.09220596895391935,-0.15693897116861438,-0.04979551475276554,-0.02760644104410771,-1.8098807081819897,-1.5716851035454888
1077901.9264,0.092631845030688,-0.1577149164417226,-0.050566868569706894,-0.02775983870677735,-1.8105315314891832,-1.5716275260027213
1077901.9305999998,0.0930525379301851,-0.15847519234076707,-0.051316964535484524,-0.02791774793078116,-1.8111699710973077,-1.5715669657195328
1077901.9344,0.09347150976182773,-0.15923067454984938,-0.0520759837553896,-0.028074907308490542,-1.8117872652063773,-1.571507870174944
1077901.9386,0.0938885557951071,-0.1599740194022637,-0.05281202572075218,-0.02823557415257934,-1.8123963567792891,-1.571447656102697
1077901.9426,0.09430369600373137,-0.16070489400287363,-0.053535349427433945,-0.028397243427147202,-1.8130070728804661,-1.5713805710748383
1077901.9466,0.09471575360339388,-0.1614269801718864,-0.054254690876048194,-0.0285639252702293,-1.8135917166345714,-1.571319930896817
1077901.9506,0.09512340866487937,-0.1621390095788327,-0.054953713237782996,-0.028734118740880017,-1.814169835644006,-1.5712531920798996
1077901.9548,0.09553164129942623,-0.16283057925070446,-0.05564590043013253,-0.028907818845672312,-1.8147403646443336,-1.571186772842313
1077901.9588,0.09594486236758998,-0.16350857012996817,-0.05632992836269235,-0.02908653401569236,-1.8153028775297801,-1.5711197943408977
1077901.9628,0.09635711304643152,-0.1641760049044611,-0.05698832420199799,-0.029268254812673915,-1.8158515153459471,-1.5710438143549976
1077901.967,0.09677090669422964,-0.16482683154060607,-0.05763704028297902,-0.029452732813621547,-1.8163939213651634,-1.5709587263581697
1077901.9708,0.09718220196403009,-0.16546662270298396,-0.05828347520003885,-0.0296357065446722,-1.816934756119337,-1.5708827730038806
1077901.9748,0.09759504186726282,-0.166095241904589,-0.05890902760520108,-0.029821940567463602,-1.8174520218978631,-1.5708106546015612
1077901.9788000002,0.09800595930108363,-0.16671154731510376,-0.059523191667751864,-0.030013437662359272,-1.8179533353414594,-1.5707278835548815
1077901.983,0.09841149548502681,-0.16731107813970242,-0.060130136899272844,-0.030210949340129318,-1.818454142784449,-1.5706419433465046
1077901.9868,0.09881839154560162,-0.1678965474737454,-0.06071411486310542,-0.03041673346203542,-1.8189318073575655,-1.570554085662143
1077901.9914,0.09922489645439132,-0.16847083818911285,-0.06128347207255347,-0.03062502553267432,-1.8193994584449835,-1.5704674264002718
1077901.9949999999,0.0996266043442675,-0.16903297490305538,-0.06184163152185555,-0.030830307815162515,-1.8198537670953399,-1.5703798084004081
1077901.9992,0.10002793106921268,-0.1695722616948451,-0.06237947354875388,-0.031040603082283857,-1.820283361610781,-1.5702951997725765
1077902.0031999997,0.10041890641989584,-0.1700906193694181,-0.06290003665360462,-0.0312536538888956,-1.8207170041310783,-1.5702078747204324
1077902.0072,0.10081083884409577,-0.17059731239841658,-0.06341186958350695,-0.03147623589937738,-1.8211360791602131,-1.5701165282950431
1077902.0112,0.10120104354253849,-0.1710925005715059,-0.0639134501754503,-0.03170532767424872,-1.8215206928848424,-1.5700245160793806
1077902.0154,0.10159451061331656,-0.17157332099051428,-0.06439472000289262,-0.031937934405640044,-1.8219053332410826,-1.5699305863877335
1077902.0192000002,0.10199238521569871,-0.17203590208500694,-0.06485263390757492,-0.03217178949379235,-1.8222943944447323,-1.569837375749581
1077902.0232000002,0.10238872350702703,-0.1724821946204824,-0.06529308829459825,-0.03239937783100455,-1.8226420168618205,-1.5697414220555053
1077902.0274,0.1027820058210045,-0.17291075050309798,-0.0657213861834832,-0.03263749813809018,-1.8229696655707328,-1.5696420861468454
1077902.0314,0.10317489864767253,-0.1733225317997974,-0.06613221956128211,-0.03288238287434461,-1.823304078708814,-1.569532097593825
1077902.0356,0.10356701416419738,-0.1737167262464482,-0.06652805101976549,-0.03313729524434104,-1.8236232053022383,-1.5694331877909395
1077902.0394,0.10396451592402692,-0.1740885701136505,-0.06690414346114432,-0.03339671834343377,-1.8239134365978351,-1.5693402967321177
1077902.0434,0.1043585539099637,-0.17444057343073172,-0.06725992097683288,-0.03365463550815386,-1.8241871030314516,-1.5692356078696665
1077902.0474,0.10474664805324252,-0.17477885813924768,-0.06759652290043502,-0.03391781990616742,-1.8244527000869653,-1.5691202397312445
1077902.0514,0.10513378678748028,-0.17509842748320312,-0.06791319106327795,-0.03418727022288324,-1.8247031437558765,-1.5690074814906905
1077902.0554000002,0.1055161351607073,-0.17539563626085594,-0.06820746120911546,-0.03446975380030254,-1.8249336403482226,-1.5688870799778076
1077902.0595999998,0.10589770455931544,-0.1756725517510024,-0.0684852081048647,-0.034751487115308496,-1.8251444029168915,-1.5687604732995855
1077902.0636,0.1062804390909005,-0.17592886103221433,-0.06874131681675706,-0.03503847809287276,-1.8253370027269262,-1.5686366363088968
1077902.0677999998,0.10665703004274589,-0.1761669409757647,-0.0689763499375728,-0.035323968129491415,-1.8255066727199751,-1.5685081654179114
1077902.0716,0.10703266225659884,-0.17638745071402326,-0.06918897755124256,-0.03561923529626203,-1.8256631334340174,-1.5683743682047457
1077902.0758000002,0.10740580441483256,-0.1765847942797495,-0.06938015756352095,-0.03592477810365114,-1.8258044407614566,-1.5682431808894486
1077902.0795999998,0.10777414955415279,-0.17675625191968014,-0.06954893373312905,-0.03623483080789873,-1.8259248156427283,-1.568113937681747
1077902.0838,0.1081474797981385,-0.17690789231214926,-0.06969739248033335,-0.036545891352171345,-1.8260297708212883,-1.5679758794108374
1077902.0878,0.10852023912696551,-0.17704051773443522,-0.06982668395782965,-0.03686497050803862,-1.8261137402904584,-1.5678312963952572
1077902.0918,0.10888858426628574,-0.1771510921828953,-0.0699284416786059,-0.03719031641484599,-1.8261797600538816,-1.567697046444706
1077902.0960000001,0.10926000202771366,-0.17723689923321767,-0.07000380913745513,-0.037523681765485865,-1.8262295079030444,-1.5675678298686153
1077902.0998,0.10962969206338435,-0.1772968136998417,-0.07006038799481387,-0.03785879814454247,-1.8262592287808097,-1.5674217022196029
1077902.1038000002,0.10999746628754589,-0.17733356532288483,-0.07009342117918493,-0.038191410319936545,-1.8262719586908205,-1.5672763735189172
1077902.1077999999,0.11036676350695582,-0.1773476268134404,-0.07010405218536139,-0.03854106672630714,-1.8262743821674121,-1.567120685121591
1077902.1120000002,0.11073224075467716,-0.17734140167439238,-0.07009911701496636,-0.03889924691264167,-1.8262707070051079,-1.5669700034671143
1077902.1160000002,0.11109637144157233,-0.17732733352593402,-0.0700850671757405,-0.0392581786097463,-1.826261785415456,-1.5668053934801365
1077902.1202,0.11146337334901775,-0.17730064532286005,-0.07005203232689375,-0.03961911350333337,-1.826246765186908,-1.566641289493766
1077902.1242,0.111824249985956,-0.17725782169253163,-0.06999811496614941,-0.03999082920590823,-1.8262243946337513,-1.5664740962405308
1077902.1281999997,0.11218070577548467,-0.17718831984598324,-0.06990528049950062,-0.040371067023971335,-1.8261930492277212,-1.5663138272061297
1077902.1322,0.11253620116254529,-0.17708701319811665,-0.0697862438566768,-0.040747042952052476,-1.8261340868411868,-1.5661512412215806
1077902.1364,0.112886138865306,-0.17695614546215013,-0.06964100919886716,-0.04113178983473622,-1.8260725145567842,-1.5659790944887177
1077902.1401999998,0.11323051888376687,-0.17678932505146758,-0.06946691835840868,-0.04152806986941569,-1.8259535245192793,-1.5657995441680244
1077902.1442000002,0.11357547481081347,-0.1765895813118089,-0.06926605775556786,-0.0419361269017782,-1.825786677476986,-1.5656289154369833
1077902.1484,0.11391716670104904,-0.17636092895851743,-0.06902741688371292,-0.04234268174483834,-1.8255981789350302,-1.565447793851247
1077902.1524,0.114262314042799,-0.17611021564454601,-0.06876105833057511,-0.042756507017674375,-1.8253817970964612,-1.5652695751110988
1077902.1564,0.11461302239780018,-0.17583250453502391,-0.06846470426118462,-0.043189636047224304,-1.8251299419521723,-1.5650834734141241
1077902.1604,0.11495835283187508,-0.17552235279447329,-0.06814272225972916,-0.043616489171217895,-1.82485787341521,-1.5649002212995156
1077902.1644,0.11530197384942527,-0.17518391495419466,-0.06779187908219779,-0.04405036638258655,-1.8245622359026001,-1.5647058371715508
1077902.1684,0.11564769377080956,-0.17481704454032806,-0.06741237113672094,-0.044503289356938494,-1.824222975811335,-1.5645059935633512
1077902.1724,0.11598555237355113,-0.1744170876788686,-0.06700058734330801,-0.044959725207215806,-1.823849600626506,-1.5643027411089565
1077902.1764,0.11632340764734131,-0.17398501642361414,-0.06654665902564456,-0.04541791125367201,-1.8234642944799933,-1.5640952009652065
1077902.1805999998,0.11666069367044847,-0.1735174685336885,-0.06606538919820226,-0.04588988831338562,-1.8230599467316864,-1.5638823611308872
1077902.1844,0.11699433782076496,-0.1730246772055802,-0.06555147068027126,-0.04636536826217053,-1.8226132280904366,-1.563684914367669
1077902.1886,0.11732356778157464,-0.17250632951786127,-0.06500831148580903,-0.04684587076632375,-1.8221282398243221,-1.563484378337586
1077902.1926,0.11765452380366584,-0.1719486535987446,-0.06442965152177821,-0.04734040563270818,-1.8216297759630922,-1.5632754000868472
1077902.1966,0.11798125538647788,-0.17135727204708157,-0.06382649879809706,-0.047837693541869473,-1.8210910184745692,-1.5630651967820075
1077902.2006,0.11829955639996417,-0.1707422416249387,-0.06319031788347189,-0.04834726195260739,-1.8205279463252935,-1.5628504661033145
1077902.2048,0.11861575351618928,-0.17009845239197427,-0.06251920295324762,-0.04886034573598421,-1.819959760906725,-1.5626391442708165
1077902.209,0.11892945225441673,-0.16941902340572196,-0.061813342093176196,-0.04937643639467931,-1.8193531727052377,-1.5624067568340962
1077902.2128,0.11923414118578135,-0.1687071637752951,-0.06107748571685208,-0.049909321612998714,-1.8187259183736917,-1.56219162668124
1077902.2168,0.11954515013130784,-0.16796206789446408,-0.060302331901930316,-0.050450723121141496,-1.8180513663011855,-1.56196842715028
1077902.2208,0.1198504133067825,-0.16718356931566078,-0.059497750989201036,-0.05100466062787797,-1.8173396364998617,-1.5617268251761882
1077902.2248,0.12014685309667057,-0.16635873839179277,-0.058663555725150064,-0.05156862660059428,-1.8166068410943155,-1.5614975270063323
1077902.2288000002,0.12044406853222615,-0.16550657677723785,-0.05778777769739103,-0.052134091433661614,-1.8158593716711628,-1.5612808522200434
1077902.233,0.120745298683125,-0.16462580615467276,-0.05688333823063786,-0.052717354505189065,-1.815076029468127,-1.5610514741553547
1077902.2370000002,0.12103848442305613,-0.16370909950214846,-0.05594244757870206,-0.05330863785278687,-1.8142613684906717,-1.5608167697684863
1077902.2411999998,0.12132514375384092,-0.16276043158759176,-0.05496358441081095,-0.053905691105333886,-1.8134195965333195,-1.5605801212740218
1077902.2449999999,0.12161199949275607,-0.16177469247066117,-0.05394447505318385,-0.05451502153050617,-1.8125652278240114,-1.5603424341467322
1077902.2492,0.12190057962847707,-0.1607507536368448,-0.052889293178591625,-0.05512660981694014,-1.8116806322363306,-1.5600934552164207
1077902.2531999997,0.122178803396509,-0.15969486352785017,-0.05180525595358839,-0.05575574001257934,-1.8107436789016187,-1.5598462339724286
1077902.2572,0.12245377311458401,-0.15859839017279415,-0.05068495396467885,-0.05638813174831603,-1.8097730898423396,-1.559609106108968
1077902.2612,0.1227314209740302,-0.15747458612705115,-0.049523647617360486,-0.0570300451171876,-1.8087923807709179,-1.5593667318181599
1077902.2651999998,0.1230056183753891,-0.15630908030758886,-0.04834164850837221,-0.05767597153692679,-1.807792949677033,-1.5591285919534852
1077902.2692000002,0.12326773834120446,-0.1551136938206959,-0.04711275529377684,-0.05834696496042633,-1.8067521064281973,-1.5588885612444363
1077902.2732000002,0.12352410421458956,-0.15387580328280528,-0.04585120839526574,-0.059031741907042724,-1.805664897544783,-1.5586499952739867
1077902.2772,0.12378238589948387,-0.1526073929188223,-0.04455719756306657,-0.059721529757697664,-1.8045650386461916,-1.5584119353041446
1077902.2814,0.12403396474080956,-0.15129488393613905,-0.043217435287815534,-0.06041382680544218,-1.8034286678090545,-1.5581618644777862
1077902.2854,0.12427173176293183,-0.14994785039887423,-0.04183665866730159,-0.061133197382380856,-1.8022531751355046,-1.5579026323772778
1077902.2894,0.12450681232130449,-0.1485597609044545,-0.040425318944327604,-0.06186484346746912,-1.8010633546552897,-1.5576686736755143
1077902.2934,0.12474132196451845,-0.14712837173966142,-0.03897411586102435,-0.06259975275713058,-1.7998290593848707,-1.557437431398063
1077902.2974,0.12496892569813071,-0.1456597382670236,-0.037474117008648125,-0.06333942078276486,-1.798538598047062,-1.5572062157522224
1077902.3014,0.12518196027610456,-0.14414764866329838,-0.03594943814310743,-0.06409613303937567,-1.7972419848071355,-1.556974600632218
1077902.3054000002,0.1253875113714153,-0.14260184344017282,-0.03438299217317696,-0.0648636277694499,-1.7959363967143347,-1.5567583519517036
1077902.3098,0.12559018458827303,-0.14101081441278632,-0.032785033517410286,-0.06563587957102132,-1.7945737370793737,-1.5565423429556873
1077902.3136,0.12578826551672612,-0.13937265242753247,-0.031139801671700114,-0.06641866334246616,-1.7931873486791006,-1.5563183444764008
1077902.3176,0.12597809397475127,-0.137697417575429,-0.029457738308114136,-0.0672252541095806,-1.791766845185263,-1.5560964498943752
1077902.3216,0.12615641591239163,-0.13599166456170894,-0.027739413509573208,-0.06804613772937038,-1.790310548806375,-1.5558804408983589
1077902.3256,0.12632534687823807,-0.13425027512365223,-0.025978942522306092,-0.06886802003456893,-1.7888176073308877,-1.5556679739065926
1077902.3295999998,0.12648736694105572,-0.1324628762488131,-0.024191892355122157,-0.0697152173504044,-1.7872953977150199,-1.555458676076523
1077902.3338,0.12664403072113103,-0.13062529010323137,-0.022366114000023574,-0.07057093428501456,-1.7857487669119565,-1.5552548909899104
1077902.338,0.12679723904969192,-0.12876214260461188,-0.020497429623050296,-0.07142414951267574,-1.784153000786781,-1.5550674044491686
1077902.3418,0.12693893919339233,-0.12686591698077804,-0.018601785733467012,-0.07229892302936111,-1.7825112685011906,-1.5548821815953537
1077902.3458,0.12706644801743394,-0.1249270308452324,-0.01668108233026392,-0.07318422102577934,-1.7808500152448101,-1.5547149350788967
1077902.3498,0.12718265838055093,-0.12294451880207995,-0.014706272232207745,-0.07406375494291323,-1.7791805061890507,-1.5545501386706426
1077902.354,0.12728812122419372,-0.12091534984110497,-0.012711907457728744,-0.07496208411944034,-1.777475443932738,-1.5543913343748412
1077902.3577999999,0.12738341079247245,-0.11886061619814092,-0.010693431504649357,-0.07588347460653186,-1.7757242557263457,-1.554238681981158
1077902.3618,0.12746855038804658,-0.11676129790957757,-0.008622937149518537,-0.07680536776527916,-1.7739306433637883,-1.5540967621266675
1077902.3660000002,0.12754294912204936,-0.11462954398341277,-0.006522256279550591,-0.07773929508320224,-1.772137190790896,-1.553969436394951
1077902.3699999999,0.12760833139128644,-0.11245241145674867,-0.0043997439384872595,-0.07868173619423516,-1.7702958279499934,-1.5538482359337413
1077902.3742,0.12766202071886246,-0.11023900334708632,-0.002237552213672293,-0.07962468164139952,-1.7684355034021297,-1.5537363032731253
1077902.3783999998,0.12770132398312498,-0.1080037057177392,-6.0932230922787814e-05,-0.08058643067033551,-1.766528333850691,-1.5536465014811678
1077902.3822,0.1277251110050864,-0.10573596579288788,0.002130875785205779,-0.08156171188656047,-1.7646011373278552,-1.553576380449666
1077902.3862,0.12773679562436918,-0.10342844822820488,0.004359134737008158,-0.08252345425759373,-1.762648587511442,-1.5535169386941354
1077902.3901999998,0.12773756461213392,-0.10108864815768306,0.006616440635976925,-0.08349498041668169,-1.7606836273643487,-1.5534728900097055
1077902.3942000002,0.12773602996555575,-0.09872471984768512,0.008894630139155441,-0.08449106092102016,-1.7586598912519975,-1.5534474834529062
1077902.3982000002,0.12773162409842737,-0.09632787153766244,0.0111965502801817,-0.08548213301803362,-1.7566310418703535,-1.5534341143842338
1077902.4024,0.12771705327831323,-0.09389907195246154,0.01351631651334394,-0.0864789691943314,-1.7545777713015132,-1.5534325697508016
1077902.4064,0.12770515893509468,-0.09143128035995052,0.015858674882987915,-0.08747630637780926,-1.7525176031454497,-1.5534325697508016
1077902.4104,0.1276838736200822,-0.08893807888168878,0.018217169512124248,-0.08847715893392603,-1.7504139189371741,-1.5534376297568726
1077902.4144,0.1276257817543292,-0.08642090895361633,0.020588575479120415,-0.08948226256093285,-1.7482552670839997,-1.5534459654510848
1077902.4184,0.1275322082604779,-0.08388153159100395,0.022976307455836616,-0.09047108595130085,-1.7461131800928051,-1.5534590682036482
1077902.4226000002,0.12742022233664005,-0.08132681774946411,0.02538188718916447,-0.09146892081300743,-1.7439666189909797,-1.5534805066504231
1077902.4264,0.12729463098858332,-0.07874110471283575,0.027787654592125392,-0.09247503144780142,-1.7417876472186875,-1.5535215992260432
1077902.4304000002,0.12715254135757348,-0.07613317425481339,0.030201964500401662,-0.09346986026642756,-1.7395477955838765,-1.5535537968436222
1077902.4344,0.12699090745311387,-0.07350175471597653,0.032636207753318255,-0.09446218571362903,-1.7373314330298797,-1.5536365678903017
1077902.4386,0.12681775371246393,-0.07085851573532677,0.03505242057341717,-0.09545576284654284,-1.7351365621858803,-1.5537739337393282
1077902.4426,0.12663214470029088,-0.06819338640275438,0.03749349899571902,-0.09642929303435108,-1.7328838208513933,-1.553965628074592
1077902.4466,0.1264296595691851,-0.06551323268044477,0.03992755582735931,-0.0974000635214797,-1.730630786569186,-1.5542011047781767
1077902.4506,0.12620837584973474,-0.06281534563422658,0.04236996416573051,-0.098363816579136,-1.728374769546558,-1.5544687258361187
1077902.4548,0.12596869634505464,-0.060108187458463545,0.044815599922447755,-0.09930901073294579,-1.726098698920922,-1.5547755752569177
1077902.4588,0.12571885355186457,-0.05738776923718545,0.04725592017607678,-0.10025872726718166,-1.7238150649177897,-1.555100081435744
1077902.4628,0.1254523193965424,-0.05466942495260625,0.04970250385169453,-0.10119616329984091,-1.7215094864672758,-1.5554463456406762
1077902.4668,0.12516067329661643,-0.05194996796603409,0.05212004492338712,-0.10211429640802416,-1.7192026030678271,-1.5558179897707967
1077902.4708,0.1248559860297275,-0.0492231539969506,0.054542517004285564,-0.10302716477962741,-1.7169156667449434,-1.5562297411069337
1077902.4748,0.12455091426895622,-0.04649554524072928,0.056942021817495594,-0.10391622282660969,-1.714609875241542,-1.5566662332095977
1077902.4788000002,0.12423817593319683,-0.043764897984151764,0.05932462637687556,-0.10477920852652012,-1.712318944177023,-1.557129463449606
1077902.483,0.12390702683192663,-0.041033773855291535,0.0617005871815736,-0.10563242541865699,-1.7100169077307588,-1.5575892049485867
1077902.4868,0.12355842903208933,-0.03830568240112264,0.0640520610522862,-0.10646658905767001,-1.7077109298060809,-1.5580697457356805
1077902.4910000002,0.12319698647341945,-0.035586222085599126,0.06638815267099009,-0.10727092529247413,-1.7054287339099372,-1.558602963849136
1077902.4949999999,0.12282001269216739,-0.03287491229136802,0.06871304320059667,-0.10806574738428396,-1.7031282953603266,-1.559168885580778
1077902.4992,0.1224367089098993,-0.030175266726592535,0.07102009138313756,-0.10884651131448952,-1.700848682730441,-1.5597391216333856
1077902.5031999997,0.1220487995234211,-0.027499588363271005,0.07330169805488977,-0.10959395909945821,-1.6985863806476402,-1.5603224071753348
1077902.5072,0.12164939193893647,-0.02482023525376409,0.07555957429685371,-0.11032961740317626,-1.6962958224256741,-1.560962897417499
1077902.5112,0.12124576324412406,-0.022161175431763575,0.07778935086036595,-0.11104196638945338,-1.6940550919477033,-1.5616187008359312
1077902.5151999998,0.12083389040126218,-0.01952128953737379,0.07999407373592327,-0.11172924670749444,-1.6918387826569283,-1.562258285603324
1077902.5192000002,0.12041875352158926,-0.016893069536915307,0.08216746119230445,-0.11238219222118166,-1.6895963211242488,-1.562917178288621
1077902.5234,0.12000266622630233,-0.014284662830788636,0.08430763070751393,-0.11301934851855608,-1.6873825684681207,-1.563591277623742
1077902.5272,0.1195815855039715,-0.011690477196823531,0.08642311937732108,-0.11363594354783939,-1.685193769631406,-1.564277094867659
1077902.5314,0.11916127376940541,-0.00912537369808101,0.08850234744441114,-0.114223222166948,-1.683028832718059,-1.5649846168744603
1077902.5354,0.11873578717994618,-0.006577527067083283,0.09054094566012068,-0.11478066838842067,-1.680870527075826,-1.5657178916490029
1077902.5394,0.11830991276765321,-0.004066432527262434,0.09256702036080414,-0.11531279959925642,-1.6787249513436038,-1.5664311394521477
1077902.5434,0.11789094925838899,-0.001595764590736961,0.09455321422416363,-0.11583289997986776,-1.6766353286258842,-1.5671464112577211
1077902.5474,0.11747408964638592,0.000845182507034377,0.09648113479392081,-0.11632542832081838,-1.6745775040515798,-1.567861603168462
1077902.5516000001,0.11706240655375169,0.003259604572363391,0.0984037356994006,-0.11679388501446605,-1.6725229817970273,-1.5685967687873783
1077902.5554000002,0.11664880265618124,0.005637434531236674,0.10027203807920504,-0.11724555879981917,-1.6705160235995435,-1.569339897257954
1077902.5594,0.1162392317831866,0.007981069553728206,0.10209763167750296,-0.11766439913788299,-1.6685547918779764,-1.570075968351641
1077902.5633999999,0.11583195955110784,0.010285876311704762,0.1038960710195362,-0.11806894828774717,-1.666611669651822,-1.5708025852234584
1077902.5676,0.11542852060652309,0.012562399674726296,0.10564951958390392,-0.11845519985644679,-1.6646622091022731,-1.571562331819236
1077902.5716,0.11503716908433596,0.014799454990392858,0.1073583518776344,-0.1188088776360634,-1.6627830560055021,-1.5723235431536133
1077902.5756,0.1146580830834443,0.016990490882422847,0.10903433907274578,-0.11914448586768382,-1.6609531980205088,-1.5730771112156623
1077902.5795999998,0.1142853220901416,0.019137424826801124,0.11067046041081437,-0.11946983427120472,-1.6591262961443252,-1.5738437820302742
1077902.5838,0.11392694549567668,0.02124281470653093,0.11226044248299734,-0.11977387072810224,-1.657310046912502,-1.5745808384935647
1077902.5878,0.11357719754314362,0.023293873603309596,0.11380011910666439,-0.12004783676734143,-1.6555818417863168,-1.5752940862967098
1077902.5918,0.11323780762277527,0.02530450737921654,0.11530714371089137,-0.12030826229691324,-1.6538859408041546,-1.5760476543587583
1077902.596,0.11291931685906134,0.02728030742418417,0.11676935896530212,-0.12056042037577601,-1.6522272175508097,-1.5767859358761502
1077902.5998,0.11262038035565132,0.02919794319870662,0.11819075961153169,-0.12080028297278105,-1.650601703916258,-1.5774964938865943
1077902.6038000002,0.11233736289765724,0.03106668375173414,0.11956887223871773,-0.12101986393360945,-1.648996084095049,-1.578210593901288
1077902.6077999999,0.11207754323723343,0.03288572888658295,0.12090161458778288,-0.12122363903336823,-1.6474403452810578,-1.578898648200521
1077902.6118,0.11183670858643051,0.0346653063901957,0.12219543983094358,-0.12141839600388571,-1.645954461182459,-1.5795773548043275
1077902.6158000003,0.11160603555966193,0.036397266989636745,0.1234431224792673,-0.12160262017229195,-1.6445108148187486,-1.580266128157055
1077902.6202,0.11139090041337829,0.03806131656516186,0.12464429801257984,-0.12177882156791431,-1.6430908972203508,-1.5809383100161907
1077902.624,0.11119857024840414,0.039682220434314165,0.125809600766009,-0.12194901753527856,-1.641720008417622,-1.5815796258382926
1077902.6281999997,0.11103444129489823,0.041248320609421844,0.12692552851282807,-0.12210969103727007,-1.6403995332543277,-1.5822304491454866
1077902.6322,0.11089676252444385,0.04274986659194384,0.1280108981506142,-0.12226433747281962,-1.6391265688848808,-1.5828534690508995
1077902.6362,0.11077673052516261,0.04420858644742384,0.12904671468289233,-0.122414226836872,-1.6379178932241483,-1.5834525737697236
1077902.6401999998,0.11067951182956928,0.04561074076135056,0.13003810136580954,-0.12256010814348381,-1.6367408559171661,-1.5840439553213868
1077902.6444,0.11060357844898838,0.04694545967528727,0.13098108676039028,-0.12270297674911249,-1.6356123946684669,-1.5846195975910073
1077902.6482000002,0.110556215793477,0.04821978558584154,0.1318777398099063,-0.12283983160410461,-1.6345510184476268,-1.5851675429852912
1077902.6522,0.11053589254540834,0.049434347664820924,0.1327358569184489,-0.122980696181013,-1.6335324125938933,-1.5857110142689437
1077902.6564,0.11053876709490995,0.05059170421134755,0.13355316108328608,-0.12312632781627261,-1.632559320163189,-1.5862359765830203
1077902.6604,0.11054681982825607,0.05168115015007718,0.13433020990377098,-0.1232747108298334,-1.6316502767567016,-1.5867295668594552
1077902.6646,0.11056331311778209,0.052717863834747546,0.13504955135238522,-0.12342485485866503,-1.630815881755569,-1.587177084449032
1077902.6684,0.11060300254040265,0.05368906542107764,0.13573718453927075,-0.12358325635135159,-1.6300146697416185,-1.5875954404246728
1077902.6724,0.11069331699086997,0.054598428406896105,0.1363745072842133,-0.12374818758213588,-1.629272766325144,-1.588014648611862
1077902.6764,0.11083616895174182,0.05544004057458294,0.13696550767094526,-0.12391286747709229,-1.6285870822392816,-1.5884134569851016
1077902.6804000002,0.11101660144454606,0.05621118716430197,0.13752555879685915,-0.12408781885147802,-1.6279657134937442,-1.5887608929809134
1077902.6844,0.11122886869923083,0.05691282358509423,0.13803340697198044,-0.12427380403515506,-1.627403919661792,-1.5890738943038305
1077902.6886,0.11147392113141015,0.05755134059133811,0.13848619928499145,-0.12446604764739377,-1.6268935248388783,-1.5893606901216208
1077902.6926,0.11175291222273116,0.05812131365678823,0.13889570025000744,-0.12467183010482422,-1.6264404678742341,-1.5896276453892906
1077902.6967999998,0.11207370828526371,0.05861602246088136,0.13925603593234923,-0.12489315876511797,-1.6260630713161586,-1.5898691408369388
1077902.7006,0.11243131589196387,0.05904138338242665,0.1395778356737176,-0.12512552123470305,-1.6257517744163394,-1.5900767076122997
1077902.7045999998,0.11281500583258999,0.05939978827297815,0.1398567235675464,-0.1253691488756992,-1.6254918765255586,-1.5902557785639966
1077902.7086,0.11323109312787691,0.05968006101057377,0.14008473676217625,-0.12561477721646425,-1.6252949357629471,-1.5904011338962931
1077902.7128,0.11368131715491163,0.05988395262363024,0.14026374779274864,-0.12588071382501684,-1.6251733890907964,-1.590512773609189
1077902.7168,0.11417622236713514,0.060016575549202665,0.140396835939274,-0.12616470999471155,-1.625111097752899,-1.590587821488708
1077902.7208,0.11472232019341269,0.06007953517408565,0.14048151447508445,-0.1264679907796497,-1.6250958112082423,-1.5906408450260112
1077902.725,0.11530714537536706,0.06007122611148461,0.1405232794988796,-0.12677479692408095,-1.6251075024854278,-1.5906646536861566
1077902.7288000002,0.11592994556999026,0.06000890980645244,0.14052137866765158,-0.12709486727521643,-1.6251359983090914,-1.5906692609548423
1077902.7327999999,0.11658898306467103,0.059883792001726985,0.14050049948470533,-0.1274302491381442,-1.6251955199594548,-1.5906638813694403
1077902.7368,0.11728904988489586,0.05967622605860405,0.14043462619514221,-0.12778792332387162,-1.62530742598846,-1.5906576229408786
1077902.7410000002,0.11802325343686844,0.059380295598274443,0.1403191881487414,-0.12815662466098768,-1.6255271634100024,-1.5906377557591465
1077902.7449999999,0.1187919665631414,0.05900558716842461,0.1401678839803599,-0.12852759634293298,-1.6258679947663104,-1.5906031879281977
1077902.7492,0.11959539066527218,0.058547951231181096,0.13995506411974895,-0.12892036932735193,-1.626286377373562,-1.590552241656544
1077902.7531999997,0.1204329465057237,0.05799955309951197,0.13968206680535628,-0.12933543796352193,-1.6267604733108179,-1.5904786318840145
1077902.7572,0.12131364389135882,0.057372058251229666,0.1393465950607417,-0.12975377562992996,-1.6273268477798453,-1.590292929661203
1077902.7612,0.12223767756583226,0.05666978433625145,0.1389448788484871,-0.13017887606103112,-1.6279909069976561,-1.590037958618439
1077902.7654,0.1232021629927883,0.05587386785168116,0.13849417545245618,-0.13062678813134454,-1.6287127301795112,-1.589757660913708
1077902.7692000002,0.1242113329338845,0.054992629511449634,0.1379929668708276,-0.13107470353060927,-1.6295311994773254,-1.5894297458886866
1077902.7732000002,0.12525482103457777,0.05403101447280597,0.13744108332708185,-0.13152738432374958,-1.630435156246131,-1.5890486475366963
1077902.7772,0.12632419672554226,0.05299477849265614,0.136831672174839,-0.13199885538285608,-1.6313926159212364,-1.588637828306941
1077902.7814,0.12742981304551573,0.051864267442155346,0.13617022784832308,-0.1324831079507193,-1.6324270675834558,-1.5881884198729899
1077902.7854,0.12858087288054,0.05065561841303379,0.13544955648363946,-0.13296860887534345,-1.6335415738680428,-1.587692885488959
1077902.7894,0.12977814688285555,0.04935637030810341,0.1346571312368107,-0.13346140519687874,-1.6347308617160397,-1.5871426231445267
1077902.7934,0.1310047489466756,0.04797131182389931,0.13381381963945324,-0.13395192118673066,-1.6360116824107025,-1.5865501230652057
1077902.7974,0.13225533111163618,0.04650412478062854,0.13292380618342992,-0.13444469254113078,-1.6373507997016268,-1.5859356519068917
1077902.8014,0.1335381258744569,0.04495703957570403,0.13196583384981475,-0.1349374772113363,-1.638743526425295,-1.5852975851413198
1077902.8054000002,0.13486233112775267,0.04333245721529605,0.13095715492904453,-0.13543400029392202,-1.6402234983062738,-1.5845815942822519
1077902.8095999998,0.1362335178716288,0.04162414839916735,0.129879773110053,-0.13592253389323755,-1.6417739640613072,-1.5838510625636322
1077902.8133999999,0.13763461690797357,0.03982123910769198,0.12874542461086894,-0.13640628545392064,-1.643395056848449,-1.5831020751386586
1077902.8176,0.139058728985088,0.0379417938954391,0.12754064049427938,-0.1368754911616249,-1.6450899724610082,-1.5823117288219557
1077902.8216,0.14050259006616103,0.03598884626933788,0.12629144317308566,-0.13733720007086056,-1.6468408677196806,-1.5814986923727654
1077902.8256,0.14198384359341448,0.033938264660960824,0.12496552184536247,-0.1377973926427506,-1.6486407651424109,-1.5806695704305909
1077902.8295999998,0.14350190533588417,0.03180683031412681,0.12358531697224504,-0.13823352188971605,-1.650516003392379,-1.5798120858228073
1077902.8338,0.145047584058858,0.029592143471022313,0.12213297538757577,-0.13864609714131546,-1.652480510802087,-1.5789196072783
1077902.8378000003,0.14660284683280472,0.027305712732626764,0.12062405661002347,-0.1390514052920903,-1.6545019565959005,-1.5779958099593732
1077902.8418,0.14818610941666227,0.024934595136042372,0.11905115372280632,-0.13942987876593121,-1.6565580501154966,-1.577081600020371
1077902.8458,0.14980407631847492,0.02249141073588476,0.11741560829332347,-0.13977904248750014,-1.6586900969893812,-1.5761507453245553
1077902.8498,0.15143738302816645,0.019961301173865877,0.11570449400343392,-0.14011841576311168,-1.6608995353245437,-1.5751989581825718
1077902.8538000002,0.15307069306680932,0.017364079744317546,0.11392636459366393,-0.14043148033610459,-1.6631771239520012,-1.5742157457397257
1077902.8577999999,0.15472278504903997,0.014689999069590601,0.11207381980513435,-0.14070720073271184,-1.6654857117745476,-1.5732236649704494
1077902.8620000002,0.15641169523334097,0.011940977249848286,0.11014514189894216,-0.1409520783949446,-1.6678418902857732,-1.5722487615902039
1077902.8658000003,0.15810713016231265,0.00912260671532031,0.1081543873722159,-0.1411746687278048,-1.6702893619591666,-1.5712516740780784
1077902.8702,0.15980044787821773,0.006230573977278582,0.10609395789347043,-0.14136715202454164,-1.672781361685987,-1.5702249722146309
1077902.874,0.1615133231833781,0.0032739857462795487,0.10398283347889963,-0.14152182509170208,-1.6752810046851352,-1.569218084269694
1077902.8781999997,0.16324482064246082,0.0002491670388199983,0.10181095570196139,-0.14163636099228366,-1.6778630458884105,-1.5682627551234607
1077902.8822,0.1649651727723816,-0.002832217151676112,0.09956352737384896,-0.14171255070211947,-1.680512704751763,-1.5672901420617529
1077902.8862,0.16667767190603794,-0.005976558031466272,0.09725097144127867,-0.14175441226550417,-1.6831733092071957,-1.5663027218243841
1077902.8901999998,0.16841412950265094,-0.009174908494356485,0.09486210262767214,-0.14176269136754296,-1.6859110121761867,-1.5653297891833455
1077902.8942000002,0.1701521250747935,-0.012424071966815678,0.09239729544005769,-0.14175816732264118,-1.6886931633037705,-1.564397096906378
1077902.8982000002,0.17187364233769115,-0.01572628540012979,0.08988824482435862,-0.14174715182258232,-1.6914873252878706,-1.5634498371382475
1077902.9022,0.173584796574997,-0.019088100170580415,0.08730325749912729,-0.14172985459130225,-1.6943341113351107,-1.5625187427579341
1077902.9064,0.175294822297791,-0.022500409307536783,0.08468561981893159,-0.14170252722956672,-1.6972139472114791,-1.5616194731526474
1077902.9104,0.17699502428511393,-0.025951706290614072,0.08199432076745998,-0.14164688380754084,-1.700102172045281,-1.5607526674810481
1077902.9144,0.17867032571624464,-0.02943879574262311,0.07925309576792779,-0.14147143142597507,-1.703048480422457,-1.559905276253796
1077902.9184,0.18033930546873772,-0.03296711051218764,0.07644749883589703,-0.14122979616236947,-1.7060203817777093,-1.5590753287316834
1077902.9224,0.1820006186462428,-0.03652227327449155,0.07357166269459112,-0.1409844091705782,-1.709004773358474,-1.5582957415857845
1077902.9264,0.18362355234348848,-0.04009740558378183,0.07065406485844139,-0.14068865181571943,-1.7120096712796322,-1.557534876462349
1077902.9304000002,0.18522273397276195,-0.04370321917330552,0.06768178733168528,-0.1403412491094213,-1.7150462608177623,-1.5568222944494763
1077902.9344,0.18680407242273195,-0.0473365182497545,0.06467210903637038,-0.13996226131259487,-1.7181003206926433,-1.556173361986657
1077902.9386,0.18837218827788965,-0.050982278423391536,0.06162787622591172,-0.1395587175060422,-1.721138934233202,-1.555544935864231
1077902.9424,0.18990174821836578,-0.05463059523167505,0.058551371728706156,-0.13911206710829524,-1.7241941925305735,-1.5549455115660757
1077902.9466,0.19140467987689244,-0.05828642548318395,0.05545075730125698,-0.1386343176469189,-1.7272927804588805,-1.5543932252192154
1077902.9506,0.19288880628917182,-0.061942892396640935,0.05231501910798102,-0.13815381680724134,-1.7303669471999918,-1.553880513446153
1077902.9545999998,0.19434050871517944,-0.0655785824924061,0.04914548789718548,-0.1376452529075771,-1.7334160003320236,-1.5533911043326292
1077902.9586,0.19574738348213833,-0.06920740995493727,0.04594672183552359,-0.13711262901193963,-1.736458368929719,-1.552956290021452
1077902.9628,0.19712067245879994,-0.07283399869767711,0.04272915884999279,-0.13656896132015678,-1.7394970889967216,-1.5526018765435843
1077902.9668,0.19847765956063895,-0.07646042348956232,0.03950817703141261,-0.13600849906874962,-1.7425318675853103,-1.5522809656322298
1077902.9708,0.19981204308272588,-0.08005856551067089,0.03627561795223113,-0.13545080484040045,-1.7455460333070618,-1.5519719057877261
1077902.9748,0.2011105471670267,-0.08362523562559747,0.033041158457940534,-0.13488157746005552,-1.7485613974513043,-1.5517030330440715
1077902.9788000002,0.20236055508787718,-0.0871666473220603,0.029783916452762155,-0.13430708201417932,-1.7515167872077981,-1.5514882757337676
1077902.983,0.2035672333777921,-0.09067195820547144,0.026543382870591575,-0.13373034618403606,-1.754476837496199,-1.5513076068854166
1077902.9868,0.2047539546042882,-0.0941280472140352,0.02331651671435907,-0.1331596124531996,-1.757422719767601,-1.5511599612345826
1077902.9908000003,0.20591478990498877,-0.09755074018252935,0.020116611319093335,-0.1325931364511559,-1.76029933321905,-1.5510448860438804
1077902.9949999999,0.20704725921112863,-0.10093652340279069,0.016937587187368423,-0.13203444853082497,-1.7631491819015441,-1.5509656303698396
1077902.999,0.20814173852431844,-0.10427741072050034,0.013776030063443068,-0.13148476375945423,-1.7659669128612916,-1.550912633464147
1077903.0029999998,0.2091963569738926,-0.1075625331094594,0.010630989323643786,-0.13094511411196602,-1.7687503156745876,-1.5508839512192067
1077903.0074,0.21022718673702956,-0.1107958703310219,0.007508541448534353,-0.13042351570324148,-1.7714998164472076,-1.5508723398368542
1077903.0112,0.21123021975628883,-0.11397073119294894,0.004418177590538731,-0.12992572096123528,-1.7741817528229717,-1.5508723398368538
1077903.0151999998,0.21221120180172223,-0.11708359366469896,0.0013631258962110678,-0.12943844237658345,-1.776851065815169,-1.5508757753146603
1077903.0192000002,0.21317434732575485,-0.12013957434451625,-0.0016442737579035638,-0.12896924332678195,-1.7794760371752165,-1.5508811549000623
1077903.0232000002,0.21410048489748945,-0.12313610494642457,-0.004603072126525605,-0.1285258403210892,-1.7820186103311368,-1.5508942310210145
1077903.0272,0.2149900139910895,-0.12606568867195533,-0.0074958030080859075,-0.1281042502691999,-1.7845032863649588,-1.5509083990380137
1077903.0314,0.21585920652081553,-0.12893263484864742,-0.010328541192665132,-0.1277019464970298,-1.7869718236425753,-1.5509302369589524
1077903.0354,0.21671440081006174,-0.13173039376469498,-0.013122360918953403,-0.12732898576664534,-1.78939684486798,-1.5509672282664937
1077903.0394,0.21755539379279515,-0.13445049490335578,-0.015867578371466646,-0.126976820995423,-1.7917299604041652,-1.550994285983169
1077903.0434,0.21837551425048507,-0.1371057181089109,-0.01855033720627696,-0.12664094977664495,-1.7939931146985149,-1.5510444865697168
1077903.0474,0.2191728014307789,-0.13967465655962313,-0.021181075142322328,-0.12633590631196023,-1.7962322472798316,-1.5511231563483179
1077903.0516,0.21994226856453544,-0.14216769491926812,-0.023713663524749583,-0.12606294062260553,-1.7983696471075075,-1.55120867045092
1077903.0554000002,0.2206933598867705,-0.14458611150516906,-0.026202394221331353,-0.12581129353777687,-1.8004435571747954,-1.5513045708817739
1077903.0594,0.2214281360183775,-0.14692766593305898,-0.028599430200987097,-0.12557793737621004,-1.8024870805740458,-1.5514165568056117
1077903.0633999999,0.22215427685014982,-0.14918853656677356,-0.03092849939679158,-0.1253711495754681,-1.8044503895612636,-1.551531631996314
1077903.0676,0.22286317371386394,-0.1513704611189241,-0.033165302128273504,-0.12519669255035976,-1.8063133506386067,-1.5516385579140806
1077903.0713999998,0.22356228013162066,-0.1534718516797107,-0.03532198657119283,-0.12505131724435503,-1.808140731883786,-1.5517540325789467
1077903.0756,0.22424624314962888,-0.1554914399186641,-0.037401404388510556,-0.12493075594180716,-1.8099145036962228,-1.5518637015526362
1077903.0795999998,0.22491006934084473,-0.1574151443715206,-0.03938703649132762,-0.12482873689834895,-1.811582681171437,-1.5519730243153838
1077903.0838,0.22555933469880066,-0.15924059149595857,-0.041292550721701016,-0.12475856093914968,-1.8131733872905418,-1.5520646903201043
1077903.0876000002,0.22619420567106463,-0.16097923954256815,-0.04311111690367252,-0.12470967861734128,-1.8146952506954677,-1.552140989885335
1077903.0918,0.2268137434933525,-0.16263212714417447,-0.04483076912156929,-0.12468636929990036,-1.8161414270622132,-1.5522096195466264
1077903.0958,0.22742196953891022,-0.16419486008497888,-0.04645948437509393,-0.12468010754238731,-1.817524806090455,-1.5522740414133955
1077903.0998,0.22801946637422632,-0.16566045422502265,-0.04798644024336665,-0.12468386759295136,-1.8188216323832687,-1.5523234696832273
1077903.104,0.22860428323380227,-0.16703878989194998,-0.04942720623191031,-0.12469214003708742,-1.8200246887741014,-1.5523607273068776
1077903.1077999999,0.22918336431018044,-0.1683247904349329,-0.05077874300813088,-0.12470392119595966,-1.8211579170811518,-1.55238030154089
1077903.1120000002,0.2297614799906635,-0.1695286491030437,-0.05201048081166557,-0.12472071742005966,-1.8221979347500497,-1.5523936706095618
1077903.1158000003,0.23032961880391284,-0.17061824817353596,-0.05314596864445346,-0.12474202104430461,-1.8231473783102738,-1.5523955614539358
1077903.1199999999,0.23088071338618565,-0.17160271895999737,-0.054154635913893925,-0.12478563363610604,-1.824025156205564,-1.5523940700837255
1077903.124,0.2314135753018455,-0.17249051366993756,-0.05505869920914312,-0.12491120501045463,-1.8248122800973476,-1.552389116604098
1077903.1281999997,0.23193015198743955,-0.17328817702173535,-0.05586897595765383,-0.12508741805740678,-1.8255068591412513,-1.5523821923852636
1077903.132,0.23242715111007012,-0.1739843805939039,-0.056569329067695816,-0.12526185843775833,-1.826103061014487,-1.5523660536290578
1077903.1362,0.23291821804137255,-0.17456568873874365,-0.05715235661591437,-0.12546063345257047,-1.8266264786951314,-1.5523411797044762
1077903.1401999998,0.23339605571996,-0.17504744792203625,-0.057629067444465595,-0.12569774300679862,-1.8270519453108824,-1.5523219783130169
1077903.1442000002,0.2338675584041045,-0.1754336662012223,-0.05798825963201435,-0.12596418228700695,-1.827383056129212,-1.5522725234115742
1077903.1482000002,0.23432430051790715,-0.1757107414810341,-0.058232216006957535,-0.12625644923636203,-1.8276333932716795,-1.5522011506943598
1077903.1524,0.23477261039790837,-0.17587436609840862,-0.05835239031890953,-0.1265785319385962,-1.8277941150434658,-1.5520969412009051
1077903.1561999999,0.23521306062374245,-0.17593253619451868,-0.058354477571413876,-0.12692292360838683,-1.8278518790075098,-1.5519507602886708
1077903.1604,0.2356419960068134,-0.17589434646448693,-0.058294299285394334,-0.127286370195777,-1.827848310371649,-1.551777814607481
1077903.1644,0.23605521541050142,-0.1757759389934706,-0.058106915942144996,-0.1276831562310636,-1.8278218385504137,-1.5515656671950455
1077903.1684,0.2364477220788114,-0.17555383135855804,-0.05777221401753304,-0.12810073822551235,-1.8277470836186152,-1.5513248375376694
1077903.1724,0.23683313475176768,-0.17521874910125287,-0.05731961062251191,-0.12852884469969394,-1.8276007961799372,-1.5510744205003693
1077903.1764,0.2372131711682733,-0.174772296776112,-0.05675690049669714,-0.1289830168630447,-1.827300950872805,-1.5507952945865182
1077903.1806,0.23757385639050818,-0.17420903820556025,-0.05607895122932545,-0.12947203482478342,-1.8268482401191026,-1.5504949699103896
1077903.1844,0.23791900206778252,-0.17351618355846252,-0.055272849818061284,-0.12997409062453383,-1.8263062868372715,-1.5501625275115152
1077903.1883999999,0.23824977000412167,-0.1727134102663231,-0.054323793248433026,-0.13050246344928124,-1.8256813494558735,-1.5497920285406637
1077903.1924,0.23855962879695242,-0.17181011928779005,-0.053234440520341576,-0.13105238624067442,-1.8249163031695264,-1.5494070419734816
1077903.1966,0.23885530625697843,-0.17078970248451528,-0.05202168356523856,-0.13162187660817695,-1.824044197807358,-1.5489951841109009
1077903.2006,0.239139851703648,-0.16966094828809608,-0.05069596530354849,-0.13222418377821202,-1.8230637017888234,-1.5485866818312934
1077903.2048,0.2394075393406173,-0.16842033799694217,-0.04925539322642169,-0.13285482032434276,-1.8219727911114945,-1.548164517535294
1077903.2086,0.23966216417243977,-0.1670736340258623,-0.04770774209976554,-0.13350827350311278,-1.8208018790750191,-1.547725388903151
1077903.2128,0.23991356325039187,-0.1656029266165256,-0.046025870983120755,-0.13418477800559309,-1.819535519345076,-1.547260986872263
1077903.2168,0.24015323776164493,-0.16402995382132982,-0.044235022482432086,-0.13488909423223228,-1.8181618608548127,-1.5467812982967182
1077903.2208,0.24037336467049678,-0.16236591423265878,-0.042322292749980256,-0.13562024513580537,-1.8166572813653616,-1.5463023021430564
1077903.225,0.24057431349054875,-0.16059304789499304,-0.0402956546242787,-0.1363797120996687,-1.815083273266292,-1.5458152632429025
1077903.2288000002,0.24076185329451208,-0.15870496655066774,-0.038165927197255846,-0.13715999666087808,-1.8134241771703945,-1.5452967724102749
1077903.2327999999,0.24093921982311137,-0.15671046861813426,-0.035910900537658295,-0.13797134699620323,-1.8116768505475824,-1.5447560175509345
1077903.2368,0.24109874317240712,-0.1546199437545952,-0.03355620008083749,-0.13880777598661848,-1.8098255807474248,-1.5442413883018875
1077903.2408000003,0.2412379532604883,-0.1524354592388468,-0.031090250646786742,-0.13966273558479364,-1.8078907675838713,-1.5437313396899157
1077903.2448,0.24135492595346725,-0.15014583312326207,-0.028527856498334458,-0.14055230129685875,-1.8058824778058427,-1.5431824621892505
1077903.249,0.24145520395536285,-0.14775538305775832,-0.025870348383787833,-0.14148044955521635,-1.8037868097124483,-1.5426211743579052
1077903.2529999998,0.24153439637932772,-0.14526331009400847,-0.023101400293426843,-0.14243242311847606,-1.801588396864199,-1.5421018046821178
1077903.2572,0.2415974899945031,-0.14267007362730066,-0.02023828490751525,-0.14342249653008074,-1.7993379192166383,-1.541587495012402
1077903.2612,0.2416390885707301,-0.13997825692389215,-0.017272082508936436,-0.14444489405941624,-1.7969906622950642,-1.5410498027883148
1077903.2651999998,0.2416569250921309,-0.13719247557484726,-0.01421835927426191,-0.145486353164254,-1.7945663068599327,-1.5405310722711891
1077903.2692000002,0.24165520402427645,-0.13431579055094386,-0.011075597617789248,-0.14655462364336613,-1.7920871435695667,-1.5400504515892623
1077903.2732000002,0.24164925851714286,-0.13135313202915003,-0.007852149774457483,-0.14765672625517634,-1.789518737751073,-1.5395984598890542
1077903.2772,0.24163295664232018,-0.12829267723870139,-0.004550484057672248,-0.14879166564322724,-1.7868713958378684,-1.539119037629618
1077903.2811999999,0.24160821587579334,-0.1251456264364575,-0.001174397162470022,-0.1499659665521895,-1.7841604310062222,-1.53864960222427
1077903.2852,0.24155031542474367,-0.12191707291800306,0.002265668640910535,-0.15115857669364605,-1.7813540983759402,-1.5382185696018407
1077903.2894,0.24143661176200273,-0.11859104437470039,0.0057653474067499415,-0.15238174993756262,-1.7784993494770407,-1.5378335031398263
1077903.2936,0.24127688201772252,-0.11517921543897805,0.009323499151258534,-0.15362847884132097,-1.7756147199107108,-1.5374718724954044
1077903.2974,0.24108014432114427,-0.11169356867126579,0.012948098637499747,-0.15489676936305485,-1.772646919823537,-1.5371340238795168
1077903.3014,0.24084889871474133,-0.10814112316551161,0.016633448781335408,-0.1561883825180351,-1.769606601859881,-1.5368390787887907
1077903.3054000002,0.2405827590401556,-0.10453083213640524,0.02036189552951128,-0.15749776561538892,-1.7665236200555614,-1.5365906058590864
1077903.3094,0.24027327641882884,-0.10084736243397052,0.02412679346286977,-0.1588294826474344,-1.763386522817892,-1.5363931857274786
1077903.3133999999,0.23992717200356214,-0.09709118676930095,0.02792567416397551,-0.16018349033780385,-1.7601981330976273,-1.5362455134450337
1077903.3176,0.23955517833354856,-0.09326933921662572,0.03174372962492982,-0.1615492791870455,-1.7569669996418669,-1.5361277218300193
1077903.3213999998,0.23914464872256147,-0.08937957606272642,0.03557564267816879,-0.16292284113771888,-1.7536827627539704,-1.5360541120574898
1077903.3258000002,0.23869920506968345,-0.08544203912782247,0.03944078157883894,-0.16431145327750254,-1.7503845442703507,-1.5360207692806418
1077903.3295999998,0.23822061504808806,-0.08147062678385272,0.04332870382263472,-0.16570156011644804,-1.7470003056835215,-1.5360173071712249
1077903.3336,0.23770672482624366,-0.07746693859194687,0.047236174501069525,-0.1671047031289295,-1.7436003810778717,-1.5360199969639257
1077903.3376000002,0.23716580351933492,-0.07342202133741524,0.051165482268205144,-0.16851636159899638,-1.7401866080345538,-1.5360308093979516
1077903.3418,0.2365917158700006,-0.06933284401004217,0.05509365153397474,-0.16992351599786973,-1.7367263894618248,-1.5360513956331778
1077903.3458,0.23598981816098313,-0.06520052264077197,0.05900795904627047,-0.17134144288335246,-1.7332697395249563,-1.536091689260471
1077903.3498,0.23536971108801233,-0.06103864101563975,0.06293840448253425,-0.17274809793952142,-1.7297952464087847,-1.5361369363673911
1077903.354,0.23474825246078823,-0.05685886294798218,0.06688100308798503,-0.1741642737965874,-1.7262955331570897,-1.536216671410428
1077903.3577999999,0.23411951674588552,-0.05267621116306086,0.07081733494249573,-0.17558471404034887,-1.7227803735710723,-1.536370522226602
1077903.3618,0.23347640329004773,-0.048496591220593015,0.07476941939485425,-0.17701340675453822,-1.7192486224914636,-1.536558701189227
1077903.3658000003,0.2328231099009431,-0.04431121968240845,0.07873252267622297,-0.17843235229913787,-1.7157184693085092,-1.5367578257439323
1077903.3699999999,0.23216790569375637,-0.04011114832724449,0.08268385478557352,-0.17984801216874266,-1.7121931630787386,-1.5369760185320425
1077903.3738000002,0.23150408283149188,-0.03588407418310279,0.08662227056363722,-0.18125517988342144,-1.7086540616745214,-1.5372176471377452
1077903.3781999997,0.23083661143853393,-0.031654439659244346,0.09056467775438465,-0.18267286042650333,-1.705108009419859,-1.5374849219847455
1077903.3822,0.23016798157050183,-0.027449734403783642,0.09450708494513209,-0.1840942893688195,-1.7015641143256797,-1.5377483885113872
1077903.3862,0.22950013067708858,-0.023245028316085097,0.09844702371844416,-0.1855277591282142,-1.6980212578643255,-1.5380237859997123
1077903.3901999998,0.22883514601079852,-0.01903952411229737,0.10238050765506415,-0.18693591554144767,-1.6944691868655997,-1.538310581817503
1077903.3944,0.22816518123326998,-0.014831782645134517,0.10631208909598042,-0.18834632565475365,-1.6909395130516411,-1.5385924507872768
1077903.3982000002,0.2274816077025712,-0.010617170014299796,0.11023532485583062,-0.18974896599557928,-1.687403953651674,-1.5388762904962576
1077903.4022,0.2267924681651941,-0.0063988822211607675,0.1141697558791133,-0.19115937610888528,-1.68384780801648,-1.5391748841176773
1077903.4061999999,0.22610772284361563,-0.0021925790170311504,0.11811444340154412,-0.192567525864216,-1.6802998116542223,-1.5394756881628016
1077903.4104,0.2254331607842554,0.002007492598207141,0.12207070735233835,-0.1939947405240004,-1.6767541056105013,-1.539777877051693
1077903.4144,0.22476933792199089,0.006208842582783536,0.1260273491391123,-0.19540439496534703,-1.673220410423297,-1.5400923164815987
1077903.4184,0.22411585145370724,0.01041690383733666,0.12997203333259172,-0.1968253345518129,-1.669685357023937,-1.5403871816774921
1077903.4224,0.22346046415419557,0.014631676049777326,0.1338914740878886,-0.19822671987797486,-1.6661696648057016,-1.540666414117787
1077903.4264,0.2227951066453529,0.018843571632121782,0.13780065335061026,-0.19964164404932855,-1.6626254767638025,-1.54093643202071
1077903.4304000002,0.2221259041976864,0.023037890559331177,0.14172521403310281,-0.20106133195008208,-1.6591041652756668,-1.541219419518142
1077903.4344,0.22145669842106858,0.0272242212516271,0.1456689528043953,-0.2024739857766064,-1.6555620811310288,-1.5415020874362433
1077903.4386,0.2207813640449922,0.031408314888607354,0.14961685942279374,-0.20387938248916027,-1.6520361623742073,-1.5417835303002425
1077903.4424,0.2201102441213409,0.0355971993027173,0.15356970953396562,-0.20529781537525013,-1.6485120013037053,-1.5420588745253458
1077903.4467999998,0.2194456522713116,0.03981261129799797,0.15752426406823522,-0.20670071537428206,-1.6449693845268496,-1.5423311561151956
1077903.4506,0.2187854679528864,0.044046877641558554,0.16145945076347715,-0.20811914160246917,-1.641441548294043,-1.5425965401178219
1077903.4545999998,0.21812930833665858,0.04826676125075703,0.16538174443009176,-0.2095433269165136,-1.6379083324758348,-1.5428664781259127
1077903.4586,0.21748101170354922,0.05245341277074052,0.16930763003522661,-0.2109529846868116,-1.6343796173998695,-1.5431392124531473
1077903.4628,0.21682484542941868,0.05663431019829375,0.1732504233843321,-0.21237844498922787,-1.6308478663202606,-1.5434049426667156
1077903.467,0.21615928152559155,0.060825273542529645,0.17719871283213728,-0.21377956732823217,-1.6273194708236258,-1.543677597099118
1077903.4708,0.215487415916835,0.06503269605454007,0.18114073719347804,-0.21519223779951333,-1.6237814080522337,-1.543952195639116
1077903.4748,0.21480880918156914,0.06926648136462876,0.18509225905305626,-0.21661717878551703,-1.6202433985440632,-1.5442229325955332
1077903.4788000002,0.21413616126924243,0.07349947105534178,0.18904567841491118,-0.21804839484483923,-1.6167095701988043,-1.5444967321872045
1077903.4827999999,0.21347175916944078,0.07771344744034733,0.19300630162751475,-0.21946458068875932,-1.6131572328839696,-1.544762888506547
1077903.4868,0.2128200037558657,0.08191847061066315,0.19695250382281554,-0.22088351291755354,-1.6096288107557235,-1.5450205759736229
1077903.4910000002,0.21217439025755463,0.08611246995854174,0.20089225118142426,-0.22228214187198728,-1.6061240374979573,-1.5452733099610714
1077903.4948,0.21152934268097517,0.09031653605534082,0.20483731487535906,-0.22371711631739782,-1.6025956952645442,-1.5455449257606486
1077903.4992,0.2108697442579898,0.09454041607065011,0.2087717558854958,-0.22513629488859288,-1.5990532382773535,-1.5458152632429025
1077903.5029999998,0.21019439656610794,0.09876253507068858,0.212702005745867,-0.22656300354777015,-1.595500714541242,-1.5460890628345738
1077903.5072,0.20951638238418466,0.10297650979121845,0.21664954950856696,-0.22798520480680243,-1.5919725587291054,-1.5463540739946475
1077903.5112,0.2088483284247383,0.1071844141689386,0.22062214030131905,-0.2294053787344549,-1.5884428849151468,-1.5466228402118583
1077903.5151999998,0.208186233288231,0.11138975858306092,0.22459415851443681,-0.23081428083279362,-1.5849081510951177,-1.5468789564138912
1077903.5192000002,0.20752682461547325,0.11559829879049136,0.22854092996042064,-0.23223948480595497,-1.5813685436902933,-1.5471393603052792
1077903.5232000002,0.20687199325083916,0.1198196255001055,0.23248277122943645,-0.23366042106346946,-1.5778278976526436,-1.5473979532471258
1077903.5272,0.20621755137351444,0.12403998847830018,0.23641587067217404,-0.23508861776390583,-1.5743037898453638,-1.5476486898637567
1077903.5311999999,0.20556140174414073,0.12824644975560467,0.24034404659584635,-0.23650280623700834,-1.570764475388259,-1.5479133814444999
1077903.5352,0.20490044178004804,0.1324386914171638,0.24428853771014677,-0.23792022712188393,-1.5672447085335564,-1.5481875272471126
1077903.5394,0.20423124599028428,0.13664115628835746,0.24825259307160522,-0.23934041769429318,-1.5637048614442335,-1.548447558295948
1077903.5434,0.20356531257285587,0.14085594160854412,0.25222307996709614,-0.24076135062285636,-1.5601553204485432,-1.5487075094499505
1077903.5474,0.2029014763947859,0.14507981163699932,0.25618334032400125,-0.24218329222368234,-1.5566243949488727,-1.5489675671303966
1077903.5514,0.2022359291357156,0.14931327903223285,0.26011986858664227,-0.24360397548089327,-1.5530745876370733,-1.5492248551233092
1077903.5554000002,0.2015690136776352,0.15354194940855292,0.2640615134475277,-0.24502140635262296,-1.549515672314346,-1.5494782815326413
1077903.5595999998,0.20090671880404615,0.15774585904463798,0.26800107438486015,-0.24644359096689844,-1.5459796335453824,-1.5497391914246363
1077903.5633999999,0.2002486483697362,0.1619293122745998,0.2719438510892088,-0.24785926082335735,-1.542459041110741,-1.55001070069777
1077903.5676000002,0.19958961586848248,0.1661249161770352,0.2758982192022021,-0.2492769513532933,-1.5389233485527194,-1.5502814376541874
1077903.5713999998,0.19892788358767363,0.1703564660962839,0.2798474574011456,-0.2507089130977207,-1.5353658979685911,-1.5505467950252028
1077903.5756,0.19826386431727877,0.17459791631688498,0.28379992135395943,-0.2521298493552352,-1.5318240268768406,-1.550814922083752
1077903.5795999998,0.19759793422880173,0.17883586448065258,0.2877575252076771,-0.2535540346692796,-1.5282843928404053,-1.551079107663888
1077903.5836,0.19693563602626124,0.1830544647791008,0.29169746564546484,-0.2549564286677045,-1.5247560506069922,-1.5513406300829335
1077903.5876000002,0.19626873388398633,0.18725230240790042,0.2956459415145463,-0.2563710931808518,-1.5212194525741993,-1.551604442820517
1077903.5918,0.19559666520919666,0.191438791641505,0.2995955825166047,-0.25779555812681065,-1.517674252531086,-1.5518655923970097
1077903.5958,0.19492956998774272,0.1956450981225711,0.30354271348933565,-0.25922752652914083,-1.5141491327225918,-1.5521340390348901
1077903.5998,0.19426343017532982,0.1998744076575528,0.30747564315555376,-0.2606409293697217,-1.5106052376284125,-1.5523967332448154
1077903.6038000002,0.19360267660622163,0.20411155354404203,0.3114075941100713,-0.2620593789005684,-1.5070707434928812,-1.5526617177732782
1077903.6077999999,0.192944792593188,0.20833862602370803,0.31536520462169176,-0.2634665199836363,-1.5035252771336585,-1.5529175676592022
1077903.6120000002,0.19229247458683263,0.2125497295236877,0.319320518156872,-0.26488469986942265,-1.4999874007835428,-1.5531706478575924
1077903.6158000003,0.19163765653800396,0.2167529966721597,0.323273002083394,-0.26629812601266306,-1.4964292844091425,-1.5534230356340992
1077903.6198,0.1909830215815002,0.22095850087594746,0.3272366513127861,-0.26773860654362736,-1.4928861083684573,-1.553667700243445
1077903.6238000002,0.19031995772014637,0.22517662846330216,0.3311809460189562,-0.2691459972980475,-1.4893417072736708,-1.5539318858235807
1077903.6279999998,0.18964539233183478,0.22940130409798706,0.33511159202453955,-0.2705621698261621,-1.4858007949199126,-1.5541987611964174
1077903.632,0.18896909921776595,0.23361016055579698,0.3390348277843898,-0.27197159456986475,-1.4822747163734258,-1.5544753038440113
1077903.6364,0.18829702055612219,0.23780544820785282,0.34296547378997316,-0.27339653222691707,-1.478741447291996,-1.5547483843821879
1077903.6401999998,0.18763550465715192,0.2419995973585428,0.34692096708852704,-0.2748202415009166,-1.4751937705090685,-1.5550138216480363
1077903.6442000002,0.18698104946402178,0.24620638320860508,0.3508891969549941,-0.27624970320287073,-1.4716383705589802,-1.555273000485323
1077903.6482000002,0.18633199715895313,0.25043058613219654,0.35483958364215773,-0.27765709728624216,-1.4681158073851321,-1.5555340967985942
1077903.6522,0.18567641678026242,0.2546586206788063,0.35877134817539885,-0.27908255093075574,-1.4645789430362308,-1.5557941278474297
1077903.6561999999,0.18500701792446553,0.2588769080558264,0.36271071603355226,-0.28049297435986714,-1.4610303874101438,-1.5560599645874411
1077903.6604,0.18433360102437404,0.26307090407475364,0.3666451637015918,-0.28191640067300083,-1.4574926442180824,-1.556327106276387
1077903.6644,0.18365883257002927,0.26726027285128684,0.37058186839865503,-0.28334033298674177,-1.4539596947159832,-1.5565922772261263
1077903.6684,0.18298734313277673,0.2714595419291725,0.3745411567017622,-0.2847665223295064,-1.450428769216313,-1.556859498809905
1077903.6724,0.18232370336283715,0.27568135133673416,0.37850786190850527,-0.28619075424886986,-1.4468878302309434,-1.557116413960265
1077903.6764,0.18166735066743028,0.2799224919648585,0.3824498929277488,-0.28760541876201723,-1.4433487554583373,-1.5573549266674922
1077903.6805999998,0.1810090804960386,0.28415897539002666,0.3863725561079646,-0.2890108021587657,-1.4398185490121609,-1.5576035061236402
1077903.6844,0.18035292087981078,0.2883646593571879,0.39030376803527966,-0.29044201156018523,-1.436274520759927,-1.5578549884253765
1077903.6883999999,0.1796986654237624,0.2925508290114617,0.3942505527970689,-0.29187523164822765,-1.4327368308310873,-1.5581120367337908
1077903.6924,0.17903274199318808,0.29673970177424186,0.39820395551416704,-0.2932831450480117,-1.429187289835397,-1.5583762223139268
1077903.6966,0.1783585527763804,0.3009460115842594,0.4021556671239729,-0.29470307596221473,-1.4256466970609696,-1.5586435237925378
1077903.7006,0.17768532562651657,0.30517372655153835,0.4060910535562966,-0.29610621564574474,-1.4221266372585464,-1.5589100529544333
1077903.7045999998,0.17701536084898803,0.3094111820305043,0.41002073416598483,-0.29752589355964415,-1.4186061779819599,-1.5591712025309263
1077903.7086,0.17634480684706838,0.3136337837284904,0.4139561272562113,-0.29895110419070825,-1.4150709115297122,-1.5594336037931318
1077903.7128,0.17568061114225125,0.3178335421622262,0.41789339121710345,-0.3003783388242008,-1.4115098923097236,-1.559686710623133
1077903.7166,0.1750229135504939,0.32202850690599993,0.4218487114101864,-0.3017919780203285,-1.4079982747279562,-1.5599362221856625
1077903.7208,0.17437633465628766,0.326226008310712,0.4258180598043114,-0.3032126612775395,-1.404466363858682,-1.5601989696588094
1077903.7248,0.1737221025028988,0.33043853660187483,0.42976257422127134,-0.3046115665349362,-1.400930484879384,-1.5604796668377041
1077903.7288000002,0.17305309313441133,0.33466371490821556,0.4336846648218529,-0.30603924059000864,-1.3973952184271365,-1.5607538659035387
1077903.7327999999,0.17237620746699997,0.3388784869125967,0.4376058166581501,-0.3074579397922075,-1.3938660772453961,-1.5610296096028056
1077903.7368,0.17170798040208277,0.3430822267721622,0.4415504908647755,-0.30888386281886315,-1.390336376799827,-1.5612950468686535
1077903.741,0.17104375806565475,0.34728101315210025,0.44549461246547467,-0.31029929299082387,-1.3868018826642954,-1.56156043087128
1077903.7448,0.1703828114173675,0.351483488010148,0.44944023209428696,-0.3117059613627983,-1.3832642992618998,-1.5618208347626679
1077903.749,0.1697230199152031,0.35569826667243193,0.45339764286882567,-0.31311737016151303,-1.37971861984979,-1.562075539489323
