0.7234263061098296,-0.7066303607334228,0.46097090706566735,-2.760097691065181,1.7520151218864874,-1.4145733804939167
0.7200118701656479,-0.7040561863046879,0.4628381995673707,-2.758192765080475,1.750219596979673,-1.415365889988479
0.7165974342214663,-0.7014820118759532,0.4647054920690741,-2.7562878390957692,1.7484240720728585,-1.4161583994830411
0.7131829982772846,-0.6989078374472183,0.46657278457077744,-2.7543829131110633,1.746628547166044,-1.4169509089776033
0.7097685623331029,-0.6963336630184835,0.4684400770724808,-2.7524779871263574,1.7448330222592296,-1.4177434184721656
0.7063541263889213,-0.6937594885897487,0.4703073695741842,-2.7505730611416515,1.7430374973524152,-1.4185359279667278
0.7029396904447396,-0.6911853141610139,0.47217466207588754,-2.7486681351569455,1.7412419724456007,-1.41932843746129
0.6995252545005579,-0.688611139732279,0.4740419545775909,-2.7467632091722396,1.7394464475387863,-1.4201209469558522
0.6961108185563762,-0.6860369653035443,0.4759092470792943,-2.7448582831875337,1.7376509226319719,-1.4209134564504144
0.6926963826121946,-0.6834627908748094,0.47777653958099764,-2.7429533572028277,1.7358553977251574,-1.4217059659449767
0.6892819466680129,-0.6808886164460747,0.479643832082701,-2.741048431218122,1.734059872818343,-1.422498475439539
0.6858675107238312,-0.6783144420173398,0.48151112458440437,-2.739143505233416,1.7322643479115285,-1.4232909849341011
0.6824530747796496,-0.6757402675886051,0.48337841708610774,-2.73723857924871,1.730468823004714,-1.4240834944286633
0.6790386388354679,-0.6731660931598702,0.4852457095878111,-2.735333653264004,1.7286732980978996,-1.4248760039232256
0.6756242028912862,-0.6705919187311354,0.48711300208951447,-2.733428727279298,1.7268777731910852,-1.4256685134177878
0.6722097669471045,-0.6680177443024006,0.48898029459121783,-2.731523801294592,1.7250822482842707,-1.42646102291235
0.6687953310029229,-0.6654435698736658,0.4908475870929212,-2.7296188753098862,1.7232867233774563,-1.4272535324069122
0.6653808950587412,-0.662869395444931,0.49271487959462457,-2.7277139493251803,1.7214911984706418,-1.4280460419014744
0.6619664591145595,-0.6602952210161962,0.49458217209632793,-2.7258090233404744,1.7196956735638274,-1.4288385513960367
0.6585520231703779,-0.6577210465874613,0.4964494645980313,-2.7239040973557684,1.717900148657013,-1.4296310608905989
0.6551375872261962,-0.6551468721587266,0.49831675709973466,-2.7219991713710625,1.7161046237501985,-1.430423570385161
0.6517231512820145,-0.6525726977299917,0.500184049601438,-2.7200942453863566,1.714309098843384,-1.4312160798797233
0.6483087153378329,-0.649998523301257,0.5020513421031414,-2.7181893194016506,1.7125135739365696,-1.4320085893742855
0.6448942793936512,-0.6474243488725221,0.5039186346048448,-2.7162843934169447,1.710718049029755,-1.4328010988688478
0.6414798434494695,-0.6448501744437873,0.5057859271065481,-2.714379467432239,1.7089225241229407,-1.43359360836341
0.6380654075052878,-0.6422760000150525,0.5076532196082515,-2.712474541447533,1.7071269992161262,-1.4343861178579722
0.6346509715611062,-0.6397018255863177,0.5095205121099549,-2.710569615462827,1.7053314743093118,-1.4351786273525344
0.6312365356169245,-0.6371276511575829,0.5113878046116582,-2.708664689478121,1.7035359494024973,-1.4359711368470967
0.6278220996727428,-0.6345534767288481,0.5132550971133616,-2.706759763493415,1.7017404244956829,-1.4367636463416589
0.6244076637285612,-0.6319793023001132,0.515122389615065,-2.704854837508709,1.6999448995888684,-1.437556155836221
0.6209932277843795,-0.6294051278713785,0.5169896821167683,-2.702949911524003,1.698149374682054,-1.4383486653307833
0.6175787918401978,-0.6268309534426436,0.5188569746184717,-2.7010449855392973,1.6963538497752395,-1.4391411748253455
0.6141643558960161,-0.6242567790139089,0.520724267120175,-2.6991400595545914,1.694558324868425,-1.4399336843199078
0.6107499199518345,-0.621682604585174,0.5225915596218784,-2.6972351335698854,1.6927627999616106,-1.44072619381447
0.6073354840076528,-0.6191084301564392,0.5244588521235818,-2.6953302075851795,1.6909672750547962,-1.4415187033090322
0.6039210480634711,-0.6165342557277044,0.5263261446252852,-2.6934252816004736,1.6891717501479817,-1.4423112128035944
0.6005066121192895,-0.6139600812989696,0.5281934371269885,-2.6915203556157676,1.6873762252411673,-1.4431037222981566
0.5970921761751078,-0.6113859068702348,0.5300607296286919,-2.6896154296310617,1.6855807003343528,-1.4438962317927189
0.5936777402309261,-0.6088117324415,0.5319280221303953,-2.6877105036463558,1.6837851754275384,-1.444688741287281
0.5902633042867445,-0.6062375580127651,0.5337953146320986,-2.68580557766165,1.681989650520724,-1.4454812507818433
0.5868488683425628,-0.6036633835840304,0.535662607133802,-2.683900651676944,1.6801941256139095,-1.4462737602764055
0.5834344323983811,-0.6010892091552955,0.5375298996355053,-2.681995725692238,1.678398600707095,-1.4470662697709678
0.5800199964541994,-0.5985150347265608,0.5393971921372087,-2.680090799707532,1.6766030758002806,-1.44785877926553
0.5766055605100178,-0.5959408602978259,0.5412644846389121,-2.678185873722826,1.6748075508934661,-1.4486512887600922
0.5731911245658361,-0.5933666858690911,0.5431317771406154,-2.67628094773812,1.6730120259866517,-1.4494437982546544
0.5697766886216544,-0.5907925114403563,0.5449990696423188,-2.6743760217534143,1.6712165010798372,-1.4502363077492166
0.5663622526774728,-0.5882183370116215,0.5468663621440222,-2.6724710957687083,1.6694209761730228,-1.4510288172437789
0.5629478167332911,-0.5856441625828867,0.5487336546457255,-2.6705661697840024,1.6676254512662083,-1.451821326738341
0.5595333807891094,-0.5830699881541519,0.5506009471474289,-2.6686612437992965,1.6658299263593939,-1.4526138362329033
0.5561189448449277,-0.580495813725417,0.5524682396491323,-2.6667563178145905,1.6640344014525794,-1.4534063457274655
0.5527045089007461,-0.5779216392966823,0.5543355321508356,-2.6648513918298846,1.662238876545765,-1.4541988552220277
0.5492900729565644,-0.5753474648679474,0.556202824652539,-2.6629464658451787,1.6604433516389505,-1.45499136471659
0.5458756370123827,-0.5727732904392127,0.5580701171542424,-2.6610415398604728,1.658647826732136,-1.4557838742111522
0.5424612010682011,-0.5701991160104778,0.5599374096559457,-2.659136613875767,1.6568523018253216,-1.4565763837057144
0.5390467651240194,-0.567624941581743,0.5618047021576491,-2.657231687891061,1.6550567769185072,-1.4573688932002766
0.5356323291798377,-0.5650507671530082,0.5636719946593525,-2.655326761906355,1.6532612520116927,-1.4581614026948388
0.532217893235656,-0.5624765927242734,0.5655392871610558,-2.653421835921649,1.6514657271048783,-1.458953912189401
0.5288034572914744,-0.5599024182955386,0.5674065796627592,-2.651516909936943,1.6496702021980638,-1.4597464216839633
0.5253890213472927,-0.5573282438668038,0.5692738721644626,-2.649611983952237,1.6478746772912494,-1.4605389311785255
0.521974585403111,-0.5547540694380689,0.5711411646661659,-2.6477070579675313,1.646079152384435,-1.4613314406730877
0.5185601494589294,-0.5521798950093342,0.5730084571678693,-2.6458021319828253,1.6442836274776205,-1.46212395016765
0.5151457135147477,-0.5496057205805993,0.5748757496695727,-2.6438972059981194,1.642488102570806,-1.4629164596622122
0.511731277570566,-0.5470315461518646,0.576743042171276,-2.6419922800134135,1.6406925776639916,-1.4637089691567744
0.5083168416263844,-0.5444573717231297,0.5786103346729794,-2.6400873540287075,1.6388970527571771,-1.4645014786513366
0.5049024056822027,-0.5418831972943949,0.5804776271746828,-2.6381824280440016,1.6371015278503627,-1.4652939881458988
0.501487969738021,-0.5393090228656601,0.5823449196763861,-2.6362775020592957,1.6353060029435482,-1.466086497640461
0.49807353379383934,-0.5367348484369253,0.5842122121780895,-2.6343725760745897,1.6335104780367338,-1.4668790071350233
0.49465909784965767,-0.5341606740081905,0.5860795046797929,-2.632467650089884,1.6317149531299193,-1.4676715166295855
0.491244661905476,-0.5315864995794557,0.5879467971814962,-2.630562724105178,1.6299194282231049,-1.4684640261241477
0.48783022596129433,-0.5290123251507208,0.5898140896831996,-2.628657798120472,1.6281239033162904,-1.46925653561871
0.48441579001711266,-0.5264381507219861,0.591681382184903,-2.626752872135766,1.626328378409476,-1.4700490451132722
0.481001354072931,-0.5238639762932512,0.5935486746866063,-2.62484794615106,1.6245328535026615,-1.4708415546078344
0.4775869181287493,-0.5212898018645165,0.5954159671883097,-2.622943020166354,1.622737328595847,-1.4716340641023966
0.47417248218456765,-0.5187156274357816,0.5972832596900131,-2.6210380941816482,1.6209418036890326,-1.4724265735969588
0.4707580462403859,-0.5161414530070468,0.5991505521917164,-2.6191331681969423,1.6191462787822182,-1.473219083091521
0.46734361029620425,-0.513567278578312,0.6010178446934198,-2.6172282422122364,1.6173507538754037,-1.4740115925860833
0.4639291743520226,-0.5109931041495772,0.6028851371951232,-2.6153233162275304,1.6155552289685893,-1.4748041020806455
0.4605147384078409,-0.5084189297208423,0.6047524296968265,-2.6134183902428245,1.6137597040617748,-1.4755966115752077
0.45710030246365924,-0.5058447552921076,0.6066197221985299,-2.6115134642581186,1.6119641791549604,-1.47638912106977
0.45368586651947757,-0.5032705808633727,0.6084870147002333,-2.6096085382734127,1.610168654248146,-1.4771816305643322
0.4502714305752959,-0.500696406434638,0.6103543072019366,-2.6077036122887067,1.6083731293413315,-1.4779741400588944
0.4468569946311142,-0.4981222320059031,0.61222159970364,-2.605798686304001,1.606577604434517,-1.4787666495534566
0.44344255868693255,-0.49554805757716835,0.6140888922053434,-2.603893760319295,1.6047820795277026,-1.4795591590480188
0.4400281227427509,-0.4929738831484335,0.6159561847070467,-2.601988834334589,1.6029865546208881,-1.480351668542581
0.4366136867985692,-0.49039970871969873,0.6178234772087501,-2.600083908349883,1.6011910297140737,-1.4811441780371433
0.43319925085438754,-0.48782553429096387,0.6196907697104534,-2.598178982365177,1.5993955048072592,-1.4819366875317055
0.42978481491020587,-0.4852513598622291,0.6215580622121568,-2.596274056380471,1.5975999799004448,-1.4827291970262677
0.4263703789660242,-0.48267718543349425,0.6234253547138602,-2.594369130395765,1.5958044549936303,-1.48352170652083
0.42295594302184253,-0.4801030110047595,0.6252926472155635,-2.5924642044110593,1.5940089300868159,-1.4843142160153922
0.41954150707766086,-0.47752883657602463,0.6271599397172669,-2.5905592784263534,1.5922134051800014,-1.4851067255099544
0.4161270711334792,-0.4749546621472899,0.6290272322189703,-2.5886543524416474,1.590417880273187,-1.4858992350045166
0.4127126351892975,-0.472380487718555,0.6308945247206736,-2.5867494264569415,1.5886223553663725,-1.4866917444990788
0.40929819924511585,-0.46980631328982025,0.632761817222377,-2.5848445004722356,1.586826830459558,-1.487484253993641
0.4058837633009342,-0.4672321388610854,0.6346291097240804,-2.5829395744875296,1.5850313055527436,-1.4882767634882033
0.4024693273567525,-0.46465796443235063,0.6364964022257837,-2.5810346485028237,1.5832357806459292,-1.4890692729827655
0.39905489141257083,-0.46208379000361577,0.6383636947274871,-2.579129722518118,1.5814402557391147,-1.4898617824773277
0.39564045546838916,-0.45950961557488096,0.6402309872291905,-2.577224796533412,1.5796447308323003,-1.49065429197189
0.3922260195242075,-0.45693544114614615,0.6420982797308938,-2.575319870548706,1.5778492059254858,-1.4914468014664521
0.3888115835800258,-0.45436126671741134,0.6439655722325972,-2.573414944564,1.5760536810186714,-1.4922393109610144
0.38539714763584415,-0.45178709228867653,0.6458328647343006,-2.571510018579294,1.574258156111857,-1.4930318204555766
0.3819827116916625,-0.4492129178599417,0.6477001572360039,-2.569605092594588,1.5724626312050425,-1.4938243299501388
0.3785682757474808,-0.4466387434312069,0.6495674497377073,-2.567700166609882,1.570667106298228,-1.494616839444701
0.3754962789190788,-0.4440298010034155,0.6511889659796445,-2.565185003435841,1.5693792520118026,-1.4949081593281124
0.3727135922009312,-0.441406204738998,0.6526668922796613,-2.5622230620253994,1.5684309107326315,-1.4948665155692014
0.3701688518300106,-0.4387750131426652,0.654080439032844,-2.558932001044882,1.567692662231185,-1.4946182801369308
0.3678159572627137,-0.4361394838142315,0.6554817841512623,-2.555407036702154,1.567070310247836,-1.49425460160985
0.365614139003932,-0.4335001786301093,0.6569031035528667,-2.5517248541459034,1.566496737166981,-1.4938396930595526
0.3635286627952692,-0.430855937627923,0.6583620788281667,-2.547945703480609,1.5659259691350156,-1.4934169158939157
0.3615313259401933,-0.4282046906303465,0.6598663063774483,-2.544115114842113,1.565328400551635,-1.493013668382685
0.3596004419839207,-0.425544076384053,0.6614167746901266,-2.540265780452735,1.564686769207379,-1.4926454696307931
0.3577203111000036,-0.422871861896684,0.6630105042484934,-2.536419689102149,1.563992754336318,-1.4923193663146892
0.3558731679379319,-0.4201756190825157,0.6646489144956124,-2.5325754228553934,1.5632411228627698,-1.4920356798772507
0.3540667846925671,-0.4174749961710858,0.6663133441100153,-2.528770383184771,1.5624394506487704,-1.4917944357146096
0.3522900685547743,-0.4147585153596701,0.6680042631536571,-2.5249927015666547,1.5615887724566535,-1.491590363339086
0.3505409733053093,-0.4120255564818194,0.6697161974722515,-2.521243182024389,1.560693858501008,-1.4914186582497326
0.3488182965373396,-0.4092757343991213,0.6714441956692632,-2.5175216710382613,1.559759524203592,-1.4912745634348916
0.3471209575867851,-0.4065087740438397,0.673183799432204,-2.5138281362695647,1.5587900863920423,-1.4911538378027178
0.3454474793726525,-0.403724396934054,0.6749309207636038,-2.510163412654696,1.5577890667624534,-1.491052992976606
0.3437956670529682,-0.4009222314453864,0.6766816828511286,-2.50652964719674,1.5567590805722855,-1.4909693624708236
0.3421624643494569,-0.3981017530217821,0.6784322646672536,-2.5029304831015806,1.5557018580899715,-1.4909010563174718
0.340543960342645,-0.3952622566839274,0.6801787756626139,-2.4993710285792776,1.5546183552492523,-1.490846843795663
0.3389292209224965,-0.3923916064278483,0.6819239711964726,-2.495843980232429,1.5535045163509265,-1.4908058630731886
0.337325686984214,-0.3895111959948237,0.6836499823353388,-2.492384239906153,1.5523689690830311,-1.4907780402864963
0.3357216242756147,-0.3866087248581559,0.6853592623995064,-2.488985811469869,1.5512071142601107,-1.4907629669808151
0.3341116561735719,-0.3836830341455473,0.6870473278963529,-2.485656697155249,1.5500186103903346,-1.4907604445820477
0.3324907191915069,-0.3807330038017885,0.688709685903321,-2.4824046042163346,1.5488032313963689,-1.4907701787902894
0.3308543142517626,-0.3777576233614886,0.6903419451357695,-2.479236559901493,1.5475609932555083,-1.4907916901073337
0.3291987131934895,-0.3747560564442402,0.6919399342866696,-2.476158585706976,1.546292245732412,-1.4908242553936315
0.3275211099590251,-0.3717276944253991,0.6934998166113112,-2.473175446724992,1.5449977286246608,-1.4908668788990844
0.3258197118047239,-0.3686721960703556,0.6950181914585805,-2.4702904843283964,1.5436785944000992,-1.4909182895336253
0.3240937708109968,-0.3655895114138768,0.6964921757038004,-2.46750553362501,1.5423364010249634,-1.490976959887416
0.3223366502352449,-0.3624676426998944,0.6979249634640725,-2.464810590011755,1.5409676946324538,-1.4910414021304863
0.320563306548205,-0.3593315230912323,0.6993036525848012,-2.462225589466964,1.5395854291612832,-1.4911091854178489
0.3187689899659669,-0.3561698242011562,0.7006328391955712,-2.459737382194428,1.5381868087219608,-1.491178512155651
0.3169564704098742,-0.3529836000981396,0.701912016537451,-2.4573424085539326,1.536774527277814,-1.491247281187401
0.3151290667338204,-0.3497741058445396,0.7031412219361328,-2.4550361823150584,1.5353513862540833,-1.4913133856088785
0.3132904855239227,-0.346542753266115,0.7043209767584494,-2.4528135146842662,1.5339202202748816,-1.491374764273106
0.3114446618215531,-0.3432910645120373,0.7054522138816968,-2.450668742416476,1.532483828070912,-1.4914294468772142
0.3095956093020533,-0.3400206260739615,0.7065361976141823,-2.4485959482457926,1.5310449115301363,-1.4914755911830166
0.3077472859515715,-0.3367330454221428,0.7075744408967173,-2.446589164045528,1.5296060247559176,-1.4915115115118414
0.3059034796264508,-0.3334299121701779,0.708568624211894,-2.444642549008799,1.5281695344010455,-1.491535698281892
0.3040677162722269,-0.3301127651009148,0.7095205200348449,-2.4427505375066447,1.526737591748066,-1.4915468288310785
0.3022360631225211,-0.3267699852479181,0.7104354226429621,-2.440900818588781,1.5253065413369304,-1.4915437289167015
0.3004256610258538,-0.3234290576503827,0.7113079565504906,-2.4391031220314776,1.5238892507622304,-1.491525472213659
0.298631757053466,-0.3200782046813504,0.7121434651077913,-2.4373459392974333,1.5224815649049102,-1.4914913027310022
0.2968563810034035,-0.3167185689774913,0.7129435335570978,-2.435625610818972,1.5210847125382356,-1.491440607547063
0.2951011825595568,-0.3133511800831555,0.7137096224461233,-2.433938993801732,1.5196997216200885,-1.4913729144922256
0.2933674610277506,-0.3099769600394246,0.7144430603722776,-2.432283426377441,1.5183274435578151,-1.491287871262759
0.2916562048749913,-0.3065967329747428,0.7151450465409502,-2.430656674391411,1.5169685803466566,-1.4911852235618102
0.2899681372867533,-0.3032112374152845,0.7158166612184671,-2.429056866591263,1.5156237130579795,-1.4910647933688737
0.2883037640787531,-0.2998211401423203,0.716458881800338,-2.427482423809188,1.51429333006247,-1.49092645824521
0.2866634207745215,-0.2964270503855923,0.7170726021895386,-2.425931987455373,1.5129778535842269,-1.4907701324611584
0.2850410263277065,-0.293016203821472,0.7176608981509583,-2.4243984046032847,1.5116725953250332,-1.4905950310380405
0.2834493756173819,-0.289615783013589,0.718219963788514,-2.422892540453579,1.5103881115847166,-1.4904024627413277
0.2818821445256712,-0.2862129827890085,0.7187529123383085,-2.4214072922993584,1.5091196254238333,-1.490191715700595
0.2803393581903228,-0.2828083015127777,0.7192604924991894,-2.4199415993067945,1.5078674946397457,-1.489962714518806
0.2788210202477608,-0.2794022289837287,0.7197434489272075,-2.418494384857187,1.5066320904433592,-1.489715366847846
0.27732711944224,-0.275995248940996,0.7202025258856009,-2.4170645466230667,1.5054138008680955,-1.489449561100645
0.2758576292481562,-0.2725878391883281,0.7206384659032414,-2.4156509588769377,1.5042130306876706,-1.4891651664492658
0.2744125018755874,-0.2691804697128259,0.721052003997057,-2.414252485347742,1.5030301983851446,-1.4888620346275094
0.2729916580701421,-0.2657735991944892,0.7214438580941354,-2.41286800021235,1.5018657310323849,-1.488540003098734
0.2715949744112951,-0.262367670513526,0.721814716773919,-2.4114964145307693,1.5007200577953692,-1.4881988990322177
0.270216933511288,-0.2589497578994855,0.7221665609198649,-2.4101313951413808,1.4995892238310784,-1.4878370923200237
0.2688680488095947,-0.2555469618232934,0.7224972323156027,-2.408782674625154,1.4984824778491428,-1.4874572283064331
0.267542557732652,-0.2521462953562674,0.7228086639045265,-2.407444089302538,1.4973957601217638,-1.4870577524959192
0.2662400397280315,-0.2487480934552316,0.7231012950887864,-2.406114968850465,1.496329445226538,-1.486638489950402
0.2649599839212051,-0.2453526575050986,0.7233754788965278,-2.4047947926963924,1.4952838851227397,-1.4861992709485856
0.2637017915965223,-0.2419602558794988,0.7236314796126468,-2.403483191638356,1.4942594101264048,-1.4857399305726735
0.2624647838988854,-0.2385711264686996,0.7238694752022526,-2.4021799389659297,1.493256332540218,-1.4852603065595111
0.2612482145506876,-0.2351854810487068,0.7240895647699483,-2.400884930996125,1.4922749531576156,-1.484760235463571
0.2600512870758102,-0.2318035115240431,0.7242917809311574,-2.399598157428783,1.4913155702309808,-1.4842395471574237
0.2588731757206888,-0.2284253976291212,0.7244761065920597,-2.3983196627388974,1.490378490681143,-1.483698057882028
0.2577130489381996,-0.2250513158465858,0.7246424954335474,-2.397049500372339,1.4894640430273267,-1.4831355620889324
0.2565656448264972,-0.2216682422629535,0.724791441430311,-2.395782750026892,1.4885691414022284,-1.4825494921071076
0.2554391563703542,-0.2183028065546125,0.7249217466316362,-2.394529224418732,1.4877011930744417,-1.481944149032452
0.2543283671165197,-0.2149420094321543,0.7250340368577961,-2.393283727582449,1.4868571360007783,-1.4813169588740662
0.2532326635201363,-0.2115861091568808,0.7251283867351379,-2.392045831368088,1.4860375267154164,-1.480667536459922
0.252151536304992,-0.2082354051654722,0.7252049571390903,-2.3908148679955565,1.4852430106875267,-1.4799954298850075
0.2510845919472007,-0.2048902436212393,0.7252640114711623,-2.3895898959573363,1.4844743312837418,-1.4793001138380943
0.2500315584017647,-0.201551020799919,0.7253059267811964,-2.3883696769741327,1.4837323357820178,-1.4785809847216238
0.2489922845183378,-0.198218184291185,0.7253311989225725,-2.387152665694091,1.483017978052485,-1.4778373578358726
0.2479667330045043,-0.1948922316840203,0.7253404410086589,-2.3859370132409827,1.4823323175823502,-1.4770684669385594
0.2469549669831015,-0.1915737069717091,0.7253343750260932,-2.3847205851974764,1.4816765147530786,-1.4762734663122548
0.2459532452194641,-0.1882502287699683,0.7253137085265059,-2.383496201582886,1.481049435592921,-1.475448157238769
0.2449695950092283,-0.1849483807299301,0.7252794933239426,-2.3822708238809867,1.480457316983237,-1.4745979958162512
0.2440003041409417,-0.1816558041533468,0.725232608189507,-2.3810369317951503,1.4798990465596684,-1.4737187651366073
0.2430455962337585,-0.1783731504603209,0.7251739964498908,-2.379791698230881,1.479376071015027,-1.4728093719774662
0.2421056566483257,-0.1751010709319767,0.7251045772535163,-2.3785322894527883,1.4788898651333726,-1.471868689908128
0.2411805986327768,-0.1718402045103174,0.725025207741735,-2.3772559443772385,1.478441911029294,-1.4708955738527445
0.2402704308875474,-0.1685911660065492,0.7249366450251156,-2.375960054473385,1.4780336770653806,-1.4698888753341786
0.2393750281207547,-0.1653545350944733,0.7248395097921831,-2.374642240751864,1.4776665975559566,-1.4688474577708284
0.2384941061631253,-0.1621308467413087,0.7247342533186674,-2.3733004238057784,1.4773420539692017,-1.46777021111872
0.2376272029829713,-0.1589205835843676,0.7246211298322165,-2.371932883393613,1.477061358821644,-1.4666560651704477
0.236770344757738,-0.1557116635430728,0.724499685748497,-2.370532780653172,1.4768249092190828,-1.465499406975998
0.2359293767498096,-0.1525295223215178,0.7243706746185137,-2.3691101702005546,1.476635696671536,-1.464308310443455
0.2350998898638163,-0.1493619026140579,0.7242332085079201,-2.3676592003678567,1.476493754846707,-1.4630774381315637
0.2342806707007763,-0.1462090529262478,0.7240866309278767,-2.366179868194025,1.4764000378980002,-1.4618059624100217
0.2334703491411773,-0.1430711714948183,0.7239300738547196,-2.364672573225452,1.4763554144203734,-1.4604931199749986
0.2326674258471308,-0.1399484150140528,0.723762482937284,-2.363138067008265,1.4763606793497377,-1.4591382055973956
0.2318703054231108,-0.1368409096216758,0.7235826507831887,-2.3615773849202752,1.4764165704460066,-1.4577405620470658
0.2310773337256597,-0.1337487634487876,0.7233892568257086,-2.3599917632966414,1.4765237886442042,-1.4562995666948535
0.2302868373522684,-0.1306720802003005,0.7231809116748924,-2.358382545749927,1.476683021249208,-1.454814615281118
0.2294971633274078,-0.1276109729821722,0.7229562038883838,-2.3567510833930205,1.4768949667032554,-1.4532851038682224
0.2287067169055248,-0.1245655777401202,0.7227137465160083,-2.355098633913971,1.4771603595047176,-1.451710409784016
0.2279108805200183,-0.1215242164898812,0.7224511564292964,-2.353419668566606,1.4774813551905794,-1.450083426755101
0.227114485488354,-0.1185108668964762,0.7221692706989099,-2.3517280965554064,1.4778563237476046,-1.4484161482618596
0.2263131892121694,-0.1155138869917272,0.7218660315732167,-2.350017836273312,1.4782873844766484,-1.4467015246111707
0.2255059077849754,-0.11253360447984,0.7215405322282106,-2.348288920776882,1.4787756180514735,-1.444938690718767
0.2246917173220832,-0.1095704067840216,0.7211920429135376,-2.3465409444721903,1.4793222180963852,-1.44312669485903
0.223869849697107,-0.1066247391890351,0.7208200138776119,-2.34477305361839,1.4799284887393118,-1.4412644979350804
0.2230396798351321,-0.1036970995816408,0.7204240677699006,-2.342983961331172,1.4805958340836214,-1.4393509790155827
0.2222007052357784,-0.1007880297638515,0.720003981778139,-2.3411719870455623,1.4813257402143911,-1.437384947122969
0.2213525189052101,-0.097898103738907,0.7195596605199979,-2.3393351186158635,1.4821197496791605,-1.4353651594331294
0.2204947774216958,-0.0950279133962168,0.7190911016213751,-2.3374710942729773,1.4829794289774367,-1.4332903455401858
0.219623743581045,-0.0921669170487274,0.7185963758652997,-2.335570012976742,1.4839100999033,-1.4311507671133403
0.2187458987304891,-0.089338045334232,0.7180794093263888,-2.3336442614602584,1.484905992485969,-1.4289619026766198
0.2178574950693277,-0.0865306248543151,0.7175383449764138,-2.331684084912552,1.485972003695958,-1.4267143451844264
0.2169580943623716,-0.0837451456999459,0.7169731383659899,-2.329687274389149,1.4871093809839264,-1.4244070440861567
0.2160471598627886,-0.0809820284200496,0.7163836386820743,-2.327651901087172,1.4883191808382608,-1.422039096018852
0.2151240389211868,-0.0782416090130426,0.7157695636781145,-2.3255764007083606,1.4896022287060902,-1.4196097792185214
0.2141879548323186,-0.0755241265116697,0.715130485730316,-2.3234596354566786,1.4909590845456655,-1.4171185835432007
0.2132380089835766,-0.0728297137860622,0.714465830730094,-2.32130092848792,1.4923900157959231,-1.4145652342931918
0.2122731935401511,-0.0701583919807218,0.7137748907079156,-2.319100067327154,1.4938949794313532,-1.411949708250108
0.2112924142000483,-0.0675100686810775,0.7130568499573299,-2.316857275138247,1.495473613395595,-1.409272241238172
0.2102905734398639,-0.0648742880044724,0.712307842131287,-2.3145641132387214,1.4971318568680667,-1.4065224661196534
0.2092743292586771,-0.0622713300651916,0.7115328115647164,-2.3122393872945324,1.4988557628756698,-1.403722609910982
0.2082386649168568,-0.0596904444697166,0.710728020748556,-2.3098752861818053,1.5006503865295833,-1.4008630243155806
0.2071825153195929,-0.0571311323557666,0.7098927001087174,-2.3074729297847147,1.5025141806581284,-1.397944889291536
0.2061049317759484,-0.0545928166522068,0.709026238064065,-2.305033362185375,1.5044453572680805,-1.3949695643902713
0.205005122237631,-0.0520748527317986,0.7081282378834536,-2.30255742533458,1.5064419141433747,-1.3919385602008605
0.2038824848725395,-0.0495765384659065,0.7071985664253327,-2.3000456453515588,1.5085016606268704,-1.3888535098184531
0.2027366338818199,-0.0470971225180654,0.7062373931236378,-2.297498138694556,1.5106222387156578,-1.385716143872629
0.2015674159100224,-0.0446358106714117,0.705245216291981,-2.2949145444296013,1.5128011391856997,-1.3825282698509975
0.2003749169564879,-0.0421917698988589,0.7042228761142211,-2.292293985776133,1.5150357115750923,-1.3792917570814425
0.1991594602167998,-0.0397641300240661,0.70317155440732,-2.2896350620387267,1.5173231676164842,-1.3760085281284762
0.1979166983228464,-0.0373425535667088,0.7020884797679592,-2.2869252015116306,1.5196698403686784,-1.3726674193171002
0.1966571039147728,-0.0349450099590477,0.7009839375842807,-2.2841832023449578,1.5220543138738858,-1.3692965639658297
0.1953768171087264,-0.0325610236353652,0.699855844608058,-2.281395795983008,1.5244824340159604,-1.365885077839386
0.1940769559319863,-0.0301895666613406,0.6987065371564313,-2.278559890982528,1.5269508190093446,-1.3624351019070473
0.1927587828848966,-0.0278295699169078,0.6975385580075534,-2.275672138189397,1.5294559276023325,-1.358948840838271
0.191423684465031,-0.0254799263659064,0.6963546230463679,-2.2727289909333845,1.5319940642952878,-1.3554285606669496
0.1900731544477942,-0.0231394974094761,0.6951575931786805,-2.269726747616033,1.5345613925950163,-1.351876580186832
0.1887087815116119,-0.0208071230035304,0.6939504530410475,-2.2666615705807205,1.5371539578033973,-1.348295254171206
0.1873322407602393,-0.0184816356815668,0.6927362965758396,-2.2635294790454745,1.5397677199885265,-1.3446869475267351
0.1859452888741712,-0.0161618771291407,0.6915183201855801,-2.260326317293601,1.542398593237221,-1.3410540030527225
0.1845442728346717,-0.0138376457499221,0.6902950441817863,-2.25703469232809,1.5450528803233918,-1.3373843268387935
0.1831420507442847,-0.0115260121322801,0.689079429267035,-2.25367564111433,1.5477057891535513,-1.3337087780068726
0.1817351347560629,-0.0092168679535928,0.6878701803481118,-2.250231458294388,1.550363707364509,-1.3300151112912255
0.1803255405464374,-0.0069092647979031,0.6866708599650568,-2.246696788468914,1.5530227853343783,-1.326305216172862
0.1789153038608151,-0.0046023322373996,0.6854850803321784,-2.243065931325807,1.5556792968398996,-1.3225808107783812
0.1775064453828101,-0.0022952697548695,0.6843164614521187,-2.239332917552512,1.558329621110235,-1.318843457674999
0.1761009231989738,1.2667875920011018e-05,0.6831685661582543,-2.235491647183148,1.56097021295004,-1.315094593648534
0.1747005788204145,0.0023222004368753,0.6820448201893189,-2.231536106674613,1.5635975370007764,-1.3113355936408135
0.1733070754058518,0.0046340584480841,0.6809484110616022,-2.2274606527495804,1.5662079924916463,-1.307567849038092
0.1719218367543777,0.0069490302139407,0.6798821779937735,-2.2232603593809674,1.5687978149105437,-1.3037928712444502
0.1705406136180951,0.0092771150268331,0.6788445067883584,-2.2189141712943794,1.5713729824537352,-1.2999975691046897
0.1691749807398326,0.0116011819781414,0.6778453008031978,-2.2144537195240552,1.5739089791943688,-1.2962136864505414
0.1678199299337315,0.0139315732510484,0.6768815506738317,-2.209861847371205,1.5764110999147036,-1.2924289404427047
0.1664754855689523,0.0162697794981845,0.675953612633228,-2.205140302693468,1.578874057616107,-1.2886463843798772
0.1651413092038076,0.0186175384472703,0.6750610555427252,-2.200293200513252,1.5812921011091026,-1.2848696250869265
0.1638167477905829,0.0209768231545168,0.6742026773778522,-2.195327038147516,1.5836590812585682,-1.2811027997031348
0.162500910639862,0.0233498031977357,0.6733765825854675,-2.1902505013050955,1.5859685764502038,-1.2773504896348598
0.1611927689000827,0.0257387780357188,0.6725803211222255,-2.1850740397339994,1.588214075834708,-1.2736175673134211
0.1598912672711372,0.0281460810406672,0.671811084164023,-2.1798091974414056,1.5903892210901729,-1.2699089697338837
0.1585954362476616,0.0305739705727829,0.6710659438764236,-2.1744677619305377,1.5924880612841137,-1.2662294345635972
0.1573044880964282,0.0330245152123909,0.6703421118420396,-2.1690607936322985,1.594505304298308,-1.2625832139128308
0.1560128429118059,0.0355092471103519,0.6696344512527206,-2.163576140501741,1.5964439226213103,-1.258959729863382
0.1547303161229207,0.0380101726965867,0.6689466545616293,-2.158063549013717,1.5982853134719512,-1.2553898514344743
0.1534518186795674,0.0405379775338431,0.6682747708521626,-2.1525055932682906,1.6000347523825753,-1.2518608697989884
0.1521774801150328,0.0430933335788492,0.6676183170687662,-2.146903119060196,1.6016906278049126,-1.2483733156918606
0.15090749243336,0.0456766487424747,0.666977350186205,-2.141254377127043,1.6032519202091762,-1.2449269419346267
0.1496419961002264,0.0482882048872698,0.6663522267602293,-2.135555965376239,1.6047178492027383,-1.241521066662192
0.1483809754367275,0.0509283131818674,0.6657432785273458,-2.1298041354549984,1.6060875064769615,-1.2381549890600887
0.1471241977497619,0.0535974812093523,0.6651504682780205,-2.123996330690853,1.6073594788310228,-1.234828463561654
0.1458711982738909,0.0562965327748063,0.6645730645990393,-2.11813264449971,1.608531610682766,-1.2315420896076985
0.1446213278669963,0.0590266698395316,0.6640094158718264,-2.112216947501496,1.6096009132923637,-1.228297575745429
0.1433689604545531,0.061800345332792,0.6634547202756862,-2.1062339404618826,1.6105672504645192,-1.2250853251949465
0.1421231704625782,0.0645976702437208,0.6629097439756645,-2.100242468778979,1.6114190048829338,-1.2219342228000185
0.1408785022596177,0.0674312170804617,0.6623681411669142,-2.0942339672988743,1.612156223738015,-1.218835864288181
0.1396345935031711,0.0703025435305205,0.661825586034227,-2.088223624400156,1.6127757213927,-1.215794195049965
0.1383912537467178,0.0732127184022138,0.6612781002926913,-2.082224469391668,1.6132755859052237,-1.212812101313754
0.1371483645316631,0.0761621915811312,0.6607224985351181,-2.0762450852778933,1.6136553940268863,-1.209890853539503
0.1359057031825479,0.0791507685307987,0.6601565866049072,-2.070288232811287,1.6139161934301325,-1.207029819300201
0.1346628407291046,0.0821778528271532,0.6595790046511045,-2.0643517812483227,1.61405985418159,-1.2042269754828236
0.1334191988816553,0.0852428613198625,0.6589885988425057,-2.058432373928397,1.6140880838113558,-1.201480149301283
0.1321744061992704,0.0883457444593397,0.6583834242504711,-2.0525317957461944,1.6140012757396327,-1.19878893358182
0.1309241204279658,0.0914998383581736,0.6577571904757239,-2.046641797889448,1.6137965539889685,-1.196146635147722
0.1296804552742809,0.0946825263710015,0.6571084456869388,-2.040842093177113,1.6134713978678024,-1.1935827394616545
0.1284432620374562,0.0979086382722513,0.6564263513366287,-2.0351616928429577,1.6130202098719544,-1.191100308469462
0.1272191527869695,0.1011800352328922,0.6557023539044071,-2.029658977956089,1.6124400470895337,-1.1887134893363565
0.1260140762955712,0.1044960331862914,0.65493163127448,-2.024370711336278,1.6117339178952577,-1.1864290662112649
0.124828226650089,0.1078515819904375,0.6541180073884519,-2.019270417131229,1.6109142640756302,-1.1842353286673688
0.1236499661850507,0.1112370751926865,0.6532776788355343,-2.014231000747514,1.6100022377439196,-1.1820936992650797
0.122454700990362,0.1146424977735807,0.6524364943959463,-2.00903998947711,1.6090167433139089,-1.1799472145159111
0.1212237642348108,0.1180695440119529,0.651610861866829,-2.0035704015403084,1.6079459413251798,-1.1777736370845024
0.1200188219976265,0.1215566604585178,0.6507579775409922,-1.9983106924474583,1.6066924183810407,-1.1757370372680327
0.1191724128919546,0.1252519933575472,0.6496643508462809,-1.995598881079732,1.6049673898226264,-1.1745244162012525
0.11832600378628269,0.12894732625657657,0.6485707241515697,-1.9928870697120058,1.6032423612642122,-1.1733117951344723
0.11747959468061078,0.13264265915560597,0.6474770974568584,-1.9901752583442796,1.6015173327057979,-1.172099174067692
0.11663318557493887,0.13633799205463534,0.6463834707621472,-1.9874634469765533,1.5997923041473836,-1.1708865530009118
0.11578677646926697,0.14003332495366475,0.645289844067436,-1.984751635608827,1.5980672755889693,-1.1696739319341316
0.11494036736359506,0.14372865785269412,0.6441962173727247,-1.9820398242411008,1.596342247030555,-1.1684613108673514
0.11409395825792315,0.14742399075172352,0.6431025906780135,-1.9793280128733746,1.5946172184721408,-1.1672486898005712
0.11324754915225124,0.1511193236507529,0.6420089639833022,-1.9766162015056483,1.5928921899137265,-1.166036068733791
0.11240114004657933,0.1548146565497823,0.640915337288591,-1.973904390137922,1.5911671613553122,-1.1648234476670107
0.11155473094090743,0.15850998944881167,0.6398217105938797,-1.9711925787701958,1.589442132796898,-1.1636108266002305
0.11070832183523552,0.16220532234784107,0.6387280838991685,-1.9684807674024696,1.5877171042384837,-1.1623982055334503
0.10986191272956361,0.16590065524687045,0.6376344572044572,-1.9657689560347433,1.5859920756800694,-1.16118558446667
0.1090155036238917,0.16959598814589985,0.636540830509746,-1.963057144667017,1.5842670471216551,-1.1599729633998899
0.1081690945182198,0.17329132104492923,0.6354472038150347,-1.9603453332992908,1.5825420185632408,-1.1587603423331096
0.10732268541254789,0.17698665394395863,0.6343535771203235,-1.9576335219315646,1.5808169900048266,-1.1575477212663294
0.10647627630687598,0.180681986842988,0.6332599504256122,-1.9549217105638383,1.5790919614464123,-1.1563351001995492
0.10562986720120407,0.1843773197420174,0.632166323730901,-1.952209899196112,1.577366932887998,-1.155122479132769
0.10478345809553216,0.18807265264104678,0.6310726970361897,-1.9494980878283859,1.5756419043295837,-1.1539098580659888
0.10393704898986025,0.19176798554007618,0.6299790703414785,-1.9467862764606596,1.5739168757711695,-1.1526972369992086
0.10309063988418835,0.19546331843910555,0.6288854436467672,-1.9440744650929334,1.5721918472127552,-1.1514846159324283
0.10224423077851644,0.19915865133813493,0.627791816952056,-1.941362653725207,1.570466818654341,-1.1502719948656481
0.10139782167284453,0.20285398423716433,0.6266981902573447,-1.9386508423574809,1.5687417900959266,-1.149059373798868
0.10055141256717262,0.20654931713619373,0.6256045635626335,-1.9359390309897546,1.5670167615375123,-1.1478467527320877
0.09970500346150071,0.2102446500352231,0.6245109368679223,-1.9332272196220284,1.565291732979098,-1.1466341316653075
0.0988585943558288,0.21393998293425248,0.623417310173211,-1.9305154082543021,1.5635667044206838,-1.1454215105985273
0.0980121852501569,0.21763531583328188,0.6223236834784998,-1.9278035968865759,1.5618416758622695,-1.144208889531747
0.09716577614448499,0.22133064873231129,0.6212300567837885,-1.9250917855188496,1.5601166473038552,-1.1429962684649668
0.09631936703881308,0.22502598163134066,0.6201364300890773,-1.9223799741511234,1.558391618745441,-1.1417836473981866
0.09547295793314117,0.22872131453037003,0.619042803394366,-1.9196681627833971,1.5566665901870267,-1.1405710263314064
0.09462654882746926,0.23241664742939944,0.6179491766996548,-1.916956351415671,1.5549415616286124,-1.1393584052646262
0.09378013972179736,0.23611198032842884,0.6168555500049435,-1.9142445400479446,1.5532165330701981,-1.138145784197846
0.09293373061612545,0.2398073132274582,0.6157619233102323,-1.9115327286802184,1.5514915045117839,-1.1369331631310657
0.09208732151045354,0.2435026461264876,0.614668296615521,-1.9088209173124921,1.5497664759533696,-1.1357205420642855
0.09124091240478163,0.247197979025517,0.6135746699208098,-1.906109105944766,1.5480414473949553,-1.1345079209975053
0.09039450329910972,0.25089331192454634,0.6124810432260985,-1.9033972945770397,1.546316418836541,-1.133295299930725
0.08954809419343782,0.2545886448235758,0.6113874165313873,-1.9006854832093134,1.5445913902781268,-1.1320826788639449
0.08870168508776591,0.25828397772260514,0.610293789836676,-1.8979736718415872,1.5428663617197125,-1.1308700577971647
0.087855275982094,0.26197931062163454,0.6092001631419648,-1.895261860473861,1.5411413331612982,-1.1296574367303844
0.08700886687642209,0.26567464352066394,0.6081065364472535,-1.8925500491061347,1.539416304602884,-1.1284448156636042
0.08616245777075018,0.2693699764196933,0.6070129097525423,-1.8898382377384084,1.5376912760444696,-1.127232194596824
0.08531604866507828,0.2730653093187227,0.605919283057831,-1.8871264263706822,1.5359662474860554,-1.1260195735300438
0.08446963955940637,0.2767606422177521,0.6048256563631198,-1.884414615002956,1.534241218927641,-1.1248069524632636
0.08362323045373446,0.28045597511678144,0.6037320296684086,-1.8817028036352297,1.5325161903692268,-1.1235943313964833
0.08277682134806255,0.2841513080158109,0.6026384029736973,-1.8789909922675034,1.5307911618108125,-1.1223817103297031
0.08193041224239064,0.28784664091484025,0.6015447762789861,-1.8762791808997772,1.5290661332523983,-1.121169089262923
0.08108400313671874,0.29154197381386965,0.6004511495842748,-1.873567369532051,1.527341104693984,-1.1199564681961427
0.08023759403104683,0.29523730671289905,0.5993575228895636,-1.8708555581643247,1.5256160761355697,-1.1187438471293625
0.07939118492537492,0.2989326396119284,0.5982638961948523,-1.8681437467965984,1.5238910475771554,-1.1175312260625823
0.07854477581970301,0.3026279725109578,0.5971702695001411,-1.8654319354288722,1.5221660190187412,-1.116318604995802
0.0776983667140311,0.3063233054099872,0.5960766428054298,-1.862720124061146,1.5204409904603269,-1.1151059839290218
0.0768519576083592,0.31001863830901655,0.5949830161107186,-1.8600083126934197,1.5187159619019126,-1.1138933628622416
0.07600554850268729,0.313713971208046,0.5938893894160073,-1.8572965013256935,1.5169909333434983,-1.1126807417954614
0.07515913939701538,0.31740930410707535,0.5927957627212961,-1.8545846899579672,1.515265904785084,-1.1114681207286812
0.07431273029134347,0.32110463700610475,0.5917021360265848,-1.851872878590241,1.5135408762266698,-1.110255499661901
0.07346632118567156,0.32479996990513416,0.5906085093318736,-1.8491610672225147,1.5118158476682555,-1.1090428785951207
0.07261991207999965,0.3284953028041635,0.5895148826371623,-1.8464492558547885,1.5100908191098412,-1.1078302575283405
0.07177350297432775,0.3321906357031929,0.5884212559424511,-1.8437374444870622,1.508365790551427,-1.1066176364615603
0.07092709386865584,0.3358859686022223,0.5873276292477398,-1.841025633119336,1.5066407619930127,-1.10540501539478
0.07008068476298393,0.33958130150125165,0.5862340025530286,-1.8383138217516097,1.5049157334345984,-1.1041923943279999
0.06923427565731202,0.3432766344002811,0.5851403758583174,-1.8356020103838835,1.5031907048761841,-1.1029797732612197
0.06838786655164011,0.34697196729931046,0.5840467491636061,-1.8328901990161572,1.5014656763177698,-1.1017671521944394
0.0675414574459682,0.35066730019833986,0.5829531224688949,-1.830178387648431,1.4997406477593556,-1.1005545311276592
0.0666950483402963,0.35436263309736926,0.5818594957741836,-1.8274665762807047,1.4980156192009413,-1.099341910060879
0.06584863923462439,0.3580579659963986,0.5807658690794724,-1.8247547649129785,1.496290590642527,-1.0981292889940988
0.06500223012895248,0.361753298895428,0.5796722423847611,-1.8220429535452523,1.4945655620841127,-1.0969166679273186
0.06415582102328057,0.3654486317944574,0.5785786156900499,-1.819331142177526,1.4928405335256985,-1.0957040468605383
0.06330941191760867,0.36914396469348676,0.5774849889953386,-1.8166193308097998,1.4911155049672842,-1.0944914257937581
0.06246300281193676,0.37283929759251616,0.5763913623006274,-1.8139075194420735,1.48939047640887,-1.093278804726978
0.06161659370626485,0.37653463049154556,0.5752977356059161,-1.8111957080743473,1.4876654478504556,-1.0920661836601977
0.06077018460059294,0.3802299633905749,0.5742041089112049,-1.808483896706621,1.4859404192920413,-1.0908535625934175
0.05992377549492103,0.38392529628960437,0.5731104822164936,-1.8057720853388948,1.484215390733627,-1.0896409415266373
0.059077366389249125,0.3876206291886337,0.5720168555217824,-1.8030602739711685,1.4824903621752128,-1.088428320459857
0.05823095728357722,0.39131596208766306,0.5709232288270711,-1.8003484626034423,1.4807653336167985,-1.0872156993930768
0.05738454817790531,0.3950112949866925,0.5698296021323599,-1.797636651235716,1.4790403050583842,-1.0860030783262966
0.0565381390722334,0.39870662788572186,0.5687359754376486,-1.7949248398679898,1.47731527649997,-1.0847904572595164
0.05569172996656149,0.4024019607847513,0.5676423487429374,-1.7922130285002635,1.4755902479415557,-1.0835778361927362
0.054845320860889585,0.40609729368378067,0.5665487220482261,-1.7895012171325373,1.4738652193831414,-1.082365215125956
0.05399891175521768,0.40979262658281,0.5654550953535149,-1.786789405764811,1.4721401908247271,-1.0811525940591757
0.05315250264954577,0.4134879594818395,0.5643614686588037,-1.7840775943970848,1.4704151622663129,-1.0799399729923955
0.05230609354387386,0.4171832923808688,0.5632678419640924,-1.7813657830293586,1.4686901337078986,-1.0787273519256153
0.05145968443820195,0.42087862527989817,0.5621742152693812,-1.7786539716616323,1.4669651051494843,-1.077514730858835
0.050613275332530044,0.4245739581789276,0.5610805885746699,-1.775942160293906,1.46524007659107,-1.0763021097920549
0.049766866226858136,0.42826929107795697,0.5599869618799587,-1.7732303489261798,1.4635150480326558,-1.0750894887252747
0.04892045712118623,0.43196462397698643,0.5588933351852474,-1.7705185375584536,1.4617900194742415,-1.0738768676584944
0.04807404801551432,0.4356599568760158,0.5577997084905362,-1.7678067261907273,1.4600649909158272,-1.0726642465917142
0.04722763890984241,0.4393552897750451,0.5567060817958249,-1.765094914823001,1.458339962357413,-1.071451625524934
0.046381229804170504,0.4430506226740746,0.5556124551011137,-1.7623831034552748,1.4566149337989986,-1.0702390044581538
0.045534820698498596,0.4467459555731039,0.5545188284064024,-1.7596712920875486,1.4548899052405844,-1.0690263833913736
0.04468841159282669,0.45044128847213327,0.5534252017116912,-1.7569594807198223,1.45316487668217,-1.0678137623245934
0.04384200248715478,0.45413662137116273,0.5523315750169799,-1.754247669352096,1.4514398481237558,-1.0666011412578131
0.04299559338148287,0.4578319542701921,0.5512379483222687,-1.7515358579843698,1.4497148195653415,-1.065388520191033
0.042149184275810964,0.46152728716922153,0.5501443216275574,-1.7488240466166436,1.4479897910069273,-1.0641758991242527
0.041302775170139056,0.4652226200682509,0.5490506949328462,-1.7461122352489173,1.446264762448513,-1.0629632780574725
0.04045636606446715,0.4689179529672802,0.547957068238135,-1.743400423881191,1.4445397338900987,-1.0617506569906923
0.03960995695879524,0.4726132858663097,0.5468634415434237,-1.7406886125134649,1.4428147053316844,-1.060538035923912
0.03876354785312333,0.47630861876533903,0.5457698148487125,-1.7379768011457386,1.4410896767732702,-1.0593254148571318
0.03791713874745142,0.4800039516643684,0.5446761881540012,-1.7352649897780124,1.4393646482148559,-1.0581127937903516
0.037070729641779515,0.48369928456339784,0.54358256145929,-1.732553178410286,1.4376396196564416,-1.0569001727235714
0.03622432053610761,0.4873946174624272,0.5424889347645787,-1.7298413670425599,1.4359145910980273,-1.0556875516567912
0.0353779114304357,0.49108995036145653,0.5413953080698675,-1.7271295556748336,1.434189562539613,-1.054474930590011
0.03453150232476379,0.494785283260486,0.5403016813751562,-1.7244177443071074,1.4324645339811988,-1.0532623095232307
